"gene"	"meanVal"	"log2FC"	"pval"	"padj"
"ENSG00000128564"	2542.98134606231	1.37728799149977	7.5483726897663e-07	4.37860779185106e-05
"ENSG00000274767"	29.449970741775	1.27135974812688	2.71535173020797e-08	6.31612828811755e-06
"ENSG00000240764"	167.840169633224	1.21385433143977	1.22516336595301e-06	5.87270262123252e-05
"ENSG00000157005"	305.250843566246	1.18499299787882	7.06564624938373e-06	0.000162561511764696
"ENSG00000183090"	45.8409379552313	1.16373699964087	8.99934851940988e-07	4.88661785692752e-05
"ENSG00000186212"	97.9137068191027	1.1238944038701	2.64590477649093e-05	0.000351690802453578
"ENSG00000136099"	671.441153022019	1.08780730778736	2.4776188418901e-06	8.84797782685775e-05
"ENSG00000233123"	169.650633944446	1.08157232161512	6.84113520425052e-08	1.20159653337514e-05
"ENSG00000180720"	63.7612253183503	1.03991058590978	1.26840948376225e-05	0.000225340194788338
"ENSG00000054277"	71.438520695241	1.03965856290131	1.04421464765167e-06	5.36539305373976e-05
"ENSG00000054803"	354.073912094559	1.03270498572924	1.10834549739989e-07	1.65895226493428e-05
"ENSG00000175426"	587.666457569454	1.03196114053996	7.41603990721809e-08	1.27652294922945e-05
"ENSG00000180440"	133.685866379002	1.02355148914397	5.31487051806682e-07	3.71797091328571e-05
"ENSG00000125084"	28.2922224897962	1.02191609773875	0.000124575146333595	0.00101535968314114
"ENSG00000101438"	260.018110648064	1.01416467860318	1.03734086064903e-05	0.000202675916394459
"ENSG00000186081"	40.919613522838	1.01295207834777	0.000113217146243243	0.000952030648893473
"ENSG00000248738"	48.3903222420138	0.946521010437158	2.68989680142094e-06	9.22334534718298e-05
"ENSG00000255916"	136.903744291664	0.935311816938253	1.24824844195009e-07	1.7327500347812e-05
"ENSG00000243232"	64.9143952775434	0.93223925466416	8.07039340063093e-05	0.000748468112096229
"ENSG00000166111"	1575.26367522714	0.919118041192422	3.52801722651697e-07	2.99151529655353e-05
"ENSG00000112812"	62.4687980927424	0.916533464293809	1.45566546927818e-08	4.04134995527183e-06
"ENSG00000261553"	35.5473852497492	0.913824422420836	3.47716853061938e-05	0.00042012760333932
"ENSG00000107165"	22.2202775241594	0.905867750854502	6.61790718952351e-06	0.000156906386299268
"ENSG00000118733"	386.490216832209	0.905468912255066	4.09811138255464e-07	3.17751311837446e-05
"ENSG00000181195"	31.3295304463482	0.90521796284344	6.83158482536041e-05	0.000663949178502634
"ENSG00000178031"	24.7668942542415	0.90214262028322	1.60774911560602e-06	6.69307014731418e-05
"ENSG00000180044"	234.634536006191	0.899675479193693	4.60678233096527e-07	3.40328516149807e-05
"ENSG00000113327"	1446.73054766886	0.897633023560852	8.71921938196716e-07	4.8103821545449e-05
"ENSG00000168081"	28.0906607950783	0.896570280013494	2.42353558323226e-05	0.000333463772935067
"ENSG00000204179"	62.7706262509105	0.885137064944818	1.71583157390209e-06	6.93930092327022e-05
"ENSG00000104490"	2117.88634150924	0.880481128771545	3.76271168256098e-08	8.09594452399026e-06
"ENSG00000136750"	656.234609797972	0.86550424176601	4.83306694244428e-05	0.000523457671420182
"ENSG00000256193"	202.474453705971	0.863084861892822	1.16433011206408e-05	0.000214808298166763
"ENSG00000171004"	124.338838392936	0.860518373425503	1.13287636415629e-07	1.66668383386515e-05
"ENSG00000205710"	27.8790860080882	0.855538729494433	1.44127224146541e-05	0.000242508495526335
"ENSG00000268182"	81.8508923515718	0.855014913412823	5.97205600779771e-06	0.000147909352607514
"ENSG00000089199"	2120.56292786155	0.848531643811102	2.79416521962068e-06	9.397598304831e-05
"ENSG00000143473"	102.023172174126	0.844431265591202	7.49211131057345e-06	0.000166695623466659
"ENSG00000164600"	454.965541648801	0.839653462789914	3.32106446205451e-06	0.000101899255945355
"ENSG00000135824"	69.1211723910168	0.836786757837236	1.40179946115364e-06	6.30061951827823e-05
"ENSG00000276085"	29.4027476091027	0.83666101833643	4.36209769847987e-05	0.000489151711295987
"ENSG00000246363"	27.8366705167647	0.836394464104487	3.97124541792412e-06	0.000114500916882291
"ENSG00000130368"	139.465776747206	0.82977470164934	1.2491180477604e-06	5.89070382358897e-05
"ENSG00000276462"	224.101537424063	0.820080743727248	1.24418077233738e-05	0.000222852066953625
"ENSG00000197322"	54.8823026584772	0.818933219398362	2.36032298776089e-05	0.000327119481387506
"ENSG00000086717"	59.8937988694442	0.818226419977676	1.66708542378618e-05	0.000263899191452018
"ENSG00000105976"	182.596948460078	0.814473685646459	5.84777989648138e-07	3.88428918508741e-05
"ENSG00000006128"	149.431776890566	0.804073426353939	0.000105271246147025	0.000902856980532506
"ENSG00000250770"	24.5523388827635	0.802048348100773	4.75139010286943e-05	0.000519180516805162
"ENSG00000117600"	569.411514660295	0.799891021949618	1.64679183410295e-06	6.76520950845204e-05
"ENSG00000171873"	80.5619788794021	0.794989988007804	1.48122527956262e-05	0.000247051201096994
"ENSG00000145242"	203.799373459402	0.788458360246987	2.35773175282741e-06	8.59822810623267e-05
"ENSG00000174460"	295.070042436965	0.788043308066602	3.16938102487128e-05	0.000397306947381067
"ENSG00000177432"	2004.81498389352	0.787816752327991	5.93762650762894e-07	3.88609753139988e-05
"ENSG00000152034"	102.380031985345	0.786592733979048	3.73449352061704e-07	3.02433000493043e-05
"ENSG00000041353"	257.110849352515	0.784110920959422	3.2610988583492e-06	0.000100959163037347
"ENSG00000104327"	191.002581578268	0.78148620729499	8.86174630678321e-06	0.000185568417492286
"ENSG00000165023"	1729.68235081173	0.779565759420299	3.45191865261435e-06	0.000104059327088355
"ENSG00000153820"	193.876707872474	0.778840571645243	1.45041773215173e-06	6.36888786314484e-05
"ENSG00000157219"	192.187855748976	0.778425057791225	2.68425800864016e-05	0.000354870453937965
"ENSG00000050628"	31.3455908681836	0.776863579547779	0.00145383775838039	0.00622200629910534
"ENSG00000165973"	258.151391952712	0.775837573645879	3.40085330889467e-06	0.000103425597183752
"ENSG00000185742"	808.403878550421	0.774503207898189	2.46749549520376e-07	2.49512388745954e-05
"ENSG00000128683"	1250.69075259805	0.767322448726328	4.18246868365972e-05	0.00047614307838515
"ENSG00000119973"	25.59901013071	0.766135790993794	8.23703465577164e-06	0.000177230096912247
"ENSG00000149269"	3042.44701643747	0.759845776154342	3.44289254910596e-06	0.000103987067745169
"ENSG00000160716"	478.820146431761	0.758949599865439	7.35781602082237e-06	0.000165648094623144
"ENSG00000198513"	703.418286593043	0.75884746917303	1.18778986551511e-06	5.79190565300612e-05
"ENSG00000146242"	292.315830314451	0.755556754485908	4.94590937720504e-07	3.57705622310212e-05
"ENSG00000280776"	38.8498719341589	0.755281875617868	7.47149270967325e-06	0.000166695623466659
"ENSG00000164588"	639.542839227483	0.755137600067298	2.58487591842061e-06	9.098868953737e-05
"ENSG00000256422"	36.2545064031565	0.753993753160833	2.39800028044829e-06	8.72659171825718e-05
"ENSG00000169116"	1048.50381414721	0.751614955243312	1.02355207424502e-05	0.000201123308835383
"ENSG00000220575"	133.493871123206	0.751337055230409	1.83134854678275e-06	7.28013915375786e-05
"ENSG00000168824"	1171.14973567448	0.751058982429468	3.10670770356914e-06	9.8301028863117e-05
"ENSG00000117152"	4033.2006740862	0.748718681885667	4.87591588307964e-07	3.54991395343616e-05
"ENSG00000137727"	182.676524034173	0.748107594137577	1.48714206080629e-06	6.45154307951672e-05
"ENSG00000132639"	27705.050918519	0.74794132363139	1.2782299767608e-05	0.000225885303428629
"ENSG00000112186"	2126.42791920456	0.740317533810259	1.60919069085162e-06	6.69307014731418e-05
"ENSG00000181072"	36.1429988876202	0.739047443941154	1.40700665146207e-06	6.30061951827823e-05
"ENSG00000072201"	358.831701037502	0.736947371723175	2.70864837365835e-05	0.000357180430445236
"ENSG00000139970"	8202.86355776086	0.736654811408063	3.92804529402547e-06	0.000113827346205489
"ENSG00000133083"	3313.2287698563	0.734066309947885	3.28343856119185e-06	0.000101286430024723
"ENSG00000146469"	136.868259660972	0.73348788372426	9.05497211845729e-06	0.000187503604236563
"ENSG00000165985"	172.076195732555	0.733007115488649	0.000242801509019389	0.0016441158043866
"ENSG00000145248"	39.2596170292508	0.729760686621394	3.73470161840402e-06	0.000109515194135585
"ENSG00000204396"	258.223598119781	0.728996713992155	2.92118052212353e-06	9.54122966362663e-05
"ENSG00000147676"	534.170453865068	0.724722915836519	1.98284706975939e-07	2.16814421566701e-05
"ENSG00000171951"	1476.79900821398	0.723441892719675	1.61234061874845e-05	0.000259618513288279
"ENSG00000175175"	275.564751718746	0.72248920715932	3.58252515303939e-07	2.99557893755622e-05
"ENSG00000170786"	102.211320140062	0.721919552181647	2.97910501980439e-07	2.72762418648367e-05
"ENSG00000003137"	298.427659138925	0.721889972332155	9.49625499723264e-06	0.000192531257087592
"ENSG00000151025"	667.906199736974	0.721721854455775	1.47367881869788e-06	6.438181092956e-05
"ENSG00000152932"	1437.95821894439	0.720827548067052	5.24266926515294e-06	0.000136454781767939
"ENSG00000230882"	24.3022923735447	0.715297311925647	0.000385736637300188	0.00230224852213874
"ENSG00000073969"	3801.59228936101	0.715224905605626	4.09135392384178e-06	0.000116020552044627
"ENSG00000166863"	127.896367838019	0.712387649496259	3.92397793502268e-05	0.000454841280464447
"ENSG00000103316"	1945.78509712632	0.712283580130668	0.000161071218869643	0.00122352996046035
"ENSG00000143869"	88.0287681626968	0.710067900083981	4.23387026421555e-07	3.23900483813076e-05
"ENSG00000115353"	40.7734737322449	0.709487269522082	1.08636841725445e-05	0.000207543391411775
"ENSG00000165606"	32.6139669171789	0.708953310651152	5.98146816635236e-05	0.000605405755435004
"ENSG00000157064"	2357.16063767976	0.708792263801775	4.3948452125716e-06	0.000120076937530151
"ENSG00000141433"	235.678227363716	0.707000910406168	0.000250874702357554	0.00168092886402514
"ENSG00000122012"	310.279114443731	0.706713902860016	0.00010136357551354	0.000876936514862595
"ENSG00000139725"	42.658762020609	0.706611211949813	0.000248031888635889	0.00166837549788572
"ENSG00000163032"	11135.2766310531	0.705153903358709	4.34852202640864e-05	0.000488265555385335
"ENSG00000156097"	114.258998113484	0.704476245464294	2.75609020796652e-06	9.33869699797789e-05
"ENSG00000111863"	58.4588881542828	0.703757637828506	1.88983227489547e-05	0.000285516885388966
"ENSG00000143153"	9588.56917137497	0.700853146443444	1.19066899815388e-05	0.000217338127945098
"ENSG00000055813"	98.5454415115241	0.700701847071083	0.00103718544328986	0.00484742683555482
"ENSG00000171617"	9062.83540661417	0.700524226624344	1.6654205120367e-05	0.000263899191452018
"ENSG00000144152"	278.62087557524	0.700507198453177	3.30503663410705e-05	0.000407518593000606
"ENSG00000183036"	578.53980553009	0.700071733348593	8.08314387821207e-07	4.57681432814685e-05
"ENSG00000232903"	32.4962180451771	0.698809524310321	0.000163284254976907	0.00123757309320439
"ENSG00000110675"	1046.98299517723	0.698036893600388	3.23085901860594e-07	2.82924467889025e-05
"ENSG00000058335"	1684.09681650938	0.697614307626685	1.46792030939266e-06	6.42934154849258e-05
"ENSG00000112972"	791.793811106881	0.697057632336496	3.29193627903664e-06	0.000101366903704933
"ENSG00000162188"	86.2998926851616	0.695045596788212	6.06374311244658e-05	0.00061012812846581
"ENSG00000164100"	242.34891584426	0.691937959448813	2.82643410134111e-06	9.42540712388523e-05
"ENSG00000250584"	26.1347368175283	0.690354478132771	8.37660222404236e-05	0.000768584510034334
"ENSG00000140795"	45.6844280207822	0.690048893623512	0.000200506246156873	0.00143386539887754
"ENSG00000014641"	5873.23020204958	0.689949121966342	4.62633971439904e-06	0.000123846322712209
"ENSG00000158748"	33.5345919597026	0.689911955054931	0.000305278939669838	0.0019483746342369
"ENSG00000159248"	50.9233991704217	0.688819013023747	0.000145391962948198	0.00114119099782368
"ENSG00000234614"	31.4166365953674	0.68879623192556	3.30456585765605e-05	0.000407518593000606
"ENSG00000105649"	4534.99374988692	0.687923741218664	0.000111711803858447	0.000944447583406412
"ENSG00000133135"	82.0660205928203	0.685812832949205	4.47573288817606e-07	3.32942887971698e-05
"ENSG00000185760"	1083.7978787669	0.68383926575388	2.34113802382003e-05	0.000324722069331299
"ENSG00000142149"	194.807732421725	0.682820684507951	7.55502535397528e-07	4.37860779185106e-05
"ENSG00000231764"	345.896094032869	0.681959106541234	2.83643809340182e-06	9.42540712388523e-05
"ENSG00000150627"	416.482348272015	0.681323184892265	8.9837760983257e-06	0.000186986382080387
"ENSG00000163536"	3346.86754990804	0.680589755271927	2.01877764380847e-05	0.000298020751139582
"ENSG00000235711"	75.4997062958847	0.677310143006456	2.41681022811871e-05	0.000332804435652859
"ENSG00000109738"	898.111266792899	0.677003144867575	1.47782238640043e-06	6.43993841445837e-05
"ENSG00000164830"	1638.42915353564	0.675957995171326	2.35015097991837e-06	8.58877894210933e-05
"ENSG00000118804"	41.9872857356068	0.67497173126326	0.000112401408723485	0.000947949754217217
"ENSG00000196542"	258.972046087713	0.672001145196336	3.49396197344597e-07	2.98797156405673e-05
"ENSG00000189410"	1020.0028406484	0.671785142182672	9.66523622208103e-06	0.000194809966148338
"ENSG00000140284"	37.5364898446633	0.670529068911933	7.56405126049394e-06	0.00016778352364289
"ENSG00000178233"	1841.50458900311	0.670176129026978	1.14763431743676e-05	0.000213915460696798
"ENSG00000182010"	51.8337222606739	0.669385002508094	1.41378615418767e-06	6.30453395648509e-05
"ENSG00000278727"	37.3288343945037	0.667380484076773	0.000142371794360591	0.00112260453336182
"ENSG00000213190"	1511.55118131732	0.666833997409362	7.87345434471082e-07	4.51752565451691e-05
"ENSG00000138378"	321.18360417879	0.662063218000053	1.60688410320835e-05	0.000259618513288279
"ENSG00000164620"	340.433086702748	0.661150814699495	0.00010710798295336	0.000914962635521678
"ENSG00000153012"	140.444929372584	0.661111469812461	3.28091677487287e-06	0.000101286430024723
"ENSG00000119125"	1358.40098124814	0.661029372471616	4.15665242043554e-06	0.000116528433408725
"ENSG00000091972"	770.35264916197	0.659905184033262	2.1648799347723e-06	8.11853558109708e-05
"ENSG00000164484"	32.1448451204742	0.658554603684697	0.000695571556014684	0.00357505917995842
"ENSG00000110148"	487.726052690717	0.65838948169756	3.74851789607988e-07	3.02433000493043e-05
"ENSG00000172348"	2874.04390406804	0.658223246729193	5.23652543877777e-06	0.000136454781767939
"ENSG00000169213"	339.189424710367	0.658207537246164	3.44348042844049e-06	0.000103987067745169
"ENSG00000177875"	768.948618547745	0.656532620564329	1.63914842074751e-05	0.000261731556273905
"ENSG00000275342"	419.585530681637	0.654165506899158	7.43931044649241e-07	4.3555391399821e-05
"ENSG00000182901"	798.37939049088	0.653428987361137	6.11587766972245e-06	0.000150389431898475
"ENSG00000165943"	3109.67657150369	0.653079643398822	1.76345144140878e-06	7.108732941679e-05
"ENSG00000097021"	2562.41014334376	0.652218266367319	1.36849436729669e-05	0.000234387000440577
"ENSG00000205959"	170.18044010397	0.652088928178212	0.000116210427755716	0.000970092188631982
"ENSG00000133101"	136.960575990549	0.651245048145991	2.31275688384554e-07	2.42740757570934e-05
"ENSG00000119508"	78.4729195041647	0.651189399965016	0.000323333534165895	0.00202751917070949
"ENSG00000165084"	40.4221709864961	0.651135486656198	4.28989726887904e-07	3.25295161626497e-05
"ENSG00000164109"	79.1934313560932	0.650101265956567	3.50647914912833e-07	2.98797156405673e-05
"ENSG00000146670"	54.6638237105718	0.650066990908796	8.90936610636205e-07	4.86847361234317e-05
"ENSG00000159082"	1328.19328125025	0.649848066567036	1.38010635207422e-05	0.000235013359213801
"ENSG00000204352"	47.1880873944363	0.64970235142164	0.000196477851476498	0.00141327758356246
"ENSG00000113100"	140.718366490994	0.64799923016103	3.11642450641398e-05	0.00039298912109087
"ENSG00000246877"	31.7950807579273	0.647815489653782	6.41667034358008e-06	0.00015444862138909
"ENSG00000139190"	1970.48908179809	0.646716539409521	1.28363282060001e-05	0.000225885303428629
"ENSG00000152954"	1531.15874623307	0.646625212435643	3.58501865529879e-07	2.99557893755622e-05
"ENSG00000129682"	878.194632654232	0.646355473581873	1.52282594755391e-07	1.88578439102486e-05
"ENSG00000186288"	110.45871352336	0.646035032611103	9.01995447573752e-06	0.000187286461267636
"ENSG00000164442"	433.356806459813	0.645845875901021	7.03414236056796e-06	0.000162135931196494
"ENSG00000124785"	2531.27957971055	0.645781486459659	1.55188781355184e-06	6.61204082541283e-05
"ENSG00000185933"	57.5504900716538	0.6456880518204	3.80115079821808e-05	0.000446119116848088
"ENSG00000176697"	67.8552798996252	0.645490905473758	0.000325318307545024	0.00203477617288245
"ENSG00000227825"	87.9943549421432	0.644905326673849	0.000115460663423772	0.000965602359762708
"ENSG00000170419"	728.823053947368	0.644842302761866	3.89070681863765e-05	0.000452810929474036
"ENSG00000279013"	21.7524282746437	0.644655374695535	2.65182180484119e-06	9.17635192376011e-05
"ENSG00000146147"	209.854007350298	0.644342157208558	6.78016036301806e-06	0.000159145682865294
"ENSG00000265179"	45.434451548203	0.644065142359302	2.87482674319383e-05	0.000371225751917445
"ENSG00000144355"	174.733213034181	0.643077267953666	1.57835929934374e-05	0.000256546729174729
"ENSG00000160014"	18562.411641064	0.642923718105151	1.35293609716559e-05	0.000234051146135792
"ENSG00000132872"	1664.11239856322	0.641571862961302	6.28343803427589e-05	0.000624462002794405
"ENSG00000248485"	382.922416359004	0.641517299077308	7.63044882310417e-05	0.000720081774079452
"ENSG00000136999"	183.989371303717	0.640152427699824	1.18519922749584e-06	5.79190565300612e-05
"ENSG00000171126"	25.6867663223408	0.639693518699699	0.000335468130434774	0.00208312154732098
"ENSG00000105376"	1377.92484841862	0.637801429172144	4.75533237898101e-05	0.000519180516805162
"ENSG00000186469"	763.080569649685	0.637583043036833	3.13687517732181e-05	0.000394544849039561
"ENSG00000164794"	520.538125656797	0.637339229961547	1.29635149161848e-05	0.000227462774976849
"ENSG00000139874"	216.390748362283	0.636083934326476	9.15890922456524e-06	0.000188137582760115
"ENSG00000188674"	376.687472841403	0.635828923575388	2.1809459991724e-06	8.14330227413332e-05
"ENSG00000134986"	557.734690224931	0.635737637865169	1.01302439171124e-06	5.24914566211091e-05
"ENSG00000226435"	28.7800045213669	0.634967747100808	4.49987116747102e-06	0.000121595419789134
"ENSG00000258947"	38.1415405793361	0.634368346456315	5.76294728232748e-05	0.000590110717255818
"ENSG00000140798"	94.4854141560848	0.633631384834446	2.67965722444189e-05	0.000354534510409825
"ENSG00000152931"	615.898110925614	0.633537617795581	1.78268428863522e-07	2.03214203048199e-05
"ENSG00000165899"	71.8615334375221	0.633409212212559	0.000119084455852533	0.00098495959142156
"ENSG00000242419"	77.3383219371879	0.63315218050613	0.000480177920888624	0.00272422628617531
"ENSG00000152503"	416.234271607784	0.632315991494357	3.78947274088128e-07	3.02433000493043e-05
"ENSG00000145882"	412.289067764192	0.630483590554332	5.96985284618649e-07	3.89238928187152e-05
"ENSG00000179841"	583.897212892411	0.629972287786953	2.25990526095557e-05	0.000319111970933783
"ENSG00000183873"	34.8673668243444	0.629900677560045	2.42718165958785e-05	0.000333698705323368
"ENSG00000115598"	42.0034124058295	0.628788358036663	2.19354239556649e-05	0.000311864128942855
"ENSG00000184613"	2518.54217555811	0.627702324536446	0.000193346017188317	0.00139952270557716
"ENSG00000115194"	1415.65446806348	0.626574977801166	1.08265561744559e-05	0.000207165909260933
"ENSG00000197106"	3497.31455168124	0.625732080239117	1.188548045522e-05	0.000217181289889281
"ENSG00000158301"	986.533002088051	0.625586818559808	1.26964111819606e-06	5.9225833516284e-05
"ENSG00000185008"	318.271399798909	0.624761535535635	4.16031448717744e-05	0.000475192390628966
"ENSG00000175352"	829.410147427988	0.624419577168977	6.18692386006628e-08	1.10932833753459e-05
"ENSG00000188848"	47.2295445199045	0.624236122735769	2.69622453053275e-06	9.22666259325252e-05
"ENSG00000237737"	71.9476728958913	0.623829906805132	3.47428473873931e-07	2.98797156405673e-05
"ENSG00000099960"	68.1844620570794	0.623103089302466	0.000443401170608813	0.00255772933970827
"ENSG00000157168"	111.806250767405	0.622814138106902	1.11708449309589e-06	5.56991035691052e-05
"ENSG00000175344"	32.5349938261825	0.621082885427946	0.000886338569842573	0.00430854159918108
"ENSG00000147465"	80.2169404757082	0.620090274143276	7.7053906175773e-06	0.00016955484141473
"ENSG00000164951"	1723.56460420515	0.619847218886881	1.8506971930289e-06	7.32323006519687e-05
"ENSG00000187566"	34.1986687828938	0.619725698647911	0.000125640377507456	0.00102201914140088
"ENSG00000197860"	1125.27748019571	0.619581042190114	2.19338993182111e-07	2.31624668076299e-05
"ENSG00000274718"	30.0657319458328	0.619567913355955	1.66805507639456e-05	0.000263899191452018
"ENSG00000089169"	4236.26038902805	0.619481629787202	6.39683436369361e-06	0.000154213879414927
"ENSG00000166159"	617.912750604999	0.618064082077265	2.55656676469226e-05	0.000343798310317562
"ENSG00000070159"	267.258603065308	0.618013218643768	1.94181272617187e-06	7.56208652841547e-05
"ENSG00000179388"	683.95465860736	0.617541842551872	0.000131012326744822	0.00105224229831107
"ENSG00000253540"	51.1255460460602	0.616703160241621	6.08712218218288e-05	0.000611652180943076
"ENSG00000126733"	209.581384497718	0.616288178319708	3.01069393892767e-05	0.000383306766055932
"ENSG00000188211"	233.588707217838	0.615417328748758	6.29088118520095e-06	0.000152299490634126
"ENSG00000131650"	131.309714057229	0.614818711186904	1.00725121075815e-05	0.00019882815471078
"ENSG00000277586"	11847.7119854754	0.612910778734887	1.42208562374195e-07	1.81089930653661e-05
"ENSG00000137267"	4958.94156944607	0.612014480778658	1.24095304983567e-06	5.87270262123252e-05
"ENSG00000124140"	4622.0730886673	0.611878545999663	4.61774283444952e-05	0.000508542593790016
"ENSG00000232040"	34.080013901835	0.611462350506203	8.53768575648365e-05	0.000779624323216727
"ENSG00000019505"	2160.95931277258	0.610991860731814	1.26458239237506e-05	0.000225100896793711
"ENSG00000120875"	173.227266541757	0.610298399795999	0.00182669143635436	0.00736928843357217
"ENSG00000116675"	2493.653360886	0.610104017505955	7.71285893381359e-06	0.00016955484141473
"ENSG00000111218"	508.989685932487	0.609307691556746	1.12850390340579e-05	0.00021137037746816
"ENSG00000089818"	1348.68239899321	0.609303346511841	5.88757559642202e-07	3.88428918508741e-05
"ENSG00000156486"	171.581771471744	0.609222159274946	5.23765669646184e-05	0.000550737841882698
"ENSG00000148798"	3911.56051509607	0.608531005378613	3.86844213216089e-05	0.000450829346112968
"ENSG00000114573"	2789.08688418782	0.60820817174452	6.54355015782516e-07	4.03706555077579e-05
"ENSG00000107295"	3240.95916397998	0.60815376102902	5.46699369923928e-05	0.000567571547316078
"ENSG00000186479"	264.189417229371	0.607604449994303	0.000271362912016266	0.00178145301469717
"ENSG00000151790"	32.1770691301193	0.607301066652098	0.000330794990334065	0.00206228691366181
"ENSG00000117069"	413.232347852361	0.607114138405713	3.81453194514163e-05	0.000446503007553608
"ENSG00000127824"	3207.79104864637	0.606640593556898	0.000117470335387918	0.000978237485743702
"ENSG00000186907"	337.201561536671	0.606007541507933	0.000439284337760304	0.00254322997682222
"ENSG00000123416"	1101.38800496046	0.60568070748455	7.98723185316008e-05	0.000742355409764819
"ENSG00000258768"	50.0050813936715	0.605650771395248	5.96447837528682e-06	0.000147909352607514
"ENSG00000211574"	593.143186712043	0.605108010164525	1.75853970426981e-05	0.000274335098413058
"ENSG00000047597"	170.44979164192	0.604611623055337	5.38323430095539e-05	0.000561585527408152
"ENSG00000174403"	86.9734206948574	0.603283478051014	0.000102313768305245	0.000882328103125343
"ENSG00000068615"	904.585348756392	0.602396676889997	4.31797365331778e-06	0.000118730480023257
"ENSG00000165169"	835.49540470982	0.602362293093454	6.32895841542933e-07	3.96968354406075e-05
"ENSG00000224116"	39.4996798478693	0.60208933868841	0.000321059840202917	0.00201914615616106
"ENSG00000120053"	2636.18773242237	0.601487695389449	1.57052153221897e-05	0.000256280281131341
"ENSG00000170027"	11094.9904861395	0.601228807500979	1.21483965932464e-05	0.000219884700903838
"ENSG00000168016"	1136.38892012717	0.601213259619746	2.58315734922574e-06	9.098868953737e-05
"ENSG00000196460"	28.5764418686316	0.601194371211783	0.000133270908712972	0.00106746959128729
"ENSG00000229618"	20.9336735042703	0.600534982217676	0.000791263174632021	0.00394782986230173
"ENSG00000280435"	48.6833591360082	0.600480096117631	0.000212809485832666	0.00150311435356491
"ENSG00000168843"	139.860879600952	0.600256487846188	0.000190914333757845	0.00138483288115204
"ENSG00000009709"	65.5238298117205	0.599731420292968	0.000116815534184798	0.000973255464628716
"ENSG00000261604"	60.6752031125977	0.599625193863212	1.77695007610074e-05	0.000275156839163149
"ENSG00000131370"	193.467816944404	0.599475007433831	0.000383270567627148	0.00228935988245235
"ENSG00000128245"	12710.8934842564	0.598362927747534	1.76232278778493e-05	0.000274335098413058
"ENSG00000184307"	291.784477228171	0.597664924724332	1.40153515339322e-07	1.80034511905653e-05
"ENSG00000240207"	118.143586159508	0.597489890411785	1.15002115291859e-05	0.000213915460696798
"ENSG00000163053"	267.661508833894	0.597200560514619	2.17250656594205e-07	2.31624668076299e-05
"ENSG00000151952"	376.095804942538	0.597097690606097	4.2177202789654e-06	0.000116907599294415
"ENSG00000205279"	257.052282538137	0.597022297227462	0.000587365150276612	0.00314277784635105
"ENSG00000168546"	727.685055541022	0.596416338964061	7.17940466128875e-06	0.000163540298151097
"ENSG00000136854"	10390.0221153084	0.5961649378944	3.38358509837641e-05	0.00041306134963371
"ENSG00000136143"	877.651067477161	0.596063887394468	1.53043678357052e-06	6.53682589468966e-05
"ENSG00000259583"	126.9923812423	0.595219845619707	6.71284895051607e-06	0.00015806876742166
"ENSG00000198934"	1071.50639403897	0.593698213002905	0.000160185173898429	0.0012195361973397
"ENSG00000149654"	1055.28305126017	0.593445896664647	1.07335144303281e-05	0.000206200874876382
"ENSG00000135119"	794.188625560352	0.593322048571276	1.29939074075478e-06	5.96846247277754e-05
"ENSG00000082397"	2997.12514547769	0.592935774833159	6.38383569248859e-06	0.000154116358730443
"ENSG00000236901"	722.468266242543	0.592598062313689	1.40924796057463e-06	6.30061951827823e-05
"ENSG00000145063"	122.267816910177	0.592188231816456	1.30913812213753e-05	0.000228938051110586
"ENSG00000104723"	591.758191777094	0.592089987683408	6.04365173765054e-06	0.000149253052166684
"ENSG00000172209"	321.370368883058	0.591768722305339	4.16865294518267e-05	0.000475513738538299
"ENSG00000170579"	2691.40217391158	0.591616869455055	8.92136496761343e-06	0.000186363416489721
"ENSG00000168032"	241.474484666524	0.5916143588279	4.37950830300117e-05	0.000490146140569305
"ENSG00000150051"	108.092876369384	0.591558618484607	5.33514678197624e-07	3.71797091328571e-05
"ENSG00000143858"	285.099694543978	0.591304759153041	0.000712388697547065	0.00363913817800925
"ENSG00000154975"	906.044324633939	0.591018991329088	3.84783751280872e-07	3.02433000493043e-05
"ENSG00000214043"	32.3012033588217	0.590289115289417	0.000129791947670675	0.00104537325870454
"ENSG00000227719"	32.2757931151118	0.590177924437558	0.000215204456411966	0.00151567688552339
"ENSG00000139182"	4545.84907679732	0.589594150749733	6.47805855818582e-05	0.000637181839783157
"ENSG00000246859"	52.3628443722833	0.589113225504835	1.11627704174758e-05	0.000209653767915544
"ENSG00000196990"	967.72355580028	0.588463278221916	0.000169225356276475	0.00126978032152875
"ENSG00000187094"	3577.89357197405	0.588046833554545	4.41157447183875e-05	0.000492296720016889
"ENSG00000186047"	96.786823464517	0.587270859292973	5.45330460899777e-05	0.000567535343564565
"ENSG00000241360"	143.719028436249	0.586612422566068	0.00206432546340645	0.00809413079763443
"ENSG00000169035"	243.569110421626	0.5859219242277	0.000344483327243526	0.00212911723944087
"ENSG00000254585"	123.091190689692	0.584725914155615	9.00709560224637e-05	0.000808759189366024
"ENSG00000145451"	231.949223741148	0.58449070467061	1.35858901292659e-05	0.000234163697538546
"ENSG00000282164"	425.565532719127	0.583840986406966	3.30251915968296e-05	0.000407518593000606
"ENSG00000060140"	111.445535577315	0.583557650433949	0.000152864965631172	0.00118110457740843
"ENSG00000174145"	156.888957706621	0.583151977619128	9.11470568022708e-06	0.000187893926794909
"ENSG00000085433"	1279.66640634086	0.582122123885954	6.97522410778475e-06	0.000161160446399059
"ENSG00000144366"	132.455352722416	0.58209679600407	3.72156871373955e-06	0.00010931631786621
"ENSG00000183715"	1566.42451978578	0.582059021709539	8.95111442523171e-06	0.0001865321217936
"ENSG00000066248"	4096.49700616414	0.581616848969989	4.7398747064054e-05	0.000518344747912047
"ENSG00000176928"	139.479190789249	0.581396019439674	1.57076451864036e-05	0.000256280281131341
"ENSG00000185567"	596.44172867008	0.581230753650359	4.49748988313899e-06	0.000121595419789134
"ENSG00000087494"	27.9909972773501	0.580826808334594	3.67143884261236e-05	0.000435537400398943
"ENSG00000240707"	64.0804509841939	0.580356223295656	0.00036512119568245	0.00222000393545815
"ENSG00000086289"	1333.09932123258	0.580196945815388	1.07330977627671e-05	0.000206200874876382
"ENSG00000154277"	11922.3301836689	0.579964175321144	3.13707890584018e-05	0.000394544849039561
"ENSG00000147655"	409.91611935966	0.579715593521315	2.46954018298161e-05	0.000336033163396541
"ENSG00000169271"	65.9388707704063	0.579346865244332	0.000572783836741124	0.00308682785905603
"ENSG00000212380"	21.5419729202473	0.578325583031128	0.00109000173109956	0.00503142928329757
"ENSG00000134115"	53.9643738234756	0.577201435497319	0.000118433377782854	0.000982454810494587
"ENSG00000149972"	102.893967670673	0.576850412843962	0.000270470655125005	0.00177627294416891
"ENSG00000280173"	23.8550443264242	0.576619236315489	3.33719555323319e-05	0.000409139224058425
"ENSG00000216863"	135.789579552121	0.57543598804174	3.55623741708867e-05	0.00042598131287646
"ENSG00000188730"	223.844363583837	0.575413050064945	2.13139440584719e-06	8.06322899073575e-05
"ENSG00000135324"	296.542719800458	0.575037769634722	6.24354245593074e-05	0.00062240192384855
"ENSG00000174469"	2126.94919692537	0.574858349712968	3.80551306038137e-05	0.000446214552509158
"ENSG00000138134"	233.340904383211	0.574098349625917	2.96346195003761e-07	2.72762418648367e-05
"ENSG00000138678"	51.4163712664906	0.573633192179921	4.36687391103105e-05	0.000489368493688656
"ENSG00000125772"	695.475521033967	0.573236218595698	1.03394436735627e-05	0.000202565630904008
"ENSG00000272341"	88.897022604818	0.573226736865962	3.20162472562834e-07	2.82613161037131e-05
"ENSG00000164112"	342.435660180195	0.573105429842011	5.03609344031391e-05	0.000537910134728037
"ENSG00000107242"	264.768062163522	0.572731937675012	6.96031047259906e-06	0.000161032021726946
"ENSG00000156140"	52.7117809141866	0.572274238335469	3.6058104850333e-05	0.000430049611000173
"ENSG00000069712"	1126.84235719226	0.572184581479551	1.04436669009423e-05	0.000203267914586677
"ENSG00000125814"	8054.0017755688	0.571831630577194	3.83749373537769e-05	0.000447829014691906
"ENSG00000237412"	34.8403720430998	0.571494827306042	0.0018427835519428	0.00741945854154465
"ENSG00000270607"	170.661933186492	0.571228515549354	2.297053376244e-06	8.50091319620625e-05
"ENSG00000158560"	1459.48750201362	0.570642419073843	5.32121446056995e-05	0.000558160051857347
"ENSG00000118402"	463.311662561971	0.56986796717109	6.21095648070236e-07	3.93048506993859e-05
"ENSG00000070182"	367.649500423203	0.569681832676591	2.8147099823153e-05	0.00036621015060917
"ENSG00000203668"	258.232453415232	0.569285287671009	3.07069361699996e-06	9.78609655563818e-05
"ENSG00000109158"	555.137227526455	0.569234632551	8.57837838462078e-06	0.000181846831446401
"ENSG00000224222"	45.2497153759468	0.569204000620047	8.82200411643981e-06	0.00018496121419766
"ENSG00000162636"	488.872608731517	0.568912559443555	2.78872876105794e-06	9.397598304831e-05
"ENSG00000108947"	729.447566081207	0.568002015771113	1.59438362063329e-05	0.000258419258587201
"ENSG00000070087"	5446.08173621961	0.567982200041868	1.69018677608088e-07	1.97912822970614e-05
"ENSG00000167011"	52.1531643805557	0.567553811229037	0.00178267231939918	0.00723364890000426
"ENSG00000175906"	254.904851852332	0.566532313221525	0.000199238345478832	0.00142776421345843
"ENSG00000157152"	3978.25937979127	0.566404979028135	0.000119633798653805	0.000987653034162085
"ENSG00000149050"	39.69277929024	0.565881376912299	5.43695302107455e-08	1.02842057529402e-05
"ENSG00000187730"	2620.64817411914	0.565832259286208	2.71235204838118e-05	0.000357212821796367
"ENSG00000166922"	2763.83768856802	0.565378637192108	8.00030744869443e-05	0.000742768565881214
"ENSG00000171450"	1596.20965549738	0.565116369516102	0.000104779770748097	0.000899538251315211
"ENSG00000185272"	92.9901029541531	0.565088050879965	3.91701925244409e-05	0.000454841280464447
"ENSG00000186462"	2289.53219744848	0.564767461536938	2.41525194697094e-06	8.75236458172857e-05
"ENSG00000101911"	357.824969777385	0.563682872218284	0.000114887064931019	0.00096244478128224
"ENSG00000113319"	974.606344634916	0.563632818938467	8.42036551393613e-05	0.000770956125486078
"ENSG00000107758"	2203.30344334157	0.563543122071738	1.96101070236649e-06	7.60244982428701e-05
"ENSG00000047936"	87.3608117260592	0.56309781344822	0.0023812162282034	0.00898837233753486
"ENSG00000100321"	5722.78988894251	0.563084194174961	3.08711463993001e-06	9.78609655563818e-05
"ENSG00000022355"	2199.84567941768	0.563055141597827	1.9044412971652e-05	0.000286799195521475
"ENSG00000118276"	592.70782873344	0.562706917302442	2.26920214533446e-06	8.41805528612974e-05
"ENSG00000146038"	33.8594397046987	0.562629422343467	6.7957826651794e-05	0.000661835614769682
"ENSG00000105409"	13788.9149333563	0.562353677515123	0.00017797632617902	0.00131650472819917
"ENSG00000049130"	279.744196191705	0.562228348092046	4.84064804241107e-05	0.000523457671420182
"ENSG00000060709"	844.980960108531	0.561461600702229	2.59491181695739e-05	0.000346518363888965
"ENSG00000084444"	1187.28708342542	0.560887412169138	2.64286329416093e-06	9.17635192376011e-05
"ENSG00000233705"	560.048687562047	0.560859153905295	1.82566467791482e-05	0.000278345138183772
"ENSG00000144407"	116.576498004081	0.55979240747386	1.79762150145408e-05	0.000276271954504724
"ENSG00000086300"	1060.83966141192	0.559303612416575	2.4854822262759e-05	0.000337402252057468
"ENSG00000144959"	829.41318784569	0.558605550633462	7.26328620904324e-06	0.000164663257226646
"ENSG00000115828"	185.748242459484	0.55700922615926	2.1685291764888e-05	0.00031053987283612
"ENSG00000163818"	407.975040381014	0.556749206905302	2.80101725195487e-07	2.64706855790719e-05
"ENSG00000149927"	1474.37292135926	0.555932060019918	0.000275690640224127	0.00180435855139844
"ENSG00000136267"	637.833704852875	0.555454723584213	2.65486740140158e-06	9.17635192376011e-05
"ENSG00000198825"	2844.11327834695	0.554765595518207	1.72281329799566e-05	0.000269588957258176
"ENSG00000267272"	33.4901595673003	0.554331074330328	0.000249933594368783	0.00167919865724819
"ENSG00000091664"	144.614387416315	0.554169278531532	0.000271816291401746	0.00178374907506605
"ENSG00000149305"	52.1690083467627	0.55365721013851	0.00232251247832562	0.00883088298860592
"ENSG00000163577"	312.053812499639	0.552866880091581	1.70050998323316e-06	6.93338969160933e-05
"ENSG00000185774"	740.182750131376	0.552807950904812	1.97741469460371e-05	0.00029393125335245
"ENSG00000198932"	2606.18678650993	0.551888740647359	5.37531610600867e-06	0.000138600299108748
"ENSG00000171509"	248.920572556715	0.551813491933489	0.00010505478563131	0.00090144966354523
"ENSG00000110427"	1877.86526568884	0.551546043967714	4.77996970725779e-05	0.000520744421335623
"ENSG00000114948"	1571.24028706186	0.551098750474268	5.05005480798631e-06	0.000133118826048803
"ENSG00000139973"	921.295557338076	0.550781202923893	1.73450118190944e-05	0.000270925307116218
"ENSG00000182013"	2473.04202556296	0.55053331266532	3.60768975939261e-05	0.000430049611000173
"ENSG00000162687"	114.973204990747	0.550154874233925	3.51556905067572e-05	0.000424060897472188
"ENSG00000169752"	52.9608571082556	0.550092684094132	0.000177289954224075	0.00131255569120817
"ENSG00000145632"	1089.38502065677	0.549803506201261	2.62275885826017e-06	9.17592443642935e-05
"ENSG00000178752"	44.9489195302286	0.548693153610813	0.000216702519857611	0.00152325856447742
"ENSG00000132975"	292.767280696125	0.548412851577782	1.89096840558078e-05	0.000285516885388966
"ENSG00000205572"	35.3630805004227	0.548179790006897	0.00063883436366071	0.00334741427753175
"ENSG00000177570"	412.364952199876	0.547892709468334	2.21819195777822e-05	0.0003139945573128
"ENSG00000186310"	3239.88476143864	0.547160289734523	4.95291622554469e-05	0.000531360567023976
"ENSG00000115415"	860.886266206046	0.546622991264308	9.52285539215945e-05	0.000838021011580985
"ENSG00000152969"	1467.75202116389	0.546491699805229	1.36446981137025e-05	0.000234163697538546
"ENSG00000157404"	274.763779962025	0.545975024347787	0.00141289851242562	0.00608766510497675
"ENSG00000151490"	307.75684124186	0.545951265198626	8.5074887469302e-06	0.00018101286007529
"ENSG00000213760"	1840.68546627034	0.545278092687237	9.72767585117257e-06	0.000194923549371991
"ENSG00000165704"	1146.43651002348	0.544916894492422	1.85808429132454e-06	7.33559745563518e-05
"ENSG00000234111"	21.2663731641865	0.543285986753358	2.88725917504385e-05	0.000372514140094344
"ENSG00000122584"	186.345608816956	0.543051971071778	8.31834030324075e-06	0.000177671316467367
"ENSG00000118495"	128.405813914984	0.542939735593158	1.0472414642018e-05	0.000203455613129859
"ENSG00000181656"	103.735063006352	0.542836399313774	0.000846001677132558	0.00414878258361331
"ENSG00000013293"	597.863088507179	0.541946647900886	2.51120675637036e-05	0.000339288868896413
"ENSG00000006116"	1347.63136225932	0.541138822314198	6.19546631839505e-05	0.000618935355418073
"ENSG00000256008"	208.713165373767	0.540129956251314	7.98683895702768e-05	0.000742355409764819
"ENSG00000259577"	27.4212647743892	0.539678197687712	0.00121575401798691	0.00544352084469171
"ENSG00000133816"	3078.10249506396	0.539587154055648	3.80974986057902e-05	0.000446407245406036
"ENSG00000065609"	3406.32684481502	0.539215226672318	2.85002709861362e-05	0.000368853507131099
"ENSG00000138311"	1732.63076348422	0.53883760755324	4.78754430797418e-05	0.000521239722790383
"ENSG00000260001"	197.387319137092	0.538759079739215	0.000141438739545909	0.00111678212101089
"ENSG00000204970"	22.6855201262643	0.538568817994518	0.000165434733354705	0.00124950770743069
"ENSG00000226562"	41.65608332237	0.537813763262208	0.000435018490133757	0.00252290204537479
"ENSG00000279663"	23.1176172207882	0.537771505170257	0.00136941517323585	0.00594715621091963
"ENSG00000113966"	178.611564744744	0.537620773297247	2.48141936751963e-05	0.0003371165870017
"ENSG00000198785"	119.241066970046	0.537571030078603	0.000406377818316429	0.00239749510468383
"ENSG00000253457"	25.8607022627101	0.537097438431862	2.98960280270406e-05	0.000380903279370429
"ENSG00000170214"	166.424688328314	0.53689612709342	0.000173364728043333	0.0012937753746136
"ENSG00000146151"	178.875788323862	0.536008114939311	0.000126164309609568	0.0010243705344456
"ENSG00000198673"	544.575820993113	0.535866762472496	0.000152103573622955	0.00118041425282774
"ENSG00000118432"	694.133212148111	0.5356267556657	0.000366628965817629	0.00222210717909114
"ENSG00000163833"	57.8332931686967	0.535574902903312	0.000134280174903353	0.0010733857381347
"ENSG00000185518"	3384.90147596541	0.535028132496849	5.20560402602798e-05	0.000549381128755485
"ENSG00000102003"	14714.2014356737	0.53424652929068	3.91948939492618e-05	0.000454841280464447
"ENSG00000155097"	2253.55327124125	0.533531580433716	5.07427751682956e-07	3.63069537805899e-05
"ENSG00000180875"	187.733877705753	0.533341774463965	0.00033520863698394	0.00208226137437913
"ENSG00000141668"	990.916416229544	0.532304404582116	9.54064784684383e-05	0.000838042945319682
"ENSG00000183935"	56.1345968971509	0.532217328346722	4.31650418877971e-05	0.000485620827460557
"ENSG00000176840"	203.785526508769	0.532162261409901	1.62035966944332e-05	0.00026017958013179
"ENSG00000260838"	94.1311849628774	0.532090666408949	7.99655127460801e-06	0.000173574573883767
"ENSG00000169282"	608.113650267946	0.531574951863262	4.60410030905634e-06	0.000123442957351693
"ENSG00000184731"	75.1699725731345	0.531521715867228	7.28635821926116e-05	0.000697165558800124
"ENSG00000152495"	706.055933334482	0.530456870850408	1.77832193780288e-05	0.000275156839163149
"ENSG00000188933"	57.3754468054682	0.530348767278924	0.00223710116021466	0.00859344393456259
"ENSG00000120903"	111.006323713607	0.529845718704072	0.000420680829492227	0.00246205083230714
"ENSG00000173452"	82.4737126598635	0.529538621095967	0.000134742488501905	0.00107525380370111
"ENSG00000104435"	10966.7505016392	0.529517722790527	0.000123893340310258	0.00101117878936011
"ENSG00000053108"	380.649347002372	0.529384435519243	0.00044117394231723	0.00254915309469838
"ENSG00000259319"	71.9903625915362	0.529217429960777	1.5026827880069e-05	0.000248469537271497
"ENSG00000151229"	627.814696146688	0.528558182413427	1.25473113636247e-05	0.000224275047250335
"ENSG00000174473"	81.1168541909064	0.528419432112528	2.63960878135716e-06	9.17635192376011e-05
"ENSG00000277758"	179.507502481128	0.527856675806245	2.90294843727983e-05	0.000373177382008198
"ENSG00000170091"	3459.77116566228	0.527594340502966	1.19577576252838e-05	0.000217496436138766
"ENSG00000110786"	2433.19019370779	0.527321553219822	4.5813129986118e-05	0.00050614981158604
"ENSG00000174453"	84.9541825481242	0.527300948140762	7.29528262288062e-05	0.00069729587885727
"ENSG00000003987"	198.878853664147	0.527086861731038	9.53041675652433e-05	0.000838042945319682
"ENSG00000061918"	1327.87653107319	0.526830484558422	8.91714069824479e-06	0.000186363416489721
"ENSG00000151948"	470.655324876578	0.526334068115003	0.000123302312617694	0.00100922620403632
"ENSG00000105989"	24.2872557838559	0.526227455506211	0.00175525410698481	0.0071527435945856
"ENSG00000152214"	171.538283580096	0.526164321842948	6.81976820445008e-05	0.000663587733765965
"ENSG00000104361"	857.540778119501	0.52586144396846	2.39693877154732e-05	0.000330597011816058
"ENSG00000279145"	28.5957886538177	0.525576561982221	0.00050281321455948	0.00281460938608531
"ENSG00000130540"	4534.74696853794	0.524955957247803	3.4277632299514e-05	0.000416596024977211
"ENSG00000153558"	735.31075054466	0.524549372889653	1.22898529010034e-07	1.72484153203601e-05
"ENSG00000101846"	521.422350365271	0.524514235173814	6.30450250685202e-05	0.000625540459934784
"ENSG00000144290"	1222.45889574762	0.524415349985985	2.36782524719851e-05	0.000327631639710835
"ENSG00000157470"	938.888094278248	0.524395376575447	1.07871156620724e-05	0.000206769066694044
"ENSG00000168348"	57.4806773852305	0.524104044216754	0.000178815385164637	0.00132100825100382
"ENSG00000162069"	29.8219723254115	0.523379583705949	0.00265831432770937	0.0097981936879789
"ENSG00000156687"	331.917270848527	0.522733137174488	2.77722355311204e-05	0.000361914174558794
"ENSG00000214193"	245.1533371122	0.522488888538832	0.000163840202965794	0.00124070369435072
"ENSG00000139112"	5648.91917067432	0.522152428311311	1.98921964598742e-06	7.67722819874024e-05
"ENSG00000178796"	55.9587310217204	0.521906716510908	2.92756517436096e-05	0.000375500591253914
"ENSG00000196368"	417.754508912338	0.521827737061945	0.000157629549292267	0.00120615602568948
"ENSG00000249436"	106.022245358061	0.521165697124068	0.000287860773324385	0.00186486544645564
"ENSG00000228016"	27.1019271613975	0.520929122693652	0.000156142328842423	0.00119823435960918
"ENSG00000272841"	44.2504961919893	0.520829808130971	1.98576415693335e-05	0.000294917674144036
"ENSG00000007171"	145.404405169224	0.520466926766536	0.00024384612246531	0.00164859517124721
"ENSG00000198729"	299.732903070745	0.519978113624582	7.69839434902549e-06	0.00016955484141473
"ENSG00000147416"	5246.21492233608	0.519832054215991	3.89460450579158e-06	0.000113048612745684
"ENSG00000215218"	1740.08640329593	0.519734050709786	4.0599289471151e-05	0.00046656519448336
"ENSG00000128045"	288.021674923981	0.519446276221749	0.000563190398230646	0.00305232881761464
"ENSG00000059588"	1193.67315038591	0.519070042753338	0.000514355389246103	0.00285484695643248
"ENSG00000057593"	43.5037141243567	0.517859739932131	0.000403492455073957	0.00238588650951152
"ENSG00000131885"	178.390971315561	0.5177067385215	0.000779791583176676	0.00390758443121401
"ENSG00000126583"	2150.45913455602	0.517557390973862	0.000277531887369312	0.00181365086457402
"ENSG00000133627"	604.308827958836	0.517362616960665	6.17615803094892e-07	3.93048506993859e-05
"ENSG00000011677"	425.857053874012	0.517156722838416	0.000323773024564206	0.00202768940560665
"ENSG00000147041"	51.1466480363376	0.51714235529645	0.000833750437950607	0.00410038465384109
"ENSG00000083720"	1112.63327330521	0.516990977644329	7.03628307696399e-06	0.000162135931196494
"ENSG00000184408"	304.078002478449	0.51683706287975	1.15925490834165e-05	0.000214561878895536
"ENSG00000096654"	223.588721838245	0.516609095072714	2.10278663931067e-05	0.00030544528626544
"ENSG00000188766"	269.528565494797	0.515209294289214	0.000748063718521057	0.00378606903466714
"ENSG00000107105"	821.242628044042	0.515078124660243	1.17373144278652e-05	0.000215388478941199
"ENSG00000109436"	681.292534728886	0.514950969948708	8.27618813221526e-06	0.000177671316467367
"ENSG00000152669"	149.277620656213	0.514691000639721	3.54881430573446e-05	0.000425914486295385
"ENSG00000143061"	239.022229030819	0.514499595533292	3.11544205599054e-06	9.83965213023214e-05
"ENSG00000067842"	1279.90624414127	0.514398825662604	3.68630181615392e-06	0.000108651221166879
"ENSG00000104381"	1355.38789358219	0.514379286708716	4.13055633122696e-06	0.000116380162635491
"ENSG00000260822"	767.40044362392	0.514114045572582	1.65553467776317e-05	0.000262906821118993
"ENSG00000169891"	1129.31260006172	0.513787038701509	7.59340254273295e-06	0.000168217809482706
"ENSG00000089123"	105.208754603662	0.513334952098202	1.40678584101544e-06	6.30061951827823e-05
"ENSG00000273253"	92.2654450436837	0.513148564954306	0.00257160671222279	0.00953577473879598
"ENSG00000212916"	44.6497689041858	0.513116696893259	0.00046801060606906	0.00267823042416345
"ENSG00000177182"	94.7158916832056	0.513033175577961	1.07217338268188e-05	0.000206200874876382
"ENSG00000211450"	591.948450479592	0.512944310675687	7.29582221473272e-05	0.00069729587885727
"ENSG00000171462"	117.388459622249	0.512375008235305	0.000220096349238819	0.00154004815424707
"ENSG00000224825"	36.3062277555721	0.512277842437833	0.000797681560137437	0.00397064566068413
"ENSG00000198739"	221.389919592684	0.512224686570349	4.56396852698874e-05	0.000504557419749885
"ENSG00000165832"	277.741667169574	0.511907308117048	1.38661200365563e-05	0.000235614535231237
"ENSG00000138207"	516.994102183576	0.511819572673521	6.83667635145433e-05	0.000663949178502634
"ENSG00000112996"	615.509349618875	0.510415014132707	1.64491487897649e-07	1.97756742347181e-05
"ENSG00000149575"	3511.69860681186	0.509806812988698	4.65082616795268e-08	9.41819656811405e-06
"ENSG00000164512"	28.8397934874311	0.509499373330972	0.0010720652058791	0.00497397800237116
"ENSG00000053438"	907.436753980977	0.509357975650995	0.00194531146506023	0.00774509706262719
"ENSG00000164715"	1555.59675812092	0.508714562225507	6.79556596212114e-06	0.000159145682865294
"ENSG00000205562"	29.0084278306393	0.508214413533311	0.000691612319183397	0.00356002477574875
"ENSG00000101977"	225.118953865958	0.507877944682031	1.23164848214102e-05	0.000221963983762177
"ENSG00000164099"	59.625294444188	0.507831127750403	0.000381392616197698	0.00228412097330172
"ENSG00000143502"	724.982042628671	0.507506603177633	5.23393045314411e-07	3.70747509835266e-05
"ENSG00000111696"	1001.92771330679	0.507368831472191	2.75397716335011e-05	0.000360926077488768
"ENSG00000240694"	3909.44226795003	0.506970484829008	0.000166148435044816	0.00125324847170308
"ENSG00000142449"	40.1879990003622	0.506895017327056	0.000761636525393981	0.00384191187812876
"ENSG00000175395"	993.402779895696	0.505656543571241	2.29551265434353e-05	0.00032098017318615
"ENSG00000165731"	204.345283324128	0.505390107070826	0.000245734014270133	0.00165745281647014
"ENSG00000183454"	3214.07053292304	0.505335902772158	2.97151911615684e-05	0.000380005635560235
"ENSG00000064763"	217.494635729133	0.505154593235936	3.73888421425258e-05	0.000441106332967303
"ENSG00000074706"	1356.57163314448	0.504833372596268	2.84756799891023e-05	0.000368812550528531
"ENSG00000265579"	380.440017182993	0.504824656044663	8.1008398020657e-05	0.000749273269817071
"ENSG00000077152"	106.959160007385	0.504780356796167	4.37290962578858e-05	0.000489726046770974
"ENSG00000127561"	2698.74979124076	0.50467843015498	0.000188472164096169	0.00137348491134096
"ENSG00000211772"	79.2600396054902	0.504281284702193	0.000538801376722746	0.00295022271441562
"ENSG00000172115"	2674.89534680347	0.50388669779127	3.25854823800156e-06	0.000100959163037347
"ENSG00000166342"	296.650775831143	0.50344627242975	2.89397550637703e-05	0.000372655760670039
"ENSG00000145681"	52.4574527823954	0.50343872021217	0.00131035986484293	0.00575388376365852
"ENSG00000111490"	346.349997315331	0.503402375035847	6.66868473849959e-07	4.06302988186005e-05
"ENSG00000280193"	30.7644326450924	0.502778764823755	0.00012548040000275	0.00102122653675997
"ENSG00000128285"	195.10822047213	0.502676563646066	0.0018663532701178	0.00749545936503447
"ENSG00000204052"	309.728025747203	0.502641373261874	8.62176902858918e-05	0.000784389589265885
"ENSG00000250305"	555.825211881997	0.502489063183465	8.52083830244065e-06	0.000181073073703594
"ENSG00000153233"	182.378715712201	0.502337688093915	9.48360082005887e-05	0.000835636239390102
"ENSG00000274114"	44.2994825888804	0.502322596416711	6.37198475255551e-05	0.000629649181886643
"ENSG00000167306"	67.9852409113264	0.501579530234687	0.000194529064735051	0.00140336495862717
"ENSG00000164070"	967.071121365026	0.500928412256021	1.25890688040081e-06	5.90040688877653e-05
"ENSG00000214376"	105.997065989352	0.500766617340442	0.000383444172492309	0.00228935988245235
"ENSG00000107518"	1485.10962577813	0.500582979620868	7.53118836239852e-05	0.000712668198361549
"ENSG00000133318"	14807.6149973292	0.499695795180612	6.25498841109753e-06	0.000151643824676369
"ENSG00000171314"	1145.13092384412	0.499567801424514	1.03198247771213e-05	0.000202548624730432
"ENSG00000178301"	105.640326851486	0.499362147905083	1.41296268453385e-08	3.98710273588215e-06
"ENSG00000255136"	23.2217446915412	0.499247765986881	0.00152879817449498	0.00645930362729066
"ENSG00000106537"	1368.01366545482	0.49893130492972	0.000155476272849317	0.00119541648287688
"ENSG00000270953"	72.4646897518988	0.498906547256401	0.000101694693197374	0.000877868983955062
"ENSG00000149054"	23.6314632466027	0.498784135652609	9.89855447465797e-05	0.000860524334203473
"ENSG00000158050"	167.579681786791	0.498739132477988	0.00194306170094332	0.00773852870391889
"ENSG00000116133"	2398.68262017507	0.498630641550105	5.43776277651504e-05	0.00056658723167163
"ENSG00000198910"	2804.729729868	0.498052822814609	0.00150355845100998	0.00637928311985083
"ENSG00000251450"	23.4439488433868	0.497820212560901	0.000602077438909017	0.00319764238072845
"ENSG00000197044"	193.862790497841	0.497641152722238	7.97660871187453e-06	0.000173574573883767
"ENSG00000205899"	22.3139882741242	0.49741760949834	0.00198663687543244	0.00786114495099278
"ENSG00000134326"	101.403448143479	0.496810254007464	0.000191437781510319	0.00138804487495245
"ENSG00000213023"	697.960045681652	0.496695834278483	6.5680207095199e-05	0.00064455724328943
"ENSG00000254561"	79.5698878537228	0.496519660174555	0.00194561085800267	0.00774509706262719
"ENSG00000145335"	1746.06562822435	0.495998632181445	2.85721661068461e-05	0.000369506157172909
"ENSG00000125869"	659.133825915725	0.495856046885776	0.00243887557683519	0.00915175160921307
"ENSG00000048052"	367.681533046206	0.49575655185847	8.83752474649464e-07	4.85848730554967e-05
"ENSG00000101210"	11934.4509826303	0.495725120331043	0.000352031867414467	0.00216386244615374
"ENSG00000196407"	112.498547147598	0.495724169010032	6.03103376550777e-05	0.000607881844712586
"ENSG00000108797"	2251.91368979157	0.495332371989039	0.000208973451636421	0.00148149094852459
"ENSG00000121905"	2247.86938825205	0.495320171394601	0.000256989900589831	0.00170860067935603
"ENSG00000160963"	791.805750113921	0.49523756176138	5.44986798248666e-06	0.00013918186584947
"ENSG00000145087"	862.823402421315	0.494924931211558	3.17391418424652e-06	9.98767547594796e-05
"ENSG00000140945"	854.879919567538	0.494750836581084	6.06478565589662e-05	0.00061012812846581
"ENSG00000184838"	28.276812124506	0.494674705576515	7.64698855530508e-05	0.000720852212499816
"ENSG00000259953"	136.105084923868	0.494052095957725	1.96861742813836e-07	2.16814421566701e-05
"ENSG00000148925"	814.917084840033	0.493545789271685	2.58156023327891e-06	9.098868953737e-05
"ENSG00000120265"	1728.32119784078	0.493142474731941	4.19491783850589e-06	0.000116907599294415
"ENSG00000112290"	2744.97280035751	0.493040844111962	0.000258567184196418	0.00171737126267311
"ENSG00000115457"	330.805535689314	0.492795413809292	0.000378014486171739	0.00226831244063607
"ENSG00000162105"	1077.67848342672	0.492793385938038	6.52543604848739e-06	0.000155141340749466
"ENSG00000113161"	855.763635912832	0.49259545819654	7.70040555036916e-06	0.00016955484141473
"ENSG00000226762"	29.0957843413001	0.492549677700442	0.000375361363428045	0.00225675695029233
"ENSG00000175874"	2517.65323045109	0.492136019615541	1.30028085010839e-06	5.96846247277754e-05
"ENSG00000173825"	63.0155834228676	0.49197834544689	0.000285502859508337	0.00185168075384966
"ENSG00000150054"	159.178814058168	0.491948572532706	3.43441893096526e-05	0.000416884017942773
"ENSG00000040341"	1274.97605939635	0.491171725107274	2.44523486663688e-07	2.49052235262844e-05
"ENSG00000137573"	120.565709638034	0.491167961960919	0.000362822509830129	0.0022091488721988
"ENSG00000134343"	367.618687437268	0.490954143133589	5.53178278598139e-05	0.000572227025811885
"ENSG00000172575"	354.720645794945	0.49068323111645	4.77256041506315e-06	0.000126774818556299
"ENSG00000183654"	52.841642237138	0.490466859484682	2.72213840391923e-06	9.26011232147465e-05
"ENSG00000164619"	174.919274780958	0.49021313874737	5.46600720597228e-06	0.00013938723264652
"ENSG00000103034"	13757.0556552259	0.490189580947724	1.68235547383262e-05	0.000264701871764908
"ENSG00000104093"	671.815731807349	0.489977244393712	1.31466091088641e-06	6.01213684900899e-05
"ENSG00000129028"	152.045812118918	0.489610117615064	1.68325381890842e-06	6.88214916505242e-05
"ENSG00000267665"	65.3474690842191	0.489425370865128	0.000235935421038112	0.00161306759041794
"ENSG00000198954"	750.529482539421	0.489221596202317	8.0112472393588e-07	4.56614565334712e-05
"ENSG00000196305"	895.720374729135	0.488940331091355	4.48746586936815e-07	3.32942887971698e-05
"ENSG00000165152"	1030.00415956134	0.488775893871428	1.62695976417004e-05	0.000260643000521131
"ENSG00000155093"	2421.58556751622	0.488308099936264	7.13634196731547e-05	0.000685479097563623
"ENSG00000063015"	619.315861112266	0.488059216994266	4.85892116550573e-05	0.000524367460952038
"ENSG00000157693"	1098.82092389841	0.487759101575917	2.1792690566055e-05	0.000310785072670674
"ENSG00000278864"	165.118634416822	0.487383942750466	0.000414810983407515	0.00243358604546474
"ENSG00000162757"	21.3664579743589	0.487334045676924	0.00011490292369343	0.00096244478128224
"ENSG00000141367"	5164.62000659045	0.487109316712033	2.88822015875851e-06	9.50572344028875e-05
"ENSG00000259234"	34.0149672684309	0.48699489709438	0.00110113282269639	0.00506786076927086
"ENSG00000108395"	1701.26111932672	0.486947814984791	8.77296418726988e-05	0.000795621878585229
"ENSG00000196937"	1130.1498289705	0.486931284254925	1.49172298419308e-05	0.00024741117802892
"ENSG00000197147"	949.31825781995	0.486678699499978	4.68192749054444e-07	3.44401785874963e-05
"ENSG00000144331"	358.489265053743	0.486622566119861	2.29929002677455e-05	0.000321247396354467
"ENSG00000131507"	5126.99659441264	0.486562369242384	1.51884191691448e-06	6.51965733562318e-05
"ENSG00000186188"	91.0577398919927	0.486440894907016	1.3286893329478e-05	0.000231251056501825
"ENSG00000138115"	79.9614261709262	0.486190168884622	0.00018855836620515	0.00137353159436701
"ENSG00000121769"	1008.56318994619	0.485634910628163	8.66520533927812e-05	0.000786263466025273
"ENSG00000156463"	92.1445842912302	0.485520640987333	0.000906165558489769	0.00438880916102544
"ENSG00000204789"	662.425785070132	0.485044337158088	0.000192007347440667	0.00139100272369369
"ENSG00000213585"	2908.67652754941	0.484869780711243	1.86273304851192e-06	7.33712218856653e-05
"ENSG00000104833"	6757.32906300234	0.484838957393995	0.0020561236409247	0.00806932426612786
"ENSG00000225670"	42.2357334130766	0.484785667008482	0.000737218362223759	0.00374328603804058
"ENSG00000133985"	546.576973707581	0.48464230879302	1.11188301663173e-06	5.56678437755084e-05
"ENSG00000156345"	473.438074109663	0.484595486912018	4.3868672603831e-06	0.000120049516936366
"ENSG00000135709"	5937.82292701167	0.484231044891438	2.27624750218616e-05	0.000319633591073776
"ENSG00000174514"	1131.20435846211	0.48418866804811	1.33379293145897e-05	0.000231670814623646
"ENSG00000147894"	332.619709739116	0.484164681354837	5.69589055112165e-06	0.000142900544795765
"ENSG00000148339"	590.338654846578	0.483835311359355	0.000123564594094014	0.00100993226882253
"ENSG00000132718"	6019.44246551846	0.483652826802088	0.000507029975340515	0.00282718074685335
"ENSG00000163590"	1089.66121777415	0.483526132407032	8.61067571047158e-08	1.40598134230638e-05
"ENSG00000135002"	579.526490843334	0.483239880195444	1.06670099616673e-06	5.43102653492319e-05
"ENSG00000169258"	680.913557083758	0.482923355584755	0.00107662278235541	0.00498705811428518
"ENSG00000117598"	166.413500689896	0.482885148777939	7.1827377797147e-06	0.000163540298151097
"ENSG00000082458"	1166.27094608742	0.482690609802815	4.43680132660363e-06	0.000120839653852576
"ENSG00000186094"	180.66312275235	0.482419779631438	2.18472655463564e-07	2.31624668076299e-05
"ENSG00000133134"	2275.39079441105	0.482412654742823	4.30185519382424e-05	0.000484289296607564
"ENSG00000102471"	1057.34534937328	0.482070085131566	3.82112879318778e-05	0.000446828056502318
"ENSG00000168502"	677.530444837578	0.48200406233914	5.33307031269415e-06	0.00013804231472542
"ENSG00000189212"	208.617621569655	0.481991762430196	8.64131301163168e-05	0.000784734254791804
"ENSG00000139988"	26.9649257647409	0.481781514415195	3.61033795406659e-06	0.000106826319062318
"ENSG00000205740"	37.3356552357126	0.481613792986653	0.000143411437148407	0.00112875626850262
"ENSG00000169255"	448.707834284651	0.481309626287568	1.17334495541869e-07	1.68306555980182e-05
"ENSG00000169064"	141.566360005204	0.480631359985829	0.000338552968670871	0.00209773659097614
"ENSG00000128656"	14286.3539320721	0.480308442400796	8.59373107518615e-06	0.000181948207868609
"ENSG00000225234"	65.2947701431605	0.480210798731086	0.000162946691337817	0.00123559532951447
"ENSG00000182256"	219.532629938198	0.480141200138405	2.12931039377462e-05	0.000307068458870022
"ENSG00000176903"	2526.93661330806	0.479484413628327	2.64826663879325e-06	9.17635192376011e-05
"ENSG00000259823"	66.3913968593515	0.479204574150237	1.59354745875939e-05	0.000258419258587201
"ENSG00000185352"	1126.5727137096	0.477804754009181	0.000246953917860505	0.00166372516169584
"ENSG00000125850"	34.8403350527349	0.477803260064907	0.000103536993550579	0.00089035355207408
"ENSG00000259153"	60.1904639357723	0.477599002389364	5.38917479925791e-06	0.000138600299108748
"ENSG00000271714"	24.8229522357366	0.477313322366904	0.000204215818724927	0.001453515819463
"ENSG00000067606"	954.060200217569	0.477290623886796	1.16655224935627e-05	0.000214987835847638
"ENSG00000267909"	112.512058141439	0.476938008563352	0.000108674721193139	0.000925132530117459
"ENSG00000103021"	313.576555986143	0.476552266667962	5.30974395608286e-08	1.02692834512421e-05
"ENSG00000260328"	263.441548291861	0.47612048546108	2.71003103562121e-05	0.000357180430445236
"ENSG00000197043"	4301.1225510457	0.475530582962206	1.38034338096295e-05	0.000235013359213801
"ENSG00000140688"	411.805613757667	0.47545229661379	9.94385658376664e-05	0.000863590329850531
"ENSG00000264112"	307.337294777012	0.475329160517471	3.96107926618448e-06	0.000114500916882291
"ENSG00000133169"	4832.25598549216	0.475047022798237	0.000224821815161276	0.0015623164733028
"ENSG00000261533"	30.283873403674	0.47463244234627	0.000128047043355313	0.00103649728077272
"ENSG00000186732"	2301.43371623924	0.474608276939129	4.62452713413063e-05	0.000508892031323449
"ENSG00000078053"	1626.25630905709	0.474398104718721	0.000801892194508017	0.00398673769227657
"ENSG00000153814"	408.408006461053	0.474392131811866	4.27942054242831e-06	0.000118047541341055
"ENSG00000231133"	25.5126950223806	0.474168491017662	0.000460951572378524	0.00264390517006049
"ENSG00000174567"	28.6803423743001	0.474117153776591	0.00124784444530853	0.00554586791559405
"ENSG00000169744"	1151.97830912498	0.473887290148964	5.34790056243156e-05	0.000559595212043371
"ENSG00000258302"	22.8307098394983	0.473445517639932	0.000493315656152998	0.00277331876068938
"ENSG00000157502"	165.768832249451	0.473221954686421	0.000187946014837463	0.00137139243467454
"ENSG00000134780"	780.134132803409	0.473176358771564	0.000440296716550501	0.00254664898588165
"ENSG00000260750"	37.2252262388775	0.472900002379032	0.000889373534810918	0.00432207415434792
"ENSG00000102683"	28.7634577037965	0.472671448469361	0.00158786160329781	0.00662912000426028
"ENSG00000146267"	621.677811960743	0.472509386645139	5.21768120443663e-05	0.000549981301726685
"ENSG00000150556"	36.4284973030418	0.472371056159013	4.0555974203626e-05	0.00046656519448336
"ENSG00000006210"	1834.28674463481	0.47236534111444	3.59636600050144e-06	0.00010675998239589
"ENSG00000157214"	906.431937050293	0.472328428333352	7.49382110986221e-06	0.000166695623466659
"ENSG00000104140"	82.0437965709491	0.47222146541688	0.00155017724501149	0.00653240100944452
"ENSG00000171208"	335.451073096118	0.471682635598282	9.10680411973253e-07	4.91396298786696e-05
"ENSG00000196878"	135.275603027083	0.471660187740851	0.000367737430070896	0.00222725699641462
"ENSG00000134121"	2145.35314228952	0.471511646817904	4.42326918339627e-05	0.000492750143876566
"ENSG00000186377"	286.567936530289	0.471329761189649	5.99778421134743e-05	0.000606223485789333
"ENSG00000196972"	1092.80520581744	0.471210171975053	8.1810051754628e-06	0.000176465716898798
"ENSG00000170629"	100.979152536971	0.471143443916683	0.0001407797892213	0.00111259986770718
"ENSG00000236064"	33.8569386648737	0.471042268203875	8.49820706025132e-05	0.000776843537589516
"ENSG00000140015"	311.69747385433	0.471017782419728	0.000131064165896645	0.00105224229831107
"ENSG00000101958"	41.7093423046117	0.470951683825465	0.00230301061790773	0.00878158917461503
"ENSG00000074527"	373.020305434794	0.470950548949507	1.46314110908711e-05	0.000244990738431093
"ENSG00000138757"	1831.63704937543	0.470923322313138	3.41819262604829e-05	0.000416024401224342
"ENSG00000114279"	1778.30746826335	0.470816814748905	0.000176993096051054	0.00131108798490233
"ENSG00000078018"	9341.41094233871	0.470485997762196	2.62187693086783e-05	0.000349590884881537
"ENSG00000115844"	36.6330588275757	0.470196459356474	0.0013345540957176	0.00582446238579792
"ENSG00000171224"	458.921534927152	0.470026347406652	6.22513248252509e-06	0.000151207112544762
"ENSG00000221890"	6082.40605883598	0.469626667068252	7.86292425434074e-05	0.000735594392669301
"ENSG00000176490"	3798.82823174945	0.469591142230563	5.40096575749077e-06	0.000138600299108748
"ENSG00000122254"	473.288085324512	0.46939009716498	0.00156554994558688	0.00656715448420292
"ENSG00000119698"	241.309178413676	0.468998029297192	0.00066869157994177	0.00346275215569726
"ENSG00000198146"	269.91872066632	0.468376387753152	0.00115899584214569	0.00525824866390451
"ENSG00000164924"	10436.8556493861	0.468215957896099	2.95948857219442e-06	9.62980657716118e-05
"ENSG00000271849"	22.3793044515834	0.468093014114281	9.82998174590128e-05	0.000856292893685216
"ENSG00000145708"	87.1294111962486	0.467316106073187	0.00244412342440577	0.00916572908590337
"ENSG00000250056"	102.419831210828	0.467239248350499	0.000543945739130011	0.00297236127226822
"ENSG00000138944"	1107.3884943397	0.466600144324629	2.14363849178043e-05	0.000308257722297548
"ENSG00000279255"	32.4687849971345	0.4660765910491	0.00272477514136604	0.00997180017765278
"ENSG00000162975"	1029.52021628386	0.466057899240239	0.000123558691333865	0.00100993226882253
"ENSG00000151743"	129.328158719326	0.465942326786233	6.95950504694797e-06	0.000161032021726946
"ENSG00000096092"	756.664443992944	0.465828864332568	3.23802475885308e-07	2.82924467889025e-05
"ENSG00000261115"	804.492433310003	0.465697766869474	6.45143547195467e-06	0.00015444862138909
"ENSG00000187446"	1499.9195349935	0.46531832454374	6.63757342238787e-07	4.06302988186005e-05
"ENSG00000254507"	35.3608156641968	0.465216313117577	0.000657810450202648	0.00342126761487353
"ENSG00000144285"	1315.64304139548	0.464916081716499	7.99707637192491e-05	0.000742768565881214
"ENSG00000196353"	533.312462481648	0.46398427050236	0.000284814182576029	0.00184887716891217
"ENSG00000164933"	296.421060062597	0.463955311060868	7.6763508201033e-05	0.000722828373448786
"ENSG00000244560"	82.470077978371	0.463730713851598	0.00162162694160407	0.00674030450974615
"ENSG00000154096"	7174.80223419455	0.463409392957199	0.000201983336116949	0.00144203200521818
"ENSG00000166206"	1638.46095923433	0.463269786621606	5.0137272287101e-05	0.00053636598376499
"ENSG00000196872"	1802.38210579097	0.463168536818702	0.000141104979999347	0.00111465810955886
"ENSG00000120756"	61.2307348385696	0.462908386288735	4.25661390463464e-05	0.000481253958116072
"ENSG00000054356"	3449.9280155385	0.462871074359745	0.000217550099718959	0.00152844484345406
"ENSG00000157445"	628.101305056237	0.462647949519266	2.22321846149581e-05	0.000314189321656219
"ENSG00000104738"	646.858888340428	0.462417163091409	3.40815354397993e-05	0.000415177260810521
"ENSG00000143499"	788.596518468819	0.462351889843106	3.6697909684389e-05	0.000435537400398943
"ENSG00000063438"	111.254536060585	0.462258985439886	0.0012435343280122	0.00553504705039003
"ENSG00000155970"	890.69318691835	0.462156683980559	1.64982008691844e-07	1.97756742347181e-05
"ENSG00000143674"	140.232516243727	0.461811947418336	0.00138373901914586	0.00599353289797629
"ENSG00000120437"	241.214197101634	0.461576440070269	0.000485071544649408	0.00274294891525961
"ENSG00000196950"	1576.44178020832	0.461065331427385	2.37493399780994e-05	0.000328087792169362
"ENSG00000089091"	212.82602968788	0.460898911087361	1.82026941946993e-05	0.000277768595011843
"ENSG00000151882"	49.8519188037128	0.460352748741182	0.00229626469458637	0.00876593572586277
"ENSG00000111799"	258.871254632086	0.460203267061716	0.00050587845449467	0.00282258860201515
"ENSG00000129636"	950.242336298585	0.460086239164638	2.62125841182959e-06	9.17592443642935e-05
"ENSG00000150394"	512.71175254877	0.459866333903057	7.96915779870328e-05	0.00074187730226652
"ENSG00000184672"	679.007778284242	0.459856455590977	3.63835102652834e-05	0.000432706607064198
"ENSG00000185745"	793.327215429979	0.459350305673079	0.000265093330025969	0.00174896569173515
"ENSG00000261496"	565.42305512043	0.45934913423476	1.44862657395476e-05	0.000243270333829105
"ENSG00000214659"	53.9014511153964	0.458602323235703	0.00101369676794987	0.00477133236716465
"ENSG00000171132"	1801.91037308665	0.458597950193634	3.04362903865137e-05	0.000386216060149876
"ENSG00000102144"	3843.83465165373	0.458351863113516	1.27223955630738e-05	0.000225371336507641
"ENSG00000065154"	1836.00248823865	0.457959862681478	1.10261653863782e-05	0.000209105826694968
"ENSG00000117016"	5618.21333995972	0.457928329264228	5.51380746497252e-06	0.000140032514861388
"ENSG00000204147"	96.2096062777049	0.457234954935151	0.000157313957496811	0.00120505773841288
"ENSG00000144583"	245.194042282545	0.457190839965826	0.000151519902188458	0.00117694588283842
"ENSG00000047249"	2437.68117642317	0.457141327217242	1.80534206892054e-06	7.19336875748364e-05
"ENSG00000105402"	747.811929852576	0.457108913014969	2.37268073112506e-05	0.000328039786545025
"ENSG00000155966"	168.982953146897	0.457018291383319	0.00140628644238696	0.00606670715934396
"ENSG00000058091"	1478.96550522959	0.45694808741241	3.77302605569098e-05	0.000443984255294955
"ENSG00000164068"	517.158816121768	0.45669549320758	0.000382672723135062	0.00228867632764844
"ENSG00000166006"	806.093808027589	0.45635829622152	0.000171798192486308	0.00128572273359427
"ENSG00000185924"	562.495979922369	0.456285583171485	0.000671481407773476	0.00347093377537683
"ENSG00000225978"	250.203182712434	0.456256608421367	0.000173943029967242	0.00129557826690876
"ENSG00000156642"	3693.78530424443	0.456214468373779	1.91858913212745e-05	0.000287794237788453
"ENSG00000172247"	1431.84258224976	0.455823861744901	3.55163447514809e-05	0.000425914486295385
"ENSG00000145349"	1138.48899935487	0.455776841807735	4.13734748743145e-05	0.000473197091702043
"ENSG00000169933"	518.682479412115	0.455586787960301	7.19927578510161e-05	0.000690229405012966
"ENSG00000050748"	2135.66879984876	0.455451919065107	2.12338828467852e-05	0.000307068458870022
"ENSG00000148408"	1407.70114286568	0.455291924798589	0.000275448046265937	0.00180345653114324
"ENSG00000081803"	1012.07453841779	0.455246987495433	1.07599917854011e-05	0.000206479084283288
"ENSG00000237190"	654.477401628064	0.455196490895802	0.000118986129766758	0.00098495959142156
"ENSG00000233508"	162.668996670586	0.455111478895187	0.000898041769276163	0.00435681876396578
"ENSG00000102924"	78.3862604403978	0.455030731338543	0.00077463685342323	0.00389513169992204
"ENSG00000151136"	271.937461848117	0.454820236847344	0.000391233544366448	0.00232698790572898
"ENSG00000101638"	1599.2442757897	0.454659114159353	2.56456539103353e-05	0.000344604715658549
"ENSG00000196873"	87.2343823426799	0.454605167668735	0.000198451203961203	0.00142508993482862
"ENSG00000205037"	97.7674352216999	0.454593283135035	0.00212671703499675	0.00826720422840989
"ENSG00000184156"	1575.37739002172	0.454570539111377	5.03753638053561e-05	0.000537910134728037
"ENSG00000004766"	511.878592101797	0.454545642065609	5.08200471646641e-07	3.63069537805899e-05
"ENSG00000057294"	44.9078697026426	0.45414307240887	0.000585136340329921	0.00313279994590946
"ENSG00000172350"	494.673799524535	0.454126039184537	0.000604331744475842	0.00320763562061754
"ENSG00000233396"	23.8212014299344	0.454108759906726	0.00194658043923879	0.00774716510996931
"ENSG00000171724"	584.847119030846	0.453614360340407	0.00107778319771494	0.00498974776284756
"ENSG00000125851"	1048.81943620088	0.453564103953142	0.000231106465641995	0.00159248822782052
"ENSG00000129625"	3686.28374092124	0.453549559462532	1.11690295229509e-05	0.000209653767915544
"ENSG00000273301"	69.6164342913433	0.453501830119196	0.000325858744156854	0.00203741611448309
"ENSG00000198961"	4826.88228399491	0.453392197478683	4.39292698424433e-05	0.000491009429738946
"ENSG00000103494"	237.836895833067	0.453007735022582	4.163475873542e-06	0.000116529935302892
"ENSG00000117632"	8471.85966845285	0.452952025979551	4.54831082066542e-05	0.000503772302734936
"ENSG00000176401"	236.259090547611	0.452857167021818	0.000516597066355254	0.00286014323035477
"ENSG00000153563"	73.293157685232	0.452768361027323	1.3478187127808e-05	0.000233400437656901
"ENSG00000171130"	2653.62274521423	0.452624529480978	2.59363701104458e-05	0.000346518363888965
"ENSG00000186297"	772.578830370524	0.452592358155062	0.000366357249081809	0.00222202513334925
"ENSG00000196482"	168.193711848781	0.45249462408393	0.000116153329699937	0.00097008600879428
"ENSG00000106868"	152.813692419205	0.45239974945252	1.87002042227539e-05	0.000283350893737907
"ENSG00000187189"	3387.788249828	0.452067215166448	7.70200668084135e-07	4.44881345628598e-05
"ENSG00000182220"	2032.88605564744	0.452005027983643	1.7763197697867e-06	7.14387668162114e-05
"ENSG00000105509"	106.65234119374	0.451572367634571	0.00149000675236543	0.00633740702457776
"ENSG00000089101"	28.3423554060202	0.451510012455101	4.87922014452534e-05	0.000525898662164776
"ENSG00000100077"	1088.36588535876	0.450878776756312	4.45077304020886e-05	0.000495140488116071
"ENSG00000132386"	832.953772816029	0.450877756840979	0.000181102216176644	0.00133161573987551
"ENSG00000206535"	146.625841268461	0.450722851877321	6.63855874454201e-05	0.000650367169435411
"ENSG00000101079"	2750.55310343289	0.450688598120324	1.88162616892422e-05	0.000284858674104596
"ENSG00000099308"	3251.69485261955	0.450672750136451	7.88530050866285e-05	0.000737260606494371
"ENSG00000180998"	278.366284403035	0.450566476457615	7.8040897459259e-05	0.000732053388537453
"ENSG00000164418"	527.310428595559	0.450453435630571	0.000119135878077017	0.00098495959142156
"ENSG00000144834"	5055.06125648472	0.450370486606383	0.000954177672244918	0.00457026338512511
"ENSG00000110931"	4071.21729202159	0.45033073355282	5.24795593623283e-06	0.000136454781767939
"ENSG00000105516"	641.017419549602	0.450179557382786	0.000140165797317413	0.00111008828720934
"ENSG00000118898"	624.758053521114	0.450178286710065	0.000499910172937218	0.00279995702072494
"ENSG00000253368"	769.548583551904	0.450144545306816	1.49669893686939e-05	0.000247956485085013
"ENSG00000119866"	777.576357778364	0.450127895981759	9.86714338859355e-06	0.00019635044988192
"ENSG00000013016"	2118.28133903244	0.450069159011657	5.35012194609859e-06	0.000138275749336629
"ENSG00000196876"	1670.63903698889	0.450057890113915	9.47142594841131e-06	0.00019248129262102
"ENSG00000145428"	349.526819788138	0.449376196438389	3.7376637522961e-05	0.000441106332967303
"ENSG00000137726"	791.89386860837	0.449282138717298	0.00113091056627215	0.00516349166505105
"ENSG00000112232"	95.427515740939	0.449279610715788	0.000118583150156633	0.000983223392893127
"ENSG00000005381"	40.6210912893508	0.449116829430328	0.00253540579604632	0.00943526399874246
"ENSG00000156136"	249.22123264934	0.448983663980216	1.04509443100685e-05	0.000203267914586677
"ENSG00000155974"	98.511605707013	0.448963162569931	0.000250678450486513	0.00168092886402514
"ENSG00000111110"	934.284774469759	0.448765444609085	1.23898950960293e-05	0.000222617186104335
"ENSG00000137968"	148.8960987534	0.448288829787184	1.15079135888709e-05	0.000213915460696798
"ENSG00000111674"	12688.6140380686	0.447063600195851	0.000349297814998087	0.00215191957393059
"ENSG00000074590"	2068.76511013871	0.446631602357616	1.03442275933668e-05	0.000202565630904008
"ENSG00000166448"	6026.63309704394	0.446331957261052	0.000119735733640777	0.000988020701418356
"ENSG00000138430"	1196.12521377132	0.446231408423812	1.08872626516685e-05	0.00020776325058001
"ENSG00000008056"	8026.0010883749	0.446167341027511	0.00157261715038816	0.00659105405639917
"ENSG00000177301"	1608.10765584957	0.445581052373827	2.27845475075538e-05	0.000319633591073776
"ENSG00000154027"	4101.72083440936	0.445297862918958	0.000301744945723311	0.00193083113410236
"ENSG00000138028"	558.980561124276	0.445092290122006	0.000247450001877932	0.00166641505568265
"ENSG00000198908"	535.435450755124	0.444821493924061	7.33469108695206e-06	0.000165648094623144
"ENSG00000276248"	67.2824722948783	0.444674385467054	0.000542485451355169	0.00296771088171874
"ENSG00000163947"	838.118503234526	0.444520651888218	0.00021065743872086	0.00149158638120204
"ENSG00000146352"	642.749472587352	0.444504059051989	7.48187247499958e-05	0.000709561823207536
"ENSG00000153310"	1084.76753399418	0.443740894785582	7.03354061030372e-07	4.18921572751412e-05
"ENSG00000122733"	2432.8855520058	0.443685814408538	0.000264301685675244	0.00174559659745443
"ENSG00000124507"	9332.86511014674	0.443661241416029	6.34168207316858e-05	0.000628074646291432
"ENSG00000111262"	633.215667965219	0.44365909490437	0.000258691395881896	0.00171737126267311
"ENSG00000118596"	215.791127651337	0.443468238546376	1.2725547829258e-05	0.000225371336507641
"ENSG00000258702"	119.15411557006	0.443154096371162	0.000503937357419034	0.00281837369867846
"ENSG00000087095"	1571.30192749324	0.443010428159676	1.05319208959214e-05	0.000204381008321866
"ENSG00000008118"	1236.42867497906	0.442716592493434	0.000511489654965917	0.00284651517327136
"ENSG00000169884"	560.490372117183	0.442522532993298	7.3670337604121e-06	0.000165648094623144
"ENSG00000172794"	314.365417168385	0.442434248592379	2.82056895291007e-05	0.000366592195681474
"ENSG00000082684"	356.466721064395	0.442221746202177	0.000231253257430068	0.0015928290147831
"ENSG00000272031"	702.817360492279	0.441455018964227	0.000446677431122586	0.00257490241859112
"ENSG00000125864"	60.9212548966116	0.441311293000274	0.00110386533343355	0.00507907885174863
"ENSG00000153956"	1040.43347201019	0.441289323266927	4.07526337410777e-05	0.000467650056390114
"ENSG00000100554"	1842.62067272746	0.44128029204819	1.54304143602579e-07	1.89716944559371e-05
"ENSG00000266094"	237.336227044714	0.441200601433347	6.14404893074644e-07	3.93048506993859e-05
"ENSG00000130477"	4787.98254346832	0.441164349608005	3.51824094209576e-05	0.000424086003755563
"ENSG00000174437"	6398.84073639203	0.441123168490331	1.51291890687569e-06	6.51224054052547e-05
"ENSG00000242779"	58.3863296175782	0.440572374058436	0.00209338280282802	0.00818011309536408
"ENSG00000130032"	415.893860804832	0.440376323979017	9.38398624347513e-06	0.000191155686637796
"ENSG00000113805"	314.225677107722	0.440219693465657	0.000195082021307646	0.00140567847841457
"ENSG00000177511"	1880.15603040273	0.440052539949032	0.000156919352843347	0.00120314156814812
"ENSG00000115419"	3102.03346194036	0.439523297112589	0.000113407671193862	0.000952701924968252
"ENSG00000145545"	492.568577924429	0.439185078993687	1.70402506632823e-06	6.93338969160933e-05
"ENSG00000197586"	1806.11358248685	0.439083470084373	6.31308051893835e-05	0.00062560192845415
"ENSG00000111897"	7008.03127796626	0.438991849330861	5.56079561510711e-06	0.000140761727827704
"ENSG00000085382"	531.404908075172	0.438707659736071	9.55564210202442e-06	0.000193489678447075
"ENSG00000170500"	3198.64412723647	0.43865354514388	3.67991325348022e-05	0.00043620701343821
"ENSG00000133958"	683.050225579975	0.438605912860904	3.79210619482945e-07	3.02433000493043e-05
"ENSG00000145730"	1447.16338830155	0.43841146903157	2.08030591240649e-05	0.000303717605345657
"ENSG00000248522"	34.8403640833575	0.43810501542929	0.00272968362217279	0.00998640684133054
"ENSG00000150995"	2008.46643185778	0.437813114442052	2.46361576880459e-05	0.000336033163396541
"ENSG00000184388"	110.063052636299	0.437456935102906	0.000918941107259043	0.00443073761323527
"ENSG00000160396"	325.007598984304	0.437366816287426	0.000406142740791107	0.00239743998533516
"ENSG00000196890"	24.3526794389829	0.437255585238356	0.00231559223433007	0.0088143054244855
"ENSG00000129990"	2955.19205570709	0.437051176657177	0.000580939437406277	0.00311711675064659
"ENSG00000125510"	424.262987958574	0.436380634576099	0.000315159530718341	0.001990767340277
"ENSG00000157087"	5761.91433149953	0.436199205560001	3.98483026967998e-05	0.000460341499543634
"ENSG00000131089"	2601.0405363262	0.436156434988862	6.0950706336928e-06	0.000150092204317245
"ENSG00000185090"	106.80589854831	0.435976690381372	9.58053687382559e-05	0.000840518762533944
"ENSG00000148154"	457.577653310893	0.435917188738685	3.4623604364545e-06	0.000104191626210999
"ENSG00000187122"	1736.16383548268	0.435728920750261	0.000370578504741183	0.00223814124232364
"ENSG00000004059"	1176.03990382427	0.43566825505174	5.94333452778266e-05	0.000603199394025489
"ENSG00000152154"	2247.38271940378	0.435639622697626	1.98888383491004e-05	0.000295126357330229
"ENSG00000048991"	2664.84050014811	0.435291013473426	2.77707209364347e-05	0.000361914174558794
"ENSG00000080854"	184.742814578667	0.435021595792503	0.00237026034006994	0.00895310318929644
"ENSG00000101222"	253.692537716582	0.434432973346222	0.0004208071543977	0.00246205083230714
"ENSG00000137124"	163.343476341322	0.43389138978521	1.23406455853369e-05	0.000221963983762177
"ENSG00000168490"	11773.1398863795	0.433642579322544	0.000154192673967379	0.0011891211904124
"ENSG00000164946"	53.949546870058	0.433232163677379	0.0015905480447066	0.00663415607008548
"ENSG00000213424"	138.798298940939	0.433012588927867	9.81967762974707e-06	0.000196081054070099
"ENSG00000166685"	639.71897873496	0.432737370215401	4.04098165643859e-06	0.000115543882478866
"ENSG00000142875"	3826.13848902064	0.432593681394895	3.83635769152705e-05	0.000447829014691906
"ENSG00000169032"	1386.72197244321	0.432536433334685	0.000157165852707044	0.00120449502344004
"ENSG00000152784"	902.528591398927	0.43194100318765	0.000669924466977133	0.00346705046604853
"ENSG00000138018"	666.106661430276	0.431916097322006	1.28107166400631e-06	5.94368909771986e-05
"ENSG00000172031"	250.327900680196	0.431333506977967	8.33946430212058e-06	0.000177671316467367
"ENSG00000131100"	4152.95213968238	0.431221168394743	1.52739101604385e-05	0.00025158834027907
"ENSG00000270111"	57.4109945490502	0.431207571394625	0.000387080948832731	0.00230787127546165
"ENSG00000171246"	4330.18125907634	0.431197144824807	0.000372837071837785	0.00224570633637863
"ENSG00000266524"	104.678343456659	0.430890805721129	0.00111811057818756	0.00511713509290057
"ENSG00000164690"	51.4594228213437	0.430807668278456	1.45803817883394e-05	0.000244374013361915
"ENSG00000143921"	24.6513846400935	0.430530833152258	0.000863345724622681	0.00422061061003414
"ENSG00000125966"	225.263349098711	0.430325335440586	5.07862621242722e-05	0.000539953014172389
"ENSG00000260464"	47.9976401844517	0.43021964724364	0.00224450957591141	0.0086118166620149
"ENSG00000179918"	240.875787383122	0.429999002759625	0.00097726410715216	0.00465200416936121
"ENSG00000111726"	1339.02559125637	0.429235947642972	9.0931041322229e-07	4.91396298786696e-05
"ENSG00000174405"	330.077935045075	0.429166688060702	9.60469986140137e-06	0.000194033932069513
"ENSG00000197885"	565.626074659395	0.429008583600446	9.43660446571432e-07	5.03139700877086e-05
"ENSG00000164542"	179.651178918432	0.428857102055773	1.90419390977765e-06	7.44929312931877e-05
"ENSG00000044524"	70.846998822282	0.428844287636561	0.000805247184576103	0.00399888751398474
"ENSG00000152578"	1104.19223580623	0.428605841494637	3.20632158124455e-05	0.000399351761056168
"ENSG00000188672"	28.9394426237353	0.428089452186393	0.000524522239366369	0.00289111353365812
"ENSG00000104888"	12241.9469028004	0.427922804892589	0.000480769045998774	0.00272488560710467
"ENSG00000135750"	790.596696081537	0.427837298025406	9.27385144372443e-05	0.000824113602998599
"ENSG00000138663"	482.157097889841	0.427608659460927	1.16845992367122e-05	0.000215109098033719
"ENSG00000143367"	184.630224120565	0.427445089925262	3.20426089673996e-05	0.000399351761056168
"ENSG00000155858"	507.824425540269	0.427203205318608	8.78640026725873e-05	0.000796420788837938
"ENSG00000254198"	22.411471966547	0.42709492613062	0.00119201943646473	0.00536284123362975
"ENSG00000138400"	57.1648520542674	0.427032332397435	0.00109679039818109	0.00505463269715958
"ENSG00000132821"	2769.71269018725	0.426939299991843	0.00015783577824106	0.00120694235933512
"ENSG00000156564"	245.693408926196	0.426755157142107	0.000518946488110802	0.00287038107321698
"ENSG00000072858"	437.498053810201	0.426667827325517	0.00037649224108172	0.00226197589729132
"ENSG00000258057"	60.2537802033718	0.426505917949913	0.000194083093750265	0.00140249886344388
"ENSG00000203685"	1109.74820048428	0.426333916162207	0.00146086815989383	0.00624543297441498
"ENSG00000236279"	867.776975890954	0.426269763160888	0.000304644032938935	0.0019450436717277
"ENSG00000204186"	385.652456459518	0.426108045037349	8.72049457131627e-06	0.000183953275804004
"ENSG00000104427"	335.341345228798	0.425795788977043	1.35993566488648e-05	0.000234163697538546
"ENSG00000205181"	81.8760605322058	0.425614688174197	0.00224422065595339	0.0086118166620149
"ENSG00000072041"	420.612559787202	0.425437108337763	0.00090922323938952	0.00439990430689115
"ENSG00000175497"	791.071826098459	0.425240765300256	8.79714127993993e-05	0.000796974699218979
"ENSG00000185105"	109.949746207726	0.425061007251602	0.000500032991443006	0.00279995702072494
"ENSG00000149313"	1098.33813162876	0.424727767931016	4.91335419517008e-05	0.000528731654964861
"ENSG00000075035"	471.967745655549	0.424403154524046	0.000499811726854865	0.00279995702072494
"ENSG00000189159"	851.066233892531	0.424311615266537	9.08261405371326e-06	0.000187503604236563
"ENSG00000095713"	565.128748505473	0.424130896921778	0.000842540635598863	0.00413652366245386
"ENSG00000148357"	50.8511294821245	0.424082246028831	0.000747586822973579	0.00378501318112868
"ENSG00000115840"	1021.96338567662	0.42388698839413	0.000382438049066081	0.00228811475098174
"ENSG00000136842"	405.886020434615	0.423237486056817	0.00072728721934853	0.00370050100698973
"ENSG00000137821"	390.122949480722	0.42322344731739	4.39689444886277e-07	3.29613197180732e-05
"ENSG00000179222"	3091.73964955922	0.4231325188769	9.84923714567989e-05	0.000857271313207266
"ENSG00000160145"	3039.13923697487	0.422797303283219	1.33041661672446e-05	0.000231317790138164
"ENSG00000253598"	28.3509890119378	0.422529052945539	0.000235525169744839	0.00161132541606435
"ENSG00000134709"	311.048073039823	0.422518936897838	2.36539763334533e-05	0.000327559046361811
"ENSG00000163449"	104.819461151982	0.422496295784634	3.07678564052615e-06	9.78609655563818e-05
"ENSG00000025772"	943.01589537787	0.422437608266431	9.81440847516446e-06	0.000196081054070099
"ENSG00000149243"	187.899289263092	0.422390161187887	0.000369002051085684	0.0022317752302663
"ENSG00000145075"	144.127548324741	0.421586369970091	4.38477481986636e-06	0.000120049516936366
"ENSG00000272419"	76.032374721012	0.421576047549401	3.26441256784304e-05	0.000404247003814981
"ENSG00000138100"	256.533667583132	0.421448689694367	0.001136259602235	0.0051851634499658
"ENSG00000227082"	69.7174022926794	0.421444296372953	2.02395455543093e-05	0.000298528961119388
"ENSG00000163399"	7786.7805968844	0.421413037214069	0.000254456383719045	0.00169761317016504
"ENSG00000179899"	24.5606320748514	0.421285127859639	0.0025225412517629	0.0094024475025108
"ENSG00000198836"	1241.11265569549	0.421050674639411	2.68277572244742e-06	9.21728912384977e-05
"ENSG00000117009"	23.4610569379515	0.420766379022464	0.000519274290656855	0.00287127155961338
"ENSG00000135423"	82.2730167630581	0.42034108324581	0.00113997712917776	0.00519506100882237
"ENSG00000162981"	1326.13185944986	0.420315739268921	3.71512826370696e-05	0.000439206750021895
"ENSG00000279369"	71.0522580722943	0.42010276407619	0.00247639797552036	0.0092585226656455
"ENSG00000260230"	2301.13294635288	0.419861388818254	0.000548395393173409	0.00298867608099252
"ENSG00000189241"	5490.00708058118	0.419656912943259	9.70454911673681e-06	0.000194923549371991
"ENSG00000007174"	164.159066191629	0.419594268936978	6.50499730167545e-06	0.000155141340749466
"ENSG00000188760"	390.546752421547	0.419589576701631	0.00115847924026744	0.00525729057809741
"ENSG00000042317"	251.125950548359	0.419413920590099	3.55320514913247e-05	0.000425914486295385
"ENSG00000168778"	196.2114263239	0.419231203257255	0.000588301808707968	0.00314542353908502
"ENSG00000135018"	1628.73821163166	0.419204247263048	2.74505195548547e-05	0.000360416318152337
"ENSG00000004660"	3056.36634559521	0.418798418744854	0.00130203771331373	0.005726105048357
"ENSG00000248905"	422.922616214618	0.418708899316768	1.06259902524908e-05	0.000205511427209128
"ENSG00000169914"	550.75920992185	0.418569221816607	4.93730550686879e-05	0.000530498375091963
"ENSG00000171603"	10920.6302360952	0.418515893929371	1.53764045149314e-05	0.000252551575301062
"ENSG00000116750"	677.863796532338	0.418355946961247	1.15417233708929e-05	0.000214312496637734
"ENSG00000172020"	9108.37221841956	0.41831705616401	6.86974712094432e-06	0.00016001212069393
"ENSG00000135249"	148.418760236019	0.417864631087119	0.000112125309961054	0.000946548778989516
"ENSG00000126950"	747.096798907631	0.417728420930611	0.000739260595171539	0.00375033675941282
"ENSG00000162851"	67.6432243730811	0.417693215385341	1.29042388296835e-05	0.00022665373772994
"ENSG00000075303"	243.995129742577	0.417645800148609	7.03310541998855e-05	0.000678592172613582
"ENSG00000176396"	420.370469122856	0.417638141292683	4.12028791661024e-05	0.000471873026670739
"ENSG00000279113"	74.5157160954717	0.417383793758649	0.00030789431609812	0.00195708451366209
"ENSG00000166573"	43.7988380410462	0.417331486819281	0.0016538549080371	0.00685145716775997
"ENSG00000134775"	344.38594294331	0.417235165384683	0.00025454828282089	0.00169761317016504
"ENSG00000109832"	634.513848453829	0.416267486769072	3.42948101663108e-05	0.000416596024977211
"ENSG00000215126"	157.507685572444	0.416078193149897	0.000560989859702421	0.00304136014332528
"ENSG00000172915"	1017.47677414757	0.416047579077496	4.60305028991707e-05	0.000507899388720144
"ENSG00000116903"	216.515022777583	0.415809368160419	3.82107634485448e-07	3.02433000493043e-05
"ENSG00000177098"	1400.02348854543	0.415725810595623	0.000187557436300724	0.00136971835004003
"ENSG00000146386"	181.737098449902	0.415717100669574	7.94839760811915e-06	0.000173336712003279
"ENSG00000141655"	94.8921476358071	0.41549076057423	0.000203582857116537	0.00145122800939123
"ENSG00000162377"	388.488630833331	0.415316842133197	3.65783649782914e-05	0.000434522702809751
"ENSG00000112149"	431.407615802302	0.414889975332743	0.000160759174509468	0.00122169875091897
"ENSG00000144635"	589.085434738818	0.41486445788113	5.08335319881611e-07	3.63069537805899e-05
"ENSG00000183023"	1176.83914511026	0.414789166369789	6.01146506273084e-05	0.000606537796745522
"ENSG00000188229"	3334.47145262276	0.414773627472174	2.2656975090451e-05	0.000319563576166877
"ENSG00000085377"	502.895168655437	0.414597720309749	2.51480312637485e-05	0.000339508284033649
"ENSG00000101447"	30.615995353672	0.414488110128831	0.00158883721916518	0.0066315846395466
"ENSG00000158258"	1146.45366447665	0.414487445888599	0.00249386644223775	0.00931169697835972
"ENSG00000164076"	3192.35353190703	0.414320525947636	0.0019842827843871	0.00785363521905153
"ENSG00000125848"	193.356618233875	0.414309494932772	0.000635431442387943	0.00333465896884868
"ENSG00000100341"	56.521221365731	0.414268205963227	0.00101006420651605	0.00475813770847314
"ENSG00000182916"	964.131148024439	0.414228081400932	1.34440456024934e-05	0.000233043662593876
"ENSG00000077092"	184.727622001662	0.414039614436848	0.000111847037948144	0.000945126688365933
"ENSG00000156976"	10471.5627265088	0.413724277766435	2.46917963592975e-05	0.000336033163396541
"ENSG00000221955"	200.383485902872	0.413608579382255	0.00173406323345163	0.0070797984908451
"ENSG00000162543"	190.111283245521	0.412950332728138	0.00140496128989538	0.00606409194658204
"ENSG00000162951"	422.61214889104	0.412942803051544	2.71565007266363e-05	0.000357373736244336
"ENSG00000162783"	535.61147392611	0.412893283818356	0.00034482192781498	0.00213044502637446
"ENSG00000174132"	367.839767910878	0.412696677124631	6.20133458393974e-07	3.93048506993859e-05
"ENSG00000197535"	3794.91295626972	0.412392290230234	1.13221577338301e-05	0.000211835109861324
"ENSG00000146701"	2233.37139291812	0.412318351155345	8.6470884640995e-06	0.000182628630346681
"ENSG00000135622"	571.061043312024	0.41221949677764	1.00874781419163e-06	5.24914566211091e-05
"ENSG00000112796"	394.174944034316	0.412150224868427	4.89891369286315e-05	0.000527690872310722
"ENSG00000130649"	212.254023373202	0.411488641509478	0.00166444118657906	0.0068707334130232
"ENSG00000146858"	33.8476124961922	0.411428647327967	0.0022398506212721	0.00860208584202515
"ENSG00000261963"	77.6010470197367	0.411065426681907	0.00204458060518758	0.00803868569143302
"ENSG00000185274"	2390.4161273042	0.411052260114773	0.000382003669025065	0.00228631055456483
"ENSG00000088325"	49.0402900305438	0.41092444248006	3.47807956055616e-05	0.00042012760333932
"ENSG00000139278"	129.681444893513	0.410414957531931	0.000622963846085425	0.00328023147221426
"ENSG00000178974"	625.593425015065	0.410265598121199	0.000183236683474203	0.0013444386328395
"ENSG00000154917"	6188.77742765615	0.409584486910688	8.91474406901315e-05	0.000804242608280521
"ENSG00000133424"	750.266622112204	0.409399887883116	0.000198855185600187	0.00142680046258275
"ENSG00000178947"	1529.26250635104	0.409355459821107	4.22482983822197e-05	0.000479064532314326
"ENSG00000176273"	44.7285394157482	0.409335592839194	0.000176144513856763	0.00130801359664213
"ENSG00000116329"	578.318137894928	0.409112031621423	0.0025422062780478	0.0094481359239359
"ENSG00000156711"	574.597486412923	0.409078554209503	0.000209966549809194	0.00148730626414224
"ENSG00000255693"	110.601279647083	0.409063287822504	0.000243760506468439	0.00164859517124721
"ENSG00000197959"	1722.18621986841	0.408307154588784	2.44580648548662e-05	0.00033492177434114
"ENSG00000021645"	2351.31690478419	0.408207669380119	2.09034491124504e-05	0.0003044086883017
"ENSG00000082213"	337.766453107776	0.408030184398927	2.84257578854633e-06	9.42760251411328e-05
"ENSG00000196776"	2254.10507417294	0.40802921538093	6.99047632181425e-07	4.18818609406501e-05
"ENSG00000131437"	3425.60496363802	0.407995960408665	7.5806875945956e-05	0.000715953136775017
"ENSG00000106852"	273.169545099597	0.407938448391618	0.000624745511425729	0.00328760149439654
"ENSG00000273032"	255.194060390532	0.407713994704265	0.0014031806876935	0.00605792555236223
"ENSG00000104369"	225.701527914289	0.407411627988702	0.000127725372634602	0.00103509267380386
"ENSG00000148090"	364.023569898584	0.407251528557933	5.63652891583661e-05	0.000579579284517895
"ENSG00000153130"	1910.33464977734	0.407122347726486	2.33512753332864e-06	8.56322310013595e-05
"ENSG00000156050"	263.865238427166	0.406580933724717	1.57896070073179e-06	6.6614339562981e-05
"ENSG00000116983"	3815.65482796315	0.406521614002093	4.02481845229669e-05	0.000463716198255575
"ENSG00000152760"	71.4333214015608	0.406471499946678	0.000422617079166054	0.00246815025277028
"ENSG00000173930"	27.0892655036748	0.406374466905868	0.00115433141826081	0.0052431883543648
"ENSG00000234882"	54.3224560498756	0.406305221728035	3.39353142463465e-05	0.000413981973155466
"ENSG00000198380"	707.179189666211	0.406262983443173	0.00023716720543072	0.00161934117694525
"ENSG00000029153"	247.771751456535	0.406185845548093	0.000583833492195853	0.00312777027736297
"ENSG00000066557"	277.572525961155	0.406056112478173	5.75518384114219e-06	0.00014378708185502
"ENSG00000183307"	369.549658055631	0.405876100537736	4.2983497950695e-05	0.000484289296607564
"ENSG00000221823"	2975.52866124053	0.405620733572211	2.0860502105272e-05	0.000304298154862751
"ENSG00000077522"	1084.68148087255	0.405414281503572	0.000250480949685044	0.00168092886402514
"ENSG00000154127"	166.463574368341	0.405392405673211	0.000184742830994409	0.00135284055909595
"ENSG00000162694"	561.079104341453	0.404732428848624	7.91246740292044e-05	0.000738902883633034
"ENSG00000181418"	3523.79924047727	0.404656167758861	5.05126711467818e-05	0.000538417622896665
"ENSG00000102096"	259.859505365198	0.404335702974468	8.97204017326279e-05	0.000806874229374986
"ENSG00000273628"	30.3915514203938	0.404312678884557	0.00130339497939744	0.00572914652205521
"ENSG00000204851"	3579.51344636181	0.404032444629626	0.00141949779836754	0.00610845390082512
"ENSG00000137563"	165.82495909643	0.403648000187366	9.33301900500168e-06	0.000190568512613397
"ENSG00000174684"	3708.25057853736	0.403618194922279	0.000300804115700293	0.00192662155124326
"ENSG00000154914"	291.198886376488	0.403554124501199	0.000767471487841878	0.00386610673696876
"ENSG00000142192"	18666.1663243502	0.403520713280947	0.000151134747246448	0.00117465734650588
"ENSG00000138686"	376.630590506972	0.403326605939343	2.32213442828423e-05	0.000323069455187846
"ENSG00000135549"	52.5587672690528	0.403299488917489	0.000158651371563737	0.00121134858738178
"ENSG00000179148"	51.1096062737099	0.40310315108514	0.00245308329900418	0.00918931943977344
"ENSG00000134265"	1182.64445158323	0.402978827379191	4.21067174677224e-06	0.000116907599294415
"ENSG00000184702"	5964.93125072097	0.402933811678202	5.07588434582734e-05	0.000539953014172389
"ENSG00000164038"	509.407875468872	0.402848336090604	0.000147373677810344	0.00115343216912309
"ENSG00000272505"	221.564978260909	0.402535203052806	0.00106199916055334	0.00493658967070068
"ENSG00000113387"	2277.76243135891	0.402396649977979	1.17883338836201e-06	5.78098550252858e-05
"ENSG00000100744"	251.403925748946	0.402029024001973	1.44850110870865e-06	6.36888786314484e-05
"ENSG00000083097"	519.899020455913	0.40201184437756	8.08776357227968e-05	0.000748946292835489
"ENSG00000171914"	1654.14782350661	0.402003751181462	2.74390705370493e-05	0.000360416318152337
"ENSG00000166681"	5899.96203496066	0.401828102903438	5.40423801924727e-06	0.000138600299108748
"ENSG00000075945"	1801.89619111056	0.401631380579462	1.71216723872261e-05	0.000268864977591531
"ENSG00000075340"	2484.00456761255	0.401466376649911	0.000293971084378233	0.00189375908510573
"ENSG00000122824"	243.91629431232	0.401119771744123	0.000588106007160711	0.00314542353908502
"ENSG00000164209"	783.069143903343	0.400983114656847	1.05900523399928e-06	5.41286975513469e-05
"ENSG00000124243"	762.987470697727	0.400862469897268	9.25738716177644e-07	4.97960641298931e-05
"ENSG00000095002"	444.917823392129	0.400687572884782	7.3811705441208e-06	0.000165648094623144
"ENSG00000155906"	286.487718505404	0.400636520142586	6.45909914149674e-05	0.000636407976660466
"ENSG00000115540"	386.403910998554	0.400620758709654	3.91393907101324e-09	1.72745213408592e-06
"ENSG00000240204"	97.3371331517112	0.400510060136758	0.000462674193047192	0.00265201827669707
"ENSG00000187801"	61.3574706285886	0.400375933966035	8.07795306634059e-06	0.000175120662633401
"ENSG00000188312"	58.8346246826737	0.400181444844104	1.11037016668875e-05	0.000209340653660607
"ENSG00000165338"	327.794962635684	0.399985701960813	1.08318897539557e-05	0.000207165909260933
"ENSG00000116752"	610.010698646725	0.399935903129072	2.44522719929567e-06	8.79527906328516e-05
"ENSG00000197177"	1196.92999034341	0.399854979551651	3.77756844694717e-05	0.000444148126211077
"ENSG00000115641"	363.038448977437	0.39978384868245	0.000121162013796434	0.000996446126840903
"ENSG00000162746"	57.0109987239233	0.399616644401103	0.000962396380137367	0.00459903633850763
"ENSG00000109084"	177.790340813584	0.399564546938415	1.39661727586598e-07	1.80034511905653e-05
"ENSG00000144406"	1599.57347310033	0.399496404208456	9.3040519546996e-05	0.000826351423221349
"ENSG00000138071"	2634.75199277071	0.399104279417789	3.37174370930236e-05	0.000412200457870892
"ENSG00000092096"	11540.755433984	0.399087569710959	0.00024431563182949	0.00164982541023186
"ENSG00000229931"	25.0210468981597	0.398995473350683	0.00123811281053458	0.00551971919392169
"ENSG00000072657"	382.455343647967	0.398982730918429	9.7336747524965e-06	0.000194923549371991
"ENSG00000187601"	688.534041743695	0.398931059372056	0.000107689674810373	0.000918564109272026
"ENSG00000171714"	496.986934599638	0.398821782430421	7.49281499075576e-07	4.37199404867386e-05
"ENSG00000196730"	1110.56251186384	0.398633949398326	0.000516249954329233	0.00286014323035477
"ENSG00000279277"	21.4818528084626	0.398598140953279	0.000368003200162097	0.00222808268884635
"ENSG00000099365"	6959.55959831865	0.398398850547641	0.000234986973157357	0.00160956258215583
"ENSG00000125962"	82.9734017573554	0.398277557880784	0.00108876488119929	0.00502706810624553
"ENSG00000168243"	557.645320190763	0.398247215449776	0.000167921422207899	0.00126385283798188
"ENSG00000113597"	271.943923258002	0.398050165491338	1.17959372715516e-05	0.00021577414267292
"ENSG00000106484"	351.687439713499	0.39790739876256	1.2642944173707e-05	0.000225100896793711
"ENSG00000173013"	90.9475408970693	0.397678424829828	0.000545922070990124	0.00298126795937595
"ENSG00000128578"	308.970974615608	0.397633273763568	3.59732700805298e-06	0.00010675998239589
"ENSG00000261167"	29.4754102026691	0.397457101457587	0.000262992030498971	0.00173873294887623
"ENSG00000162817"	2764.53224136421	0.397452412846069	0.000273275501573932	0.00179195855565413
"ENSG00000104221"	56.7654377378813	0.397024844105695	0.00245978228678817	0.00920753533033074
"ENSG00000187595"	45.5906996849542	0.396978522934614	2.33079388271169e-05	0.000323548025025132
"ENSG00000135454"	1260.30678000737	0.396901461860975	0.000159622797093642	0.00121682338634759
"ENSG00000175582"	3585.40210998341	0.396122126971904	4.58744078273952e-05	0.000506501720290542
"ENSG00000183783"	187.157705585387	0.39610070205191	0.000118353753179786	0.000982267672846507
"ENSG00000206579"	269.038920704441	0.39552813772678	3.33539912628019e-05	0.000409139224058425
"ENSG00000176383"	142.990908489948	0.395384074614187	0.0021781494625508	0.00841582193016543
"ENSG00000136153"	1001.44069431697	0.395312605137575	9.54257928790203e-05	0.000838042945319682
"ENSG00000183578"	163.991561434016	0.395112386507952	0.00010143383495564	0.000876936514862595
"ENSG00000138698"	1200.87845040214	0.394893550968682	1.17764623389457e-05	0.00021577414267292
"ENSG00000132429"	162.515494856367	0.394829947300115	0.000193963931010032	0.00140222643615107
"ENSG00000065559"	1327.9330829072	0.394784649862995	0.000354434052759329	0.00217422428729378
"ENSG00000134375"	628.068808453448	0.394770683676602	5.23031692296544e-06	0.000136454781767939
"ENSG00000135932"	1539.86450907341	0.394697728524716	1.78357846911516e-05	0.000275275005702711
"ENSG00000251022"	403.065636332277	0.394531805746037	0.000116356791233372	0.000970372794331415
"ENSG00000180530"	204.154988465188	0.394511623663977	0.000382797835781088	0.00228867632764844
"ENSG00000198780"	200.742952555201	0.394149045323524	0.0023607968645012	0.00893091718286894
"ENSG00000054793"	4410.99332405154	0.394115485155527	9.41300689329588e-05	0.000832623581289004
"ENSG00000106976"	16890.7945262379	0.394048796002831	0.00121762188189176	0.00544812203093392
"ENSG00000162373"	408.80109972018	0.39402745016037	1.65243183284787e-05	0.000262877163944643
"ENSG00000248441"	95.5884613483321	0.393981059229323	1.82974403298127e-05	0.000278720212740766
"ENSG00000215252"	1182.44456911015	0.393965509983218	0.00234617514582886	0.00889531118615688
"ENSG00000147724"	358.781128500274	0.393705451726431	0.000402128818975328	0.00238027625894853
"ENSG00000052802"	1069.77183747955	0.39369952718045	0.000362019997667439	0.00220504254064035
"ENSG00000177889"	1243.48019359272	0.393592513094558	5.49980423633534e-07	3.76888026803345e-05
"ENSG00000165194"	363.781521981583	0.39345270031002	0.000609126429902827	0.00322017605587142
"ENSG00000091129"	4159.57251535307	0.393379823877161	8.5328320719238e-05	0.000779594683938558
"ENSG00000166257"	3675.70464874676	0.393337475820498	0.000185016400027751	0.00135403371329833
"ENSG00000124217"	160.447770805574	0.392949701169015	0.000528460679309194	0.0029061960616451
"ENSG00000197372"	148.383509259463	0.392634722654986	0.000381069825102356	0.00228310299320809
"ENSG00000111885"	198.717939914643	0.391554692670822	0.000516521222709698	0.00286014323035477
"ENSG00000102349"	75.6297213994898	0.391508439985328	0.0004345866625885	0.00252124712609904
"ENSG00000197008"	117.992282371721	0.391454358801111	5.5111327187062e-06	0.000140032514861388
"ENSG00000110218"	97.7782878344748	0.391036477905408	0.00117427559754194	0.00530798473227138
"ENSG00000120549"	524.546511865596	0.391032849848752	0.00026201232502892	0.00173398739841159
"ENSG00000142197"	521.890644975549	0.390690897354243	0.000226518191937504	0.00156918769171603
"ENSG00000171680"	1798.89770861866	0.390309391913	0.00182534026646841	0.00736694612487675
"ENSG00000116141"	567.379252637537	0.3900405287108	8.34011640653182e-06	0.000177671316467367
"ENSG00000183662"	254.306262995092	0.389893442065034	0.000186259324026959	0.0013613935220705
"ENSG00000164506"	845.408803510447	0.3898237162778	0.000496135694718477	0.00278447463749239
"ENSG00000136521"	1359.27495109186	0.389576535556096	1.01851986920796e-08	3.24662639049567e-06
"ENSG00000221866"	896.380163575316	0.389385699623769	0.000928755833347141	0.0044680475571281
"ENSG00000103356"	363.132201296448	0.389235528823683	3.19083786572412e-09	1.50744136936692e-06
"ENSG00000131015"	34.3091418070634	0.38874234143917	0.000381505129741617	0.00228412097330172
"ENSG00000263878"	139.712131273566	0.388480288619148	1.46521968595797e-05	0.000244990776103671
"ENSG00000151376"	647.226856178671	0.388438424119849	6.37221213528457e-05	0.000629649181886643
"ENSG00000175606"	431.481997261462	0.388280999438174	1.97700320017943e-05	0.00029393125335245
"ENSG00000241973"	5707.70860081281	0.388194847799799	0.000375182463556948	0.00225646951265051
"ENSG00000040933"	1317.12873676273	0.388127405202817	1.09121367025085e-05	0.000208007319003632
"ENSG00000068366"	722.934500307562	0.388045740665016	6.16437684410408e-06	0.000150639268852182
"ENSG00000176749"	3102.8220872544	0.387992103911923	0.000205034912242322	0.00145837435720128
"ENSG00000106367"	1523.59768555686	0.387983735900045	8.7511112961485e-06	0.000184147773521521
"ENSG00000260837"	392.497276626797	0.387909925463772	0.00108156371179707	0.00500362721135204
"ENSG00000222019"	36.1183864909274	0.387760107795071	0.00124200241257021	0.00553276074730099
"ENSG00000234336"	118.565397137144	0.387754621819088	8.25652623222218e-05	0.000760404419664208
"ENSG00000267372"	268.799792871108	0.387581136069681	0.00172343197329173	0.00705637284013364
"ENSG00000165678"	3867.65458616781	0.387523153229884	2.55858600708577e-06	9.06682528583859e-05
"ENSG00000169139"	1832.52261886718	0.387390618629941	1.93638775048668e-07	2.15038982897595e-05
"ENSG00000186416"	374.921799132834	0.387342324324013	1.1038841793588e-05	0.000209105826694968
"ENSG00000198478"	938.259801079182	0.387284456820873	0.000112002489180899	0.000945975881389019
"ENSG00000198010"	765.362211255493	0.387078839706657	0.000160262062300726	0.0012195361973397
"ENSG00000100600"	670.504350850573	0.387021686071608	1.05974386073339e-06	5.41286975513469e-05
"ENSG00000151917"	815.306420186333	0.386951784205531	2.03368006929686e-05	0.000299626274613903
"ENSG00000138036"	380.589465815514	0.386833159354552	4.47720578828869e-06	0.00012155543096816
"ENSG00000183317"	604.701721153972	0.38638559747203	0.000250812249181829	0.00168092886402514
"ENSG00000084731"	3540.38273185496	0.386223369817681	0.000421974623223967	0.00246679657256626
"ENSG00000132359"	1705.25477278518	0.386102347420717	0.0011757418306674	0.00531321715181885
"ENSG00000197872"	1919.77054069164	0.386098445280737	3.22889968327395e-06	0.000100822933903302
"ENSG00000111731"	883.06460488216	0.385994079224408	1.15895624681907e-05	0.000214561878895536
"ENSG00000136052"	155.120336931391	0.385914382000153	0.000146812623001568	0.00114972050942948
"ENSG00000146006"	552.059714510777	0.38576608465345	0.000256561286505867	0.00170641013316287
"ENSG00000136404"	97.8466525222688	0.385375488193434	0.000628838694723847	0.00330207457360634
"ENSG00000128654"	560.546915726469	0.385321326038998	5.65790572218208e-06	0.000142174498096234
"ENSG00000117724"	43.1563585140328	0.385199646782452	0.00247477114656187	0.00925445052048002
"ENSG00000150594"	104.756246837432	0.385129162356899	0.00226234278428175	0.0086652662095776
"ENSG00000128609"	2139.28694451795	0.384933831026461	5.37947504654279e-05	0.000561533680874112
"ENSG00000176871"	2514.33670139785	0.384714321907123	1.48992655411658e-06	6.45154307951672e-05
"ENSG00000184178"	202.550712117455	0.384543484178792	1.2325306944776e-07	1.72484153203601e-05
"ENSG00000072401"	209.778889997555	0.384371455737899	3.78653261783027e-06	0.000110846234610055
"ENSG00000155961"	319.538426068532	0.384104971396211	7.20183588801073e-05	0.000690229405012966
"ENSG00000102385"	995.79228536856	0.383633598676251	0.000199518669422797	0.00142858355107096
"ENSG00000162639"	198.746971195638	0.383470405238649	1.80048006264627e-05	0.000276464436381179
"ENSG00000116514"	265.429719705976	0.383401465599239	0.000208866264579302	0.00148134116695654
"ENSG00000187790"	64.3690723508042	0.383176655159547	0.000244229499554361	0.00164982541023186
"ENSG00000128463"	831.742071358467	0.383080939028213	0.000130201837017782	0.00104776260897012
"ENSG00000140403"	1210.35672642807	0.383047067176485	0.000563937192535482	0.003053491945616
"ENSG00000023516"	2434.80027599046	0.383003669328243	0.000165596292960748	0.0012501793819006
"ENSG00000170522"	426.658617999499	0.38289782950556	4.23559706505043e-09	1.82268330701783e-06
"ENSG00000151320"	2077.65711218767	0.382883729066397	8.46348125881229e-05	0.000774080249245144
"ENSG00000225968"	135.084524486109	0.382245574117923	0.0010192119382259	0.00479074142345234
"ENSG00000177034"	532.732900659985	0.382064715910553	1.62871409638811e-05	0.000260643000521131
"ENSG00000270059"	74.9019757136559	0.381814512496308	0.000526516275362459	0.00289735442705051
"ENSG00000163956"	2504.27011006883	0.381800523650042	0.000103154460480659	0.000887798864126789
"ENSG00000124191"	416.763625413503	0.38114959017097	5.21486328555987e-05	0.000549981301726685
"ENSG00000163376"	54.4645465642125	0.381011968418041	6.67649274634579e-06	0.000157480850659022
"ENSG00000125675"	2126.98427667689	0.380662087685786	0.000115034953948695	0.000963082034201796
"ENSG00000260920"	109.576838031745	0.380656522724841	7.52312287688096e-05	0.000712668198361549
"ENSG00000100583"	47.2763374693688	0.38041145922468	0.00130041087905477	0.00572471936508693
"ENSG00000117395"	695.031484207939	0.380345482762181	7.20785288186943e-06	0.000163895339043089
"ENSG00000105792"	122.961285047761	0.380270277058119	2.83275584172105e-06	9.42540712388523e-05
"ENSG00000174996"	2589.58927921312	0.380064044324538	0.000164157985003458	0.00124204456961078
"ENSG00000087470"	2137.29552815108	0.37996579994832	2.98457942718313e-05	0.000380827025056362
"ENSG00000169783"	3763.88559342528	0.379770072825237	0.000441450988185735	0.00254960998456234
"ENSG00000166105"	426.284479648688	0.379462578842932	0.00219381770022162	0.00846495944270673
"ENSG00000122952"	49.6780389086699	0.379267990140378	0.00211546491365909	0.00823226319040589
"ENSG00000108924"	2028.3267031372	0.37909499900331	0.00111837926099413	0.00511713509290057
"ENSG00000144057"	241.572947884541	0.378962950455101	2.05227539256223e-05	0.000301321424524754
"ENSG00000111711"	478.71615630341	0.378447020673118	7.6934733813121e-05	0.000724044599849782
"ENSG00000050438"	2064.0640316415	0.378332045454379	0.000597357583897758	0.00318239433352897
"ENSG00000182636"	898.313484535234	0.378184503791174	0.000558098245893955	0.0030295001912875
"ENSG00000176788"	10876.933170267	0.378160172093102	4.02410120521773e-05	0.000463716198255575
"ENSG00000180611"	130.879673141031	0.37798246515596	0.000172502024727403	0.0012898685280768
"ENSG00000216775"	54.5681154551337	0.377835294314128	0.00196315578436109	0.00779318142855264
"ENSG00000067715"	17325.1907792569	0.377781497823556	0.000650922331939893	0.00339422178118188
"ENSG00000279675"	100.270449308721	0.377562424142071	0.000851478482773372	0.00417207490007915
"ENSG00000114686"	482.728311224059	0.377440225143936	1.25841090052889e-06	5.90040688877653e-05
"ENSG00000116120"	791.185831434193	0.377385080182631	2.50571761816061e-05	0.000339255058292813
"ENSG00000140740"	2002.2261417566	0.37736618111652	3.04915479242703e-05	0.000386488228586498
"ENSG00000102678"	287.067812638493	0.377284496004206	0.000148860177719164	0.00116258177816695
"ENSG00000198830"	1223.71209786764	0.376937508531382	2.33604220389978e-06	8.56322310013595e-05
"ENSG00000277182"	40.6687015465682	0.37689045805008	0.000802072423653853	0.00398673769227657
"ENSG00000180543"	594.0324945497	0.376546898835085	1.786336962586e-05	0.000275275005702711
"ENSG00000223768"	312.625192360888	0.376381993236402	0.000365442448700705	0.002220848532862
"ENSG00000181004"	81.3481756489274	0.376292146087438	1.36254080417591e-05	0.000234163697538546
"ENSG00000137038"	654.90822281728	0.376279735133342	1.1196124925876e-06	5.56991035691052e-05
"ENSG00000078725"	1072.10823474038	0.376244549862846	0.000122629685676702	0.00100515465693003
"ENSG00000163634"	605.461407572186	0.376176702001544	6.17248569447043e-08	1.10932833753459e-05
"ENSG00000075043"	6819.80304959904	0.375357921013817	0.000312525392407065	0.00197936112470307
"ENSG00000198689"	1944.59912950416	0.375299315310515	0.000103554744161524	0.00089035355207408
"ENSG00000197816"	128.407787896619	0.375252223555895	0.000368178227017541	0.00222835858707909
"ENSG00000275074"	167.301663199866	0.375070905198131	0.0026701319570035	0.00982912347645448
"ENSG00000152128"	278.370414416511	0.374999885278771	1.61130009678194e-05	0.000259618513288279
"ENSG00000068305"	701.548978014115	0.374954146284989	0.000585601402059666	0.00313431496693191
"ENSG00000188419"	366.841332079215	0.374948365772795	1.67694904075755e-05	0.000264334467386079
"ENSG00000167778"	4252.88920811341	0.374890549866992	5.91489352375444e-05	0.000601041954053746
"ENSG00000108018"	565.198979084093	0.374877009218339	3.17649421045009e-05	0.00039736188113719
"ENSG00000156395"	260.549701779981	0.374876476888499	4.03655675449771e-05	0.000464757534549626
"ENSG00000115520"	462.271781078132	0.374760457328599	0.00012458256264417	0.00101535968314114
"ENSG00000158109"	2911.08372386562	0.374629250009876	2.66986520052956e-06	9.19127793934307e-05
"ENSG00000082512"	208.859084331731	0.374601748428349	4.79590679670345e-05	0.000521505410633278
"ENSG00000112541"	139.997784823643	0.374415520673026	0.000276109739229096	0.00180641464893593
"ENSG00000007168"	3213.55969307421	0.374256927508037	2.08829526620994e-05	0.000304367708867669
"ENSG00000167136"	82.2127583714979	0.374093935076543	0.00210855265207547	0.00821833067991947
"ENSG00000010818"	1404.68593337245	0.373890071190043	0.000158561755099567	0.00121134858738178
"ENSG00000145147"	527.422761434924	0.373783941376808	0.000326413438778279	0.00203866274371934
"ENSG00000173705"	276.676863606864	0.373657986403233	0.000112789023613501	0.000949358172840678
"ENSG00000130956"	1587.9702192359	0.373174081056728	3.54225051952932e-05	0.000425490287457489
"ENSG00000106524"	490.372064445858	0.373149027816944	0.000122007344324355	0.00100100687219024
"ENSG00000071553"	3374.24128462975	0.372826244523582	0.00017391993591493	0.00129557826690876
"ENSG00000121053"	26.9839106608977	0.372770864053312	0.00104063987691417	0.00485961318538349
"ENSG00000143727"	807.920538088576	0.372738016768205	3.03499749602049e-06	9.7595335315393e-05
"ENSG00000155367"	90.3862449674909	0.372667999206411	0.000598893381518292	0.00318663115180042
"ENSG00000124194"	915.168752689659	0.372630348957815	0.000818490180443483	0.00404730579602806
"ENSG00000163630"	1399.42763142661	0.372598787308333	0.00226392067946603	0.00866938079102307
"ENSG00000062282"	110.549112091164	0.372559199639884	0.00124673913741802	0.00554238656311372
"ENSG00000140157"	238.295187092929	0.372479223593766	0.000213512421111689	0.00150560807234555
"ENSG00000198794"	6658.33271935513	0.372436679214676	0.000164679898613567	0.00124544599948828
"ENSG00000131966"	840.897742054117	0.372338224299649	5.61325250081728e-07	3.78905550182619e-05
"ENSG00000257556"	62.62590269234	0.372107126228476	0.00157760810672199	0.00660232636542804
"ENSG00000144712"	428.006982235022	0.37209661030244	0.00070105128794159	0.0035957079318649
"ENSG00000133703"	737.631487773752	0.372043240675043	5.55956236735597e-07	3.76888026803345e-05
"ENSG00000164347"	211.562213909363	0.371750462866138	8.089246817098e-05	0.000748946292835489
"ENSG00000173726"	4211.39753710772	0.371302740532265	0.000495743365140628	0.00278318021662284
"ENSG00000107643"	710.45888455857	0.371168822204094	2.16140983869965e-06	8.11853558109708e-05
"ENSG00000129159"	1688.92874913568	0.370576591110891	0.000988789033556584	0.0046925904699778
"ENSG00000135336"	400.485976431288	0.370436044429438	5.6572144774228e-07	3.80381378124526e-05
"ENSG00000102409"	3579.95653488338	0.370389936135688	8.2845919959129e-05	0.000762173607833505
"ENSG00000104112"	3783.97953350797	0.370208019643388	1.40132100792258e-05	0.000237410812100112
"ENSG00000225953"	111.611456919909	0.370200969014237	0.000189195923103348	0.00137739525000678
"ENSG00000154174"	1075.70696623555	0.370199503527022	1.2780472020266e-05	0.000225885303428629
"ENSG00000085415"	543.140549693083	0.369754402282	3.80038205378542e-07	3.02433000493043e-05
"ENSG00000272163"	94.9408312649165	0.369721959248868	0.00187628732406329	0.00752482146064803
"ENSG00000217236"	36.3346635838763	0.369564207136587	0.00235763184291975	0.00893087960215179
"ENSG00000166579"	1309.05353289446	0.369451285460937	0.000111361182533875	0.000942409063399991
"ENSG00000109929"	583.406549012142	0.36920524827529	9.45523518217545e-05	0.000834502910952753
"ENSG00000278535"	565.747750342962	0.368929212646238	0.000433761274062168	0.00251785629701497
"ENSG00000110955"	6956.22207466963	0.368527701979851	0.000238655927762493	0.00162499386256954
"ENSG00000167005"	1224.5694338686	0.368464686990808	2.44753306879312e-06	8.79527906328516e-05
"ENSG00000165028"	125.958310071485	0.368402039940737	0.000690469782480786	0.00355627060617647
"ENSG00000160097"	525.483370456532	0.368321575398248	5.54433700134141e-05	0.000572604211798771
"ENSG00000186369"	141.860209040008	0.368092790408126	0.00168267919759861	0.00692751902135012
"ENSG00000166479"	660.38634362647	0.367996751566497	2.05107331818931e-05	0.000301321424524754
"ENSG00000138604"	234.952603031139	0.367986789379507	0.000439802859727714	0.00254464760487164
"ENSG00000138622"	73.9088144387654	0.367794023022299	0.0019348309632973	0.00771467347028874
"ENSG00000168993"	8276.55012586856	0.36753498530027	0.000781591762769491	0.00391318761272578
"ENSG00000151729"	2888.38806680113	0.367377709134057	2.00316617212078e-05	0.000296478927951117
"ENSG00000167702"	3698.86276787658	0.367337888466075	0.00242551554096686	0.00911779842905929
"ENSG00000139505"	599.213150312344	0.367132629770233	1.56231333836798e-05	0.000255782890225635
"ENSG00000176055"	153.319241193896	0.366644346332913	0.000170325709520057	0.0012763676264557
"ENSG00000175054"	288.678181090258	0.366588300607991	2.91022431858276e-06	9.54122966362663e-05
"ENSG00000120727"	660.130176180861	0.366582350120253	0.000117751420128611	0.000979630350253154
"ENSG00000117013"	248.021847469599	0.365941875681767	0.00118056230734376	0.00532800707821398
"ENSG00000164129"	42.8122429254287	0.365904068649874	0.00172112915613446	0.00705040365648323
"ENSG00000003147"	801.612299161995	0.365532550447951	0.00226051299442778	0.00866018477032838
"ENSG00000167037"	1147.89702328754	0.365528313843332	0.000150492754506623	0.0011726716991048
"ENSG00000136003"	2660.11760201135	0.36539340905345	6.90914093920792e-06	0.000160279033674644
"ENSG00000139174"	244.024588178793	0.365274082273028	0.000140268519414414	0.00111008828720934
"ENSG00000136982"	50.1872632425064	0.365268007026271	0.000726623882768002	0.00369931289384372
"ENSG00000117114"	498.0793772138	0.365211918091132	0.00035471650006433	0.00217518172982092
"ENSG00000188352"	917.770071520385	0.365042598856925	0.000401437689263193	0.00237700273315698
"ENSG00000091622"	1801.97817489621	0.365035565741816	0.000127412842981326	0.00103304628649909
"ENSG00000162601"	542.960388183859	0.364959181087481	4.87042966888255e-05	0.00052528011209571
"ENSG00000164061"	4159.82668467175	0.364934393669953	0.00123595263853769	0.00551580315456296
"ENSG00000145911"	261.156998872224	0.364740297181909	0.000173516278603768	0.0012937753746136
"ENSG00000110888"	1203.17436490324	0.364546089440037	4.41185689102491e-06	0.000120350701529654
"ENSG00000214050"	141.837714949453	0.364483090270254	1.46598791254738e-05	0.000244990776103671
"ENSG00000006377"	52.5454084825913	0.364339238415501	0.0023406856511416	0.00887840945639055
"ENSG00000079931"	260.876789568942	0.364057793545601	0.00120317802160405	0.00540083876892356
"ENSG00000173898"	5805.68582166857	0.363898434362293	0.000425129439235565	0.00247975365556143
"ENSG00000122512"	337.952548182939	0.36375218833841	8.0907941997789e-05	0.000748946292835489
"ENSG00000218336"	428.585935864756	0.36364338416415	0.000474321536590383	0.00270201663377649
"ENSG00000023572"	237.029104677927	0.363336774600108	3.06208029298002e-05	0.000387271036613263
"ENSG00000068912"	890.264667520935	0.363302886823	1.99093108404002e-05	0.000295127094289373
"ENSG00000158008"	1322.34044198121	0.363101620397227	0.000372391142474963	0.00224570633637863
"ENSG00000152822"	292.855646288746	0.362777923499155	0.00209005918106926	0.00817083549483196
"ENSG00000162989"	1087.35989668413	0.362777539191823	0.00013593895790387	0.00108379679592372
"ENSG00000182134"	259.892380674066	0.362442885712228	9.71578210935599e-06	0.000194923549371991
"ENSG00000263874"	396.486198608473	0.362358409998962	5.70340290912045e-06	0.000142900544795765
"ENSG00000172244"	31.1156099643539	0.362314665422497	0.00108192125649317	0.00500362721135204
"ENSG00000113595"	655.575615839921	0.362040475244215	2.9891737030651e-05	0.000380903279370429
"ENSG00000198612"	888.393315573329	0.361831088459696	1.1589197870947e-05	0.000214561878895536
"ENSG00000163491"	99.9387712102923	0.361828615454472	0.000130546064796924	0.001050041781939
"ENSG00000078328"	4604.85463967657	0.361564619252368	0.000293761803180742	0.00189315411193146
"ENSG00000165061"	396.677197961053	0.361564352175862	0.000194171161177446	0.00140254645293638
"ENSG00000117906"	981.665260719507	0.361548301326515	0.000115504285060792	0.000965602359762708
"ENSG00000112367"	585.114859660338	0.361494825687743	1.37192345167074e-05	0.000234740739300284
"ENSG00000116106"	1426.43731361166	0.36126628249704	0.00129489818277238	0.00570618205500708
"ENSG00000171357"	70.0671519544581	0.361037848595052	5.45345644719567e-05	0.000567535343564565
"ENSG00000079841"	1171.74529340015	0.360739347017892	1.10975041906449e-05	0.000209340653660607
"ENSG00000184117"	645.946087282641	0.36064039253598	6.58304689058229e-05	0.000645663738618763
"ENSG00000004779"	1104.63732524897	0.36048014348744	9.44883605655775e-07	5.03139700877086e-05
"ENSG00000085365"	1142.1716645376	0.360422168271781	0.000145054985262057	0.00113958533149967
"ENSG00000154146"	31139.6447481442	0.359971442641845	0.00182680263440728	0.00736928843357217
"ENSG00000134057"	104.437850896096	0.359772298302547	0.000211972545300066	0.00149904824250207
"ENSG00000085978"	587.00198729507	0.35972637354874	3.71616197117224e-07	3.02433000493043e-05
"ENSG00000166436"	400.25501108184	0.359712524073012	0.000118252893009998	0.000982267672846507
"ENSG00000159685"	526.061073211845	0.359484609794584	7.83943682928772e-05	0.000734568460220629
"ENSG00000167654"	4996.84974238702	0.359456175266059	0.00017288818889175	0.00129219470056174
"ENSG00000183117"	640.184303909018	0.359257506752314	8.38830398464897e-05	0.000769248143248603
"ENSG00000142686"	2121.13561444044	0.359152367876889	0.000301456318040199	0.00192970160000965
"ENSG00000134108"	2038.60379291377	0.359054842194768	4.243159234391e-06	0.000117235152329972
"ENSG00000012174"	208.496680501111	0.358540290154878	0.000143008890293795	0.00112659589410851
"ENSG00000185127"	213.69302142261	0.358315301419084	0.000563892220156292	0.003053491945616
"ENSG00000270112"	46.2999321372018	0.358237670395839	0.00172760539692323	0.00706544623343613
"ENSG00000114446"	567.303636893635	0.358173922575121	3.01467446421514e-06	9.7595335315393e-05
"ENSG00000146950"	492.761061743272	0.358089347183433	8.58772621958778e-05	0.000783019634713408
"ENSG00000163291"	373.521782428631	0.358000118492864	4.06038843511342e-05	0.00046656519448336
"ENSG00000165868"	2150.75436350631	0.357949875313488	0.000253240788032647	0.00169151481738687
"ENSG00000144746"	2146.11508699751	0.357754504109393	7.39584706762121e-06	0.000165761348404901
"ENSG00000196172"	94.9845583538315	0.357419238465316	0.000970307264460686	0.00463041279267031
"ENSG00000130558"	12545.5840482647	0.357287708193906	0.000100336673421459	0.000870511673187284
"ENSG00000121350"	86.332306844202	0.357199351487037	0.000195898693373392	0.00141029034254964
"ENSG00000156475"	2393.75758776643	0.356514511988449	4.79956989977474e-06	0.000127099994899727
"ENSG00000141384"	197.527140771187	0.356449686680953	8.7773176467996e-06	0.000184473710200686
"ENSG00000102078"	348.814468666184	0.356293918705547	5.58630986794396e-05	0.000575599208293409
"ENSG00000174109"	177.484989893375	0.356041814698869	1.37326980654636e-06	6.22055083686384e-05
"ENSG00000145864"	3329.19473168074	0.35574522508098	0.000593617369372627	0.00316737004929046
"ENSG00000132832"	83.2305444629359	0.355684576111851	0.000321580863526245	0.00201915204250473
"ENSG00000203877"	171.599312805002	0.35561723354581	1.6000388352243e-05	0.000259091895303065
"ENSG00000123545"	496.776146897682	0.355534359607404	7.06131985847005e-05	0.000680932765959915
"ENSG00000197217"	1064.95550626467	0.355445168624688	3.08224539067323e-06	9.78609655563818e-05
"ENSG00000160753"	1586.72209556425	0.355349418084328	0.000162336489007101	0.00123205378539648
"ENSG00000197457"	9757.85689701184	0.355319431596257	0.000136964773320546	0.00108995591454764
"ENSG00000116199"	1434.67965636097	0.355243946664983	2.3014149476745e-06	8.50091319620625e-05
"ENSG00000006432"	1778.38579043467	0.355183599175613	3.2095121478189e-05	0.000399398635352948
"ENSG00000184524"	6982.68731094797	0.354714613790716	0.000833059279485394	0.0040981564383487
"ENSG00000138095"	1501.65349160655	0.354683788486652	4.21726058541183e-06	0.000116907599294415
"ENSG00000119865"	1527.19168024646	0.354596828455723	9.37254453038499e-06	0.000191148825831181
"ENSG00000172995"	1898.04057169182	0.354500082736363	0.000150994804098054	0.00117449494391583
"ENSG00000154518"	2001.66131151089	0.354479595474592	2.63770928770331e-05	0.000350982782196548
"ENSG00000111652"	1563.927153603	0.35439747760829	3.16781290862664e-05	0.000397306947381067
"ENSG00000196793"	65.0354361279115	0.354362531188075	0.000361564912059937	0.00220305020576556
"ENSG00000108384"	342.374326658171	0.354355499954965	1.44656327450962e-06	6.36888786314484e-05
"ENSG00000065665"	575.855881664625	0.354348784378933	4.77492648086928e-05	0.000520524442781525
"ENSG00000175182"	2495.91657048079	0.354291896343596	0.000258891297793084	0.00171737126267311
"ENSG00000211451"	91.6763387552361	0.353883658693736	0.00221327414951816	0.00851775002459833
"ENSG00000033122"	808.153135901073	0.353646496089128	0.000208234652461906	0.00147807961766053
"ENSG00000184203"	876.564569992677	0.353376641827974	4.53705403910427e-06	0.000122025486211097
"ENSG00000186792"	86.2119914176265	0.353241382755969	0.00103300743136912	0.00483709382920476
"ENSG00000171476"	2327.64469317628	0.353168747663025	9.0052611026423e-06	0.000187207197294423
"ENSG00000197223"	219.319453153098	0.352689901438297	2.64306166512412e-06	9.17635192376011e-05
"ENSG00000138442"	511.686433092387	0.352672014160668	4.20884887021416e-06	0.000116907599294415
"ENSG00000100934"	714.953722756638	0.352452846824577	6.17516601521881e-05	0.000617624245322262
"ENSG00000081189"	5063.37200686745	0.352422387059772	0.000189817483911566	0.00137822947080195
"ENSG00000100294"	342.280372146368	0.35240321729665	0.000716836259632177	0.00365813890810811
"ENSG00000116741"	344.925125987087	0.352365800632127	0.000433687739692579	0.00251785629701497
"ENSG00000091651"	106.346568018522	0.352233023531055	0.00107088372853588	0.00497117627273144
"ENSG00000154065"	311.41288161822	0.352210535323234	2.41496315413508e-06	8.75236458172857e-05
"ENSG00000100483"	153.725651779824	0.352151622243822	6.83876848699605e-06	0.000159722824920845
"ENSG00000106105"	1433.23639294992	0.352029419534962	1.69330603014689e-05	0.000266181522346286
"ENSG00000196961"	2828.75734572853	0.351976080732453	0.000238195640693448	0.00162314392844668
"ENSG00000091157"	1032.00091380245	0.351840576747999	0.000784321692005285	0.00392457246642063
"ENSG00000244425"	27.593642205971	0.351444802791882	0.00162993312855931	0.00676538194885253
"ENSG00000136950"	1530.06056509378	0.350952215802394	3.13682543859651e-05	0.000394544849039561
"ENSG00000149428"	1269.50448166382	0.350690927158898	0.000576921804611141	0.00310329844461612
"ENSG00000159720"	2644.92613804656	0.350622300889183	0.000154876048413774	0.00119278810798492
"ENSG00000123570"	347.84528393066	0.35034263013626	7.66259341402967e-05	0.000721927862264328
"ENSG00000031698"	2617.40272409013	0.350181503862169	2.82190588089208e-05	0.000366592195681474
"ENSG00000076554"	1633.12640762657	0.350035898398719	0.000311421504644008	0.0019736739173186
"ENSG00000123562"	4158.58295056563	0.349654649629625	5.97119382981232e-05	0.000605313070627558
"ENSG00000088538"	2286.57738326738	0.349459441920637	0.000294400381943759	0.00189510612355943
"ENSG00000156735"	835.135309938208	0.349191568948688	0.00023884605911738	0.00162564539959963
"ENSG00000198853"	3033.42598112146	0.349166805483628	0.000219130199538399	0.00153641064140711
"ENSG00000185414"	342.824978197784	0.349004278717144	3.18415284178795e-07	2.82519705493278e-05
"ENSG00000119283"	72.9182366579105	0.348927936685526	0.000605415713875189	0.00321041918759508
"ENSG00000104231"	336.252789848687	0.348435038188735	4.71053320016101e-05	0.000515791399328063
"ENSG00000128596"	1673.79482686303	0.348410155177046	0.000112897814042999	0.000949809419903295
"ENSG00000108557"	909.243653715641	0.348390756714687	0.00263072596288725	0.00971106283490846
"ENSG00000275835"	351.35580216234	0.348231090336878	0.000351775468007731	0.00216331230111364
"ENSG00000178921"	366.034488642759	0.348146348464825	0.000149601556311249	0.00116731259691094
"ENSG00000134590"	5615.20620636642	0.348078426102215	0.000628126501273879	0.00330034843297536
"ENSG00000140280"	536.71679443083	0.348037574908595	7.27032333075298e-06	0.000164663257226646
"ENSG00000151690"	1154.41060018451	0.347941558974363	0.000471775002390132	0.00269253174200954
"ENSG00000159871"	305.448925750792	0.347906828363714	0.0002003292911283	0.0014331953816257
"ENSG00000129596"	532.494390549735	0.347834639720488	1.01854101617675e-06	5.24914566211091e-05
"ENSG00000171189"	253.573534321543	0.347789654247726	0.000168214876382793	0.00126521117609283
"ENSG00000154822"	346.466117756812	0.347611080422507	1.66720847762875e-07	1.97912822970614e-05
"ENSG00000130830"	986.133473380463	0.347514115154696	0.000119070219281153	0.00098495959142156
"ENSG00000164742"	5029.6658940818	0.347386853892814	6.66736128074327e-06	0.000157480850659022
"ENSG00000126602"	598.974159846038	0.347242285671581	6.46806549810629e-05	0.000636562672492301
"ENSG00000162139"	288.157275961682	0.346931355261203	3.76044604316837e-07	3.02433000493043e-05
"ENSG00000125459"	147.730960502782	0.346884899179777	2.13292303992599e-05	0.000307230161391181
"ENSG00000152556"	2678.81100065539	0.34665509132205	3.74840173036861e-05	0.000441926294416678
"ENSG00000106153"	3260.73266646393	0.346620654609772	9.62317496664257e-08	1.50585191546199e-05
"ENSG00000251669"	27.3207057031636	0.346156498469334	0.00230624285636552	0.00878648921793265
"ENSG00000069424"	8871.12276589035	0.346073447001533	0.000498132503852514	0.00279203998333225
"ENSG00000069345"	1498.43315880821	0.345985891839453	3.37492245240019e-06	0.000102818655173742
"ENSG00000189157"	143.19615225466	0.345900655826474	0.000352370858301535	0.00216465367021567
"ENSG00000134440"	2388.13637550362	0.345530925640936	2.73947165740367e-06	9.30069539228588e-05
"ENSG00000163875"	1154.89063406365	0.345327881485292	1.77012472990373e-05	0.000275156839163149
"ENSG00000138138"	745.788657770061	0.344898224392366	2.13001649852325e-05	0.000307068458870022
"ENSG00000167703"	1881.07802782851	0.344876821982024	0.0017137163777964	0.00703007626573152
"ENSG00000133398"	583.073754318493	0.344512900784885	0.000244774137091056	0.00165227342029347
"ENSG00000105278"	1023.13770607482	0.344478855835064	0.00238168629707178	0.00898837233753486
"ENSG00000107282"	1626.49953596008	0.34434955121337	0.000375564112601005	0.00225718752451156
"ENSG00000075089"	427.92511135694	0.344284294222253	9.86549835903122e-07	5.17728119676843e-05
"ENSG00000182732"	577.470680639223	0.344268834026283	0.000188438647431497	0.00137348491134096
"ENSG00000172748"	100.810291223813	0.344218407820954	0.000453357409896759	0.00260468661433675
"ENSG00000091136"	601.421709673553	0.34420761767306	0.00158768731765871	0.00662912000426028
"ENSG00000189043"	5128.72359252111	0.343947872818558	0.000976486645770508	0.00465200416936121
"ENSG00000177181"	894.34650126461	0.343823689933204	1.03880108083278e-05	0.000202731099822842
"ENSG00000189337"	826.589574811864	0.343670962644978	4.79604406572056e-05	0.000521505410633278
"ENSG00000120251"	3563.16588833935	0.343605691272008	8.96467274654435e-05	0.000806867181975689
"ENSG00000273079"	2419.99212081207	0.343333709038329	0.00146658094142398	0.00626252983000025
"ENSG00000008277"	1363.87153271532	0.343200017897291	6.4495085793261e-05	0.000636191353443783
"ENSG00000081307"	520.740171947253	0.343091238790641	3.10536934807945e-05	0.000391882130414161
"ENSG00000166924"	1845.98924835376	0.342903013739495	0.00150252428710222	0.00637646709908544
"ENSG00000127337"	135.369976926888	0.342288266228786	0.000591854625875269	0.00315992359652327
"ENSG00000188191"	13198.4361225648	0.342159977255308	0.0017333037249758	0.00707837651672798
"ENSG00000164953"	236.157477282484	0.342144112154629	0.000232117009323964	0.00159689451698377
"ENSG00000168904"	391.511124141094	0.341896230813543	0.000255026570637525	0.00169882831284199
"ENSG00000150768"	416.195017110996	0.341794802073567	4.01245975451193e-05	0.000462911995673015
"ENSG00000148082"	2920.9898231833	0.341510068607866	3.93594024588601e-05	0.000455917492950444
"ENSG00000151366"	664.265543143819	0.341448423361307	0.000116295619157589	0.000970332764207257
"ENSG00000081138"	104.433150218973	0.341262179605384	0.000549799267840918	0.00299294585621307
"ENSG00000261542"	33.9685891355303	0.34123990107605	0.000997829243212969	0.00472311930743178
"ENSG00000007237"	6892.81222633132	0.341184253005159	0.000533232521617625	0.00292551380059369
"ENSG00000186889"	94.6740644745102	0.34113089047832	0.000985400111730361	0.00467908748226612
"ENSG00000166411"	385.27126119552	0.34061328847964	0.00158298489079758	0.00661959032148449
"ENSG00000136040"	384.685165719083	0.34036534507483	0.000598060758608549	0.00318318486021303
"ENSG00000235478"	39.794050999439	0.340363666809274	0.00131073606581885	0.00575406781457276
"ENSG00000119965"	162.284183894884	0.340113535661001	3.34480899729362e-06	0.000102354195207908
"ENSG00000002746"	911.66579230767	0.34007823836796	0.000184465756292226	0.00135172799619331
"ENSG00000109927"	89.8377436640402	0.339925079978153	5.37158573066456e-05	0.000561199237195621
"ENSG00000124613"	208.008403502837	0.3398268138129	2.26907613524079e-05	0.000319620356103926
"ENSG00000057757"	2354.09122265965	0.339682675229763	3.37764187699129e-05	0.000412628457265089
"ENSG00000278266"	25.5018829226876	0.3395883975427	0.000326352058676812	0.00203866274371934
"ENSG00000005194"	555.235074839757	0.339486860382399	3.05813216423397e-06	9.78431764739019e-05
"ENSG00000189298"	108.361177630315	0.339431333571746	0.000291719034063806	0.00188418751720086
"ENSG00000106723"	2120.39334238882	0.339374007022954	4.17857839369088e-05	0.000476015022439451
"ENSG00000138769"	161.990517519665	0.339317572083433	0.000394779428772059	0.00234564663702225
"ENSG00000155313"	479.240162761674	0.339192930325183	0.000388578464670262	0.00231593393497136
"ENSG00000173208"	180.019808599117	0.339064341258034	0.00198307894816703	0.00785168127519553
"ENSG00000163632"	61.9341918513192	0.339021835272174	0.000337593528701134	0.00209329877865008
"ENSG00000184867"	793.871180415621	0.338863047239596	2.61722376356285e-06	9.17592443642935e-05
"ENSG00000139998"	2178.91614386862	0.338820750256707	0.000815082077043631	0.00403392978497758
"ENSG00000105696"	9309.45635150241	0.338579735527387	0.00112300838589746	0.00513464056369451
"ENSG00000164815"	208.005724885022	0.338407714184728	9.57688631705554e-05	0.000840518762533944
"ENSG00000143158"	888.127285714013	0.338348590453144	2.78998011601814e-05	0.000363267229478217
"ENSG00000120868"	419.120669168232	0.338066742059919	0.00066019438561563	0.00343113706509717
"ENSG00000120256"	877.68022630854	0.338064486197174	4.45289882997547e-05	0.000495140488116071
"ENSG00000095203"	696.392378916342	0.338007849557925	0.000496578475982529	0.00278514346923665
"ENSG00000197713"	311.987134987278	0.337911693748501	6.53091102811216e-05	0.000641588279142043
"ENSG00000009724"	88.5698686308637	0.33789066872211	0.001562470061667	0.00656127747044552
"ENSG00000167550"	123.518846290865	0.337715461224432	0.000306202121699494	0.00195183393129863
"ENSG00000178171"	565.299769640992	0.337397606370876	0.000721694518976891	0.00367965869524562
"ENSG00000186260"	2394.39727242934	0.33717113720779	0.0012043216088442	0.00540265516107249
"ENSG00000163624"	638.909378132058	0.337041326769096	4.06342968398623e-06	0.000115801018461018
"ENSG00000204116"	572.160177842249	0.336856338934457	3.35467998058917e-05	0.000410697770312101
"ENSG00000276564"	70.4318822553482	0.336844125942982	0.000974570003681984	0.00464695550334126
"ENSG00000183527"	298.866612871033	0.336740756975245	0.000226539906693449	0.00156918769171603
"ENSG00000163075"	218.560830853872	0.336642807091158	1.25269935847793e-05	0.000224144636772149
"ENSG00000103591"	663.195130630749	0.336480774143733	2.04347671415922e-06	7.81652548462726e-05
"ENSG00000102466"	417.759335430977	0.336412522897535	0.000410990099266212	0.00241776233037229
"ENSG00000183780"	371.056284657216	0.336346336721148	0.0007193474109915	0.00366986573366825
"ENSG00000162426"	506.777172191408	0.336326516724658	0.000214557027764993	0.00151173561969662
"ENSG00000181754"	882.665117692469	0.336260001776635	3.57162250431769e-05	0.000427526691007096
"ENSG00000169193"	79.8700342024702	0.336029808242254	0.00143252055758196	0.00615372507054114
"ENSG00000143106"	584.434341617491	0.33601544384405	3.21133858902271e-05	0.000399398635352948
"ENSG00000127585"	12632.9159566025	0.335985085661286	0.00127935451057645	0.00565219633630912
"ENSG00000041515"	161.475453338026	0.335646342644102	0.000267100748617814	0.00175951212627571
"ENSG00000184277"	1138.17361815112	0.335578567667012	2.89456080878315e-05	0.000372655760670039
"ENSG00000108509"	1551.77185405412	0.335364913804452	0.000932619634145784	0.0044841289839529
"ENSG00000174842"	218.779349511228	0.335318583932991	0.000240892054445164	0.0016350453206485
"ENSG00000102181"	4590.37586232038	0.334918879244338	8.55844012369532e-05	0.000781105142360379
"ENSG00000163281"	344.192701815855	0.334889886221386	2.5941394675078e-05	0.000346518363888965
"ENSG00000115310"	9611.46003247568	0.334873674037104	1.32012853196292e-06	6.01213684900899e-05
"ENSG00000143786"	316.857536087313	0.334765263338175	0.00128909100110689	0.00568514563209143
"ENSG00000173598"	1559.23437186495	0.33473702087926	0.000491309218213007	0.00276550214947694
"ENSG00000071794"	513.255521008376	0.334689623168357	0.000206632846106134	0.00146792042097602
"ENSG00000010404"	14511.1782374035	0.334360133274254	6.2281904836017e-06	0.000151207112544762
"ENSG00000049883"	211.31858872837	0.334343993504859	9.21979832274896e-05	0.000821532281707991
"ENSG00000185658"	1734.3889390476	0.334146050913506	1.57289959216611e-06	6.6614339562981e-05
"ENSG00000147180"	382.175698173549	0.333841334726868	0.000334186341566215	0.00207966359268954
"ENSG00000178718"	274.860926713811	0.333643077754401	0.000747635206869082	0.00378501318112868
"ENSG00000075415"	4801.006500737	0.333352397857281	2.10816272964378e-06	7.99776789301139e-05
"ENSG00000144935"	319.397262050441	0.333334537419046	0.000163351308183371	0.00123757309320439
"ENSG00000180488"	929.729086017108	0.333158477956906	4.68987049514859e-05	0.000513855765964307
"ENSG00000227345"	232.546020447878	0.333015701515932	2.01695195129647e-05	0.00029800681491559
"ENSG00000135070"	858.234195871654	0.332766294069477	2.92005607004696e-07	2.71364416742562e-05
"ENSG00000161203"	9388.21082319845	0.332498994780646	8.2453587445213e-05	0.000759782441485252
"ENSG00000119599"	203.027973551759	0.33229692224997	7.46738130178853e-06	0.000166695623466659
"ENSG00000110435"	543.07541349729	0.332038070044285	1.00937811202728e-05	0.000199019764516903
"ENSG00000102900"	710.270935910135	0.331851818772664	0.000150989942564908	0.00117449494391583
"ENSG00000134490"	233.044573384866	0.331799829521182	0.000436016511253358	0.00252783839952983
"ENSG00000163618"	2371.24197210907	0.331547555133377	0.000194885512227011	0.00140534743274551
"ENSG00000198728"	774.180457950369	0.331387047924318	0.0020865290197049	0.00816259636731375
"ENSG00000112137"	1820.96164413875	0.3313030177581	0.000306478309884538	0.00195183393129863
"ENSG00000163170"	252.675429185037	0.331069227462968	4.00892891493803e-06	0.000115009489021381
"ENSG00000152092"	1765.0557897531	0.331043009620247	0.000756601574420918	0.00382253680672359
"ENSG00000130638"	1498.38122313988	0.331016088386566	0.000125156868875544	0.00101907529988398
"ENSG00000148481"	425.036302501514	0.330941498272698	2.28854885570337e-05	0.000320788204016467
"ENSG00000008283"	1125.37426689722	0.330697567570831	0.00162052306149066	0.00673932434342563
"ENSG00000197444"	2213.95328207014	0.330555617273748	3.44282800176675e-05	0.000416885150821859
"ENSG00000188021"	1620.98645149462	0.330522918530214	0.000339368813856213	0.00210203504602627
"ENSG00000181191"	946.29922035366	0.330412309849645	0.000118352125669435	0.000982267672846507
"ENSG00000131174"	1969.70097112377	0.330395886099812	4.49527957665297e-06	0.000121595419789134
"ENSG00000122873"	790.739517809528	0.330310446236432	4.77203417964064e-07	3.49536273762359e-05
"ENSG00000139625"	1013.29575685624	0.329859197744076	0.000641049602995965	0.00335453124820522
"ENSG00000168159"	4590.02253073136	0.329707156566007	0.000159940572217446	0.00121870609543112
"ENSG00000108439"	147.179348752247	0.329587975478502	0.000832031554370537	0.00409446856043844
"ENSG00000269696"	47.29995491983	0.329586218868441	0.00059796438761044	0.00318318486021303
"ENSG00000164983"	642.52402895585	0.329558731873753	0.000234024239426041	0.00160502477316335
"ENSG00000131876"	498.231535495842	0.329542214043401	0.00112566148639843	0.00514361857323497
"ENSG00000175787"	193.343387590218	0.329467817846543	1.29879288496856e-07	1.73303270767161e-05
"ENSG00000101856"	1967.26659336748	0.329092338995574	0.000240243999600943	0.00163257795701975
"ENSG00000114784"	1281.67776970149	0.328844915244628	0.000625002669592089	0.00328769259210607
"ENSG00000116161"	2091.83809427614	0.32877569678711	0.000185857458453874	0.00135903331876233
"ENSG00000101098"	1141.19326455158	0.328772586939107	0.00120776178633061	0.00541319640637874
"ENSG00000166780"	3184.60639177619	0.328712158301933	0.000548089863678512	0.00298836579775047
"ENSG00000075073"	41.4359776467224	0.328426922651388	0.000736216640087698	0.00374040644209845
"ENSG00000185904"	150.088413330471	0.327789473794294	0.00192975459655523	0.00769799904299076
"ENSG00000104388"	2453.15703091911	0.327695920412488	8.86286535724508e-07	4.85848730554967e-05
"ENSG00000106399"	144.394801349458	0.327554141706552	0.000192869590829429	0.00139666145012493
"ENSG00000138078"	6234.00487973268	0.327411404408877	0.00117427265000944	0.00530798473227138
"ENSG00000196177"	518.198146344334	0.327276536282975	8.94155263071824e-05	0.000805816468233262
"ENSG00000109339"	2504.79139851614	0.327183490294835	0.00049101529648138	0.00276550214947694
"ENSG00000149328"	393.568199543105	0.326993716656165	0.000436716477795525	0.00253104401760753
"ENSG00000122705"	2991.95971456861	0.326839431871265	0.000757561665090502	0.00382559394279099
"ENSG00000038274"	944.070269932455	0.326803319120698	0.000189248809984664	0.00137739525000678
"ENSG00000260231"	65.1025704122506	0.326693670808535	0.00158738201759278	0.00662912000426028
"ENSG00000137409"	6915.54012509635	0.326604167862443	2.03487547216437e-05	0.000299626274613903
"ENSG00000090534"	76.2617817269659	0.326561546682363	0.0019941418599123	0.00788540405115332
"ENSG00000161298"	548.773169697132	0.326259108771089	1.94858609079665e-06	7.57133462322408e-05
"ENSG00000134684"	1936.69378091846	0.326205696822494	9.41535696377671e-06	0.000191568013495849
"ENSG00000112640"	908.753971542232	0.326139994437204	0.000648877673352198	0.00338869277652044
"ENSG00000125868"	3825.37427062875	0.325937119962329	0.000218074101854693	0.00153087663753052
"ENSG00000111371"	1410.04586973953	0.325732197821074	0.00185180087373228	0.00744771740310684
"ENSG00000147642"	2104.50585106896	0.325674630217334	0.000205441680806166	0.00146066404449258
"ENSG00000168234"	266.46898930809	0.325105997606393	0.000284381195423393	0.00184719000634825
"ENSG00000155330"	271.813149265635	0.324885686346725	1.94898416053806e-05	0.000290961529534619
"ENSG00000178662"	995.471555533327	0.32485799186583	0.000489268737285311	0.00276214587566155
"ENSG00000182400"	844.422612118248	0.324845990363339	8.84838750816306e-05	0.000799513355265148
"ENSG00000120820"	77.9540958942972	0.324800351357437	0.000523458170667603	0.00288900775999816
"ENSG00000169490"	439.114500035098	0.324754461528565	1.68840000663573e-07	1.97912822970614e-05
"ENSG00000163512"	190.653276351128	0.324616445670849	0.00053087686685304	0.00291668800164104
"ENSG00000143164"	1402.11275923605	0.32459334717864	0.000746031552034267	0.00377911745296229
"ENSG00000155304"	571.295319250964	0.324463943798639	0.000845389778509381	0.00414696331076716
"ENSG00000127445"	3771.87972960323	0.3243039455671	6.50182577745664e-05	0.000639154352412114
"ENSG00000113638"	155.288807778026	0.324242532789173	0.00166481073998031	0.0068707334130232
"ENSG00000145725"	453.722646225315	0.324168885893053	1.86123394317674e-05	0.000282516930016765
"ENSG00000127870"	605.537566737799	0.32408583249716	0.000912921984772087	0.0044091262973855
"ENSG00000115762"	2585.00790403465	0.323728493217973	4.07041906403852e-06	0.000115808468345942
"ENSG00000204856"	402.266959729296	0.323589797768249	0.000118994530344378	0.00098495959142156
"ENSG00000110514"	3509.95615894409	0.323407603987127	0.000252223580642669	0.00168733948449369
"ENSG00000128590"	485.877180699999	0.323302071364434	0.00012486228174461	0.00101715781148603
"ENSG00000103056"	509.852482892761	0.323223398197415	0.000199038465877166	0.0014269259113468
"ENSG00000070669"	1641.31614980472	0.323198330089906	2.7696580125517e-05	0.000361914174558794
"ENSG00000172602"	976.077021385242	0.32305360596235	0.000259007482594515	0.00171737126267311
"ENSG00000116353"	530.017975263311	0.322776920746545	1.19626061361507e-05	0.000217496436138766
"ENSG00000166189"	223.781605340093	0.32238745876802	0.00160341189950988	0.00667946007411993
"ENSG00000164236"	570.934655978666	0.322285153454411	0.000371814723491678	0.00224326913265414
"ENSG00000140854"	1238.91281338755	0.322228561720867	0.00230774323100664	0.00879025984406225
"ENSG00000109133"	809.274897571083	0.322207220164928	6.43103519650365e-06	0.00015444862138909
"ENSG00000083750"	328.996075785741	0.322011965436409	6.35485420278976e-05	0.000628655778118506
"ENSG00000183166"	568.932715056857	0.321715603371359	0.00253898090208133	0.00944327533870481
"ENSG00000214595"	499.602493174177	0.321646129935332	1.67390654580968e-06	6.86022699357667e-05
"ENSG00000109180"	2591.24995847405	0.321282636451534	3.32216832754423e-07	2.88810522333428e-05
"ENSG00000172824"	1150.54424266281	0.321013888180315	0.00187119172734829	0.00751138600812641
"ENSG00000105419"	1635.15661992187	0.320897194060118	0.00133502921805159	0.00582505904444159
"ENSG00000154548"	199.534767546107	0.320885215208774	6.16739425824675e-06	0.000150639268852182
"ENSG00000073670"	2392.17414802737	0.320777460839092	0.00109901127552346	0.00506080285863706
"ENSG00000115484"	909.272715719288	0.320707182385182	0.000964199270526702	0.00460509490665264
"ENSG00000029534"	679.616520316169	0.320697602018977	0.00242914969922638	0.00912660264454309
"ENSG00000145198"	1747.77777183281	0.320692304658056	0.00156577017389001	0.00656715448420292
"ENSG00000119401"	201.965551593189	0.320518694459928	0.000293767189506125	0.00189315411193146
"ENSG00000198216"	1246.65584843162	0.32034260754737	0.00132485079994804	0.00579533845476634
"ENSG00000124688"	179.169148305501	0.320310831709409	2.97912911692659e-05	0.000380413571881732
"ENSG00000203965"	219.562795564034	0.320217509146788	9.15280525752772e-05	0.000818852582629026
"ENSG00000147669"	528.276567806992	0.320109389441103	0.000222232510407883	0.00155184105543646
"ENSG00000146072"	827.600867370991	0.320013629923589	9.49090134205339e-05	0.000835636239390102
"ENSG00000123178"	609.868421356593	0.319851622518204	3.06106770484135e-05	0.000387271036613263
"ENSG00000084070"	2011.56342460479	0.319818200027565	0.000212788341273866	0.00150311435356491
"ENSG00000171723"	649.061912450916	0.319326161638528	1.92846842408732e-05	0.000288649799859261
"ENSG00000100442"	809.783510283082	0.319183768252723	9.4131498819985e-05	0.000832623581289004
"ENSG00000180155"	6554.83595520091	0.319088483905332	0.000923477527826007	0.00444887172865073
"ENSG00000254461"	39.0751853425622	0.318930596071975	0.000953743314169021	0.00457026338512511
"ENSG00000166908"	1046.02751259111	0.318871041398611	0.000287970530087589	0.00186487461790733
"ENSG00000143155"	662.676471454182	0.318818733346014	2.45627798117401e-06	8.80831518540589e-05
"ENSG00000082701"	1145.36341346369	0.31855343167551	5.22933068037104e-05	0.000550534978600775
"ENSG00000277692"	34.6462623485951	0.318497498561594	0.00151178248579718	0.0064038964260067
"ENSG00000155886"	2298.03047568676	0.318400454024553	0.00170512424544166	0.00700150373014963
"ENSG00000172731"	824.137573714483	0.318222936891649	0.000106538865374333	0.000911005210972876
"ENSG00000136159"	228.759377489394	0.318102899396889	0.000220764073856291	0.00154283881578901
"ENSG00000171867"	6953.97590143511	0.318079854467239	9.22093980282251e-05	0.000821532281707991
"ENSG00000278195"	396.284010042171	0.317899693083322	0.00132032040886443	0.00578139791345293
"ENSG00000164332"	566.887122515646	0.317745220520723	7.3324581923063e-05	0.000699758959826699
"ENSG00000066422"	413.668628554058	0.31771358170922	0.000455112247542624	0.00261302438857611
"ENSG00000185621"	307.505906726857	0.31766965197857	1.99231791996893e-05	0.000295127094289373
"ENSG00000174938"	5536.32884974776	0.31706824450977	0.000736800172650367	0.00374226655999727
"ENSG00000179915"	2870.26710533926	0.316946477159233	0.000292319835903179	0.00188735984073572
"ENSG00000009844"	498.966598525007	0.316734898396151	0.00017860941196228	0.00132062019248571
"ENSG00000206432"	215.884191643436	0.316710378845087	0.00126430188621659	0.00560453988345251
"ENSG00000051009"	512.273911412917	0.316448288623545	5.8371734721633e-07	3.88428918508741e-05
"ENSG00000265354"	719.344361581612	0.31640035555748	1.51333074781281e-06	6.51224054052547e-05
"ENSG00000123091"	3322.45297211494	0.316292818220442	1.81018926962648e-05	0.000276967003538495
"ENSG00000169567"	2842.11271075833	0.316218444654491	5.99541795374332e-05	0.000606223485789333
"ENSG00000015592"	3473.18293737633	0.316054325981905	0.000739920900953492	0.00375147524833946
"ENSG00000139220"	690.678840255924	0.31593898637536	0.000515671210847285	0.00285869518593054
"ENSG00000204071"	1263.63212571626	0.315785049393809	0.000543815150143267	0.00297236127226822
"ENSG00000263958"	72.2277286216882	0.315651882671759	0.000418044950274679	0.00244975442449827
"ENSG00000181789"	2078.07990959901	0.315583944941556	0.000312548860567185	0.00197936112470307
"ENSG00000261786"	665.505527358641	0.315467868925943	0.00204786462587496	0.00804689432285934
"ENSG00000159164"	6829.92545419398	0.315446241513817	0.00117819020985953	0.00531869606145083
"ENSG00000108946"	3612.91463183389	0.315443199650225	0.000201731486064585	0.0014408315641617
"ENSG00000111669"	8663.57888137449	0.315306279340422	6.0683167137249e-05	0.00061012812846581
"ENSG00000072832"	2517.29648917107	0.315267565860419	2.59386244586071e-05	0.000346518363888965
"ENSG00000164180"	157.690622273287	0.315127166928845	2.77748576420245e-05	0.000361914174558794
"ENSG00000132305"	1090.80424913451	0.315049816768552	2.93356257148417e-06	9.56352510283277e-05
"ENSG00000113108"	768.914088171175	0.314574119373941	6.1195753302712e-05	0.00061313136741362
"ENSG00000156017"	180.302178308435	0.3145472049123	3.70332958069824e-05	0.000438112797749545
"ENSG00000186106"	1008.57411860487	0.314361990291942	5.48624227077351e-05	0.00056822369116825
"ENSG00000112183"	159.917794356303	0.314051446758632	0.000883420919988349	0.00429921523770411
"ENSG00000014824"	1185.50288316335	0.314002951198576	0.00033504037650227	0.00208226137437913
"ENSG00000189007"	90.6677273932832	0.313826578625072	0.000158763865283989	0.00121134858738178
"ENSG00000175040"	686.450585091954	0.313810773995593	0.00182953923190892	0.00737859859391944
"ENSG00000169764"	2840.9695443166	0.313660798780016	6.0881718312304e-06	0.000150092204317245
"ENSG00000091592"	5221.76657803561	0.313400594171541	0.00102598911370332	0.00480946367488434
"ENSG00000175768"	36.9245043699401	0.313393258967798	0.000945024347850147	0.00453616957600239
"ENSG00000273841"	428.618506330349	0.313134762375489	0.000903482278835781	0.00438074379312684
"ENSG00000138190"	266.957111543038	0.313106054107749	6.44825194177333e-06	0.00015444862138909
"ENSG00000188827"	404.403823612012	0.312930030508856	0.00174601717237515	0.00712015958021643
"ENSG00000144741"	352.295213456359	0.312821531920817	6.58253486198994e-06	0.000156282996661287
"ENSG00000117118"	955.837044882706	0.312821467547089	1.60023454276453e-06	6.69307014731418e-05
"ENSG00000088899"	6018.32353862337	0.312745188069343	0.00201606383803028	0.00794653236638774
"ENSG00000144120"	131.398176262873	0.312581897411272	0.0012951869685071	0.00570618205500708
"ENSG00000145920"	20325.4510844974	0.312200343169434	0.000228360037218738	0.0015786555193258
"ENSG00000128000"	603.937649337377	0.312157553787498	0.000990106901653795	0.00469625519376323
"ENSG00000170899"	856.722419108288	0.312092252350745	2.03822214875349e-05	0.000299862545696528
"ENSG00000247556"	8778.73210162103	0.311979310395641	4.23962609899985e-06	0.000117235152329972
"ENSG00000137261"	657.607901806152	0.311813826977457	0.000490889449025774	0.00276550214947694
"ENSG00000198185"	239.452436404847	0.311799225251297	1.50162884762541e-05	0.000248469537271497
"ENSG00000144645"	203.684019433686	0.311768983622	0.000240817718441387	0.0016350453206485
"ENSG00000131779"	646.320237030504	0.31174289223378	0.00045848676261239	0.00263064421494902
"ENSG00000158856"	8086.23066765896	0.311397500146254	0.0015737302870308	0.00659411378545792
"ENSG00000132640"	1158.49503164232	0.311281737938814	0.000861632604052337	0.00421462972820485
"ENSG00000120805"	930.231830579234	0.311089339929143	0.000101166742390216	0.000876388090972719
"ENSG00000197170"	1353.92357635039	0.310838702280152	1.06798353625733e-05	0.000205858909401986
"ENSG00000110107"	2538.30124512693	0.310686413411417	0.000483616474282657	0.002738319201259
"ENSG00000163626"	298.423348726243	0.310595414499132	1.22005110171251e-05	0.000220596004346402
"ENSG00000235436"	53.715009866604	0.310500491087038	0.00111794181306879	0.00511713509290057
"ENSG00000101003"	74.2787833636339	0.310406092609883	0.000112600210182393	0.000948696729255766
"ENSG00000108389"	1113.26274215055	0.310381867548004	6.27443825049792e-05	0.00062408843998764
"ENSG00000136243"	384.961886057228	0.310371172825498	0.000427156489400273	0.00248988982460105
"ENSG00000171817"	377.122082551689	0.310325792442619	0.000409701218577175	0.00241303642272055
"ENSG00000164591"	71.5485941673874	0.310322863811056	0.00120269882417258	0.00540083876892356
"ENSG00000100320"	2821.82271125571	0.310024678858761	3.53715621034162e-05	0.00042524006891667
"ENSG00000260804"	894.67830164513	0.309919057683868	0.00232484000542246	0.00883582932509093
"ENSG00000131263"	1052.40531985995	0.309792508277666	3.03926808490868e-06	9.7595335315393e-05
"ENSG00000198814"	122.072768384306	0.309613429598928	0.000450793065586406	0.00259168371340642
"ENSG00000206052"	640.114101821471	0.309563152114514	0.00270993939849984	0.00993105958407019
"ENSG00000121897"	243.619806541211	0.309519999811968	0.000708759749533674	0.0036244449104941
"ENSG00000164031"	921.486845621894	0.309489545989043	0.000123501196508787	0.00100993226882253
"ENSG00000197124"	123.449678373731	0.309389785343248	0.000777144368773005	0.00390113328074941
"ENSG00000141030"	589.4898628559	0.309130058627093	4.82124295586224e-05	0.000523457671420182
"ENSG00000196290"	252.929808374328	0.309106773612991	0.000412960055902697	0.00242517569195761
"ENSG00000178397"	394.801061520218	0.309057359663542	0.000141956151575712	0.0011198401636447
"ENSG00000271614"	283.606841439855	0.308976909319043	0.00136942591812162	0.00594715621091963
"ENSG00000047621"	258.511776648895	0.308761020162888	9.6154618053387e-06	0.000194033932069513
"ENSG00000104722"	16669.1484399099	0.308753922463019	0.00119989078559605	0.00539523924816146
"ENSG00000138642"	401.863206070612	0.308664347573267	0.00100828280916327	0.00475155729178866
"ENSG00000153714"	96.8804046406967	0.308632196955634	0.000775265051579146	0.00389513169992204
"ENSG00000074211"	3897.70732342	0.308420297981419	1.38597952352788e-06	6.26164449829011e-05
"ENSG00000096080"	107.743545164982	0.308382743513742	1.56325800567808e-05	0.000255782890225635
"ENSG00000178467"	2023.51047671084	0.308363877616647	0.000486898265481149	0.00275147073004827
"ENSG00000214517"	1626.89836551405	0.308313621688267	0.000356357105294129	0.00218085995832203
"ENSG00000109944"	61.0151673236994	0.30820976222551	0.000345570286171604	0.00213353706451643
"ENSG00000182287"	630.241615313752	0.308129694248534	0.00130105746564922	0.00572471936508693
"ENSG00000170571"	86.2949142144591	0.308100708301934	0.00168171920666779	0.00692688028341054
"ENSG00000128581"	463.287397417937	0.307750819570901	8.35890253157337e-05	0.000767369542805186
"ENSG00000143067"	109.177979228337	0.307402826079664	0.00148866758357301	0.00633514861850708
"ENSG00000231312"	449.002479307475	0.307142853226648	0.000101648192291422	0.000877868983955062
"ENSG00000006695"	133.424669265026	0.306986494465787	1.49853275014524e-07	1.88279154950729e-05
"ENSG00000274349"	53.6767265843655	0.306953952512471	0.00198798841310313	0.00786468502752109
"ENSG00000173418"	601.199450393307	0.306826215824685	3.08092738008638e-06	9.78609655563818e-05
"ENSG00000196715"	653.5368867126	0.306789195176193	0.000153015930263219	0.00118110457740843
"ENSG00000108176"	347.809433483939	0.306773525791868	0.000495731542859344	0.00278318021662284
"ENSG00000104687"	582.887941444604	0.306502384531135	1.89773421508724e-07	2.12287544434292e-05
"ENSG00000175931"	1869.25210644592	0.306437045650022	0.000305786700366305	0.00195016912686373
"ENSG00000061676"	3346.20685664619	0.306373046478724	0.000146608829436289	0.00114917020996669
"ENSG00000182247"	758.925642831777	0.30636247271898	0.000139645491550679	0.00110821477457899
"ENSG00000101152"	4355.27014223941	0.306125596887364	5.5273689140643e-05	0.000572114258074497
"ENSG00000165495"	1013.05501800453	0.305947166364086	0.000540440051718654	0.00295789971708528
"ENSG00000159784"	1989.52703029384	0.305787653530825	0.00144623024333435	0.00620023939689021
"ENSG00000119042"	986.618905396461	0.305426953458513	0.000178812673146858	0.00132100825100382
"ENSG00000136261"	223.991872801007	0.305140612363902	0.000403997153968757	0.00238723069387718
"ENSG00000022567"	1058.43541960841	0.305061590595585	9.92900784428215e-05	0.000862736052618014
"ENSG00000078902"	5283.41775660035	0.305055811493045	0.000233585992889604	0.00160445826463711
"ENSG00000103460"	73.3137111659447	0.305010526191614	0.00259207616706272	0.00959307827642454
"ENSG00000119185"	1142.69612685984	0.304958046366838	5.04448496648977e-05	0.000538318163224975
"ENSG00000161249"	273.235579585949	0.304610376928381	0.000934946316727543	0.00449280596031022
"ENSG00000144218"	705.914783398725	0.304555183581751	0.00101790087829803	0.00478777471928758
"ENSG00000165995"	778.882819946197	0.304283918336694	0.000144185384336301	0.00113378849729591
"ENSG00000070718"	1044.19185064278	0.304281327036876	1.30632464805779e-05	0.000228746349613619
"ENSG00000165637"	1407.56279981083	0.303826232642671	2.06962853765897e-05	0.000302672183676498
"ENSG00000149925"	23075.5670421045	0.30376209925059	0.00138421186688089	0.00599407267034486
"ENSG00000145979"	226.492929878216	0.303694264345203	0.000649339503883721	0.00339007609352456
"ENSG00000101247"	432.155692648984	0.303252058574678	3.17025796407361e-06	9.98767547594796e-05
"ENSG00000059691"	770.45463861872	0.303151453062488	0.000110735216962028	0.000939222877283134
"ENSG00000113575"	2714.06058781202	0.303135352478921	5.39637311683927e-06	0.000138600299108748
"ENSG00000144619"	262.59822309133	0.303041633220965	0.00171003368714396	0.00701998804121367
"ENSG00000233487"	82.3192758225972	0.303011346451264	0.00156406761644652	0.0065633663877627
"ENSG00000115365"	2209.21041783072	0.302887548178017	0.00263850522208238	0.00973351701408144
"ENSG00000040731"	534.353110610108	0.302849967675879	1.89260887834085e-05	0.000285516885388966
"ENSG00000144118"	1169.54514104379	0.30274425053891	0.000194323984168559	0.00140272848230386
"ENSG00000011485"	891.278266440382	0.30272438901675	0.000338405612164472	0.00209757861079837
"ENSG00000153560"	1101.19766843779	0.302615035523685	2.97651361559051e-05	0.000380361758464435
"ENSG00000069956"	732.253365905846	0.302518453341954	0.000176368979910369	0.0013088215611286
"ENSG00000182255"	117.400418324872	0.302267258533071	0.00124619183878393	0.00554238656311372
"ENSG00000097046"	176.581954069697	0.302188056443329	0.00196299535956213	0.00779318142855264
"ENSG00000145414"	109.302243787878	0.301914052295114	0.000112326388012735	0.000947781429834905
"ENSG00000139163"	880.321191288874	0.301895178187288	0.000580360065202028	0.00311692287123947
"ENSG00000161267"	1288.30413817061	0.301891261833145	0.000721130952430123	0.0036778746916088
"ENSG00000196072"	848.955129681395	0.301854828211821	3.3003369793215e-06	0.000101444107901895
"ENSG00000134779"	1409.01266465384	0.301714563299543	5.07083507507504e-06	0.00013341567797379
"ENSG00000130770"	2793.94968257946	0.301590618402594	0.000493742368863299	0.00277375567729894
"ENSG00000128039"	170.960170500161	0.301499545035472	0.000989948311258163	0.00469625519376323
"ENSG00000109083"	411.710308452048	0.301497165417918	0.000557367638396672	0.00302744372348435
"ENSG00000134444"	507.275622906448	0.301161943868263	7.37640992864617e-05	0.0007022684961382
"ENSG00000151789"	526.954419849174	0.301137061963177	0.00166230883514104	0.00686829620242023
"ENSG00000137547"	455.629229578922	0.301018757564706	7.89494966176152e-06	0.00017245655904556
"ENSG00000050130"	380.680436141513	0.300853046176924	9.21489198840491e-05	0.000821532281707991
"ENSG00000155744"	1498.66807551926	0.300650873355244	6.01074649685446e-05	0.000606537796745522
"ENSG00000125827"	1902.38790361369	0.300642240322918	0.000140557016313081	0.0011118602581788
"ENSG00000119227"	407.666463748438	0.300593153049396	0.000667413417262088	0.00345821407324874
"ENSG00000215712"	458.418641567655	0.300069067518597	0.000138183574675131	0.00109863920133165
"ENSG00000136010"	155.684328943465	0.299856493559445	9.85117444677844e-05	0.000857271313207266
"ENSG00000165434"	2302.49808745102	0.298913791518243	0.00122172738225893	0.00546081366679382
"ENSG00000100612"	514.160353433859	0.29886887458099	0.000475651777122056	0.00270836719801586
"ENSG00000158445"	2847.14568308264	0.298849839413184	0.00230393636859127	0.00878158917461503
"ENSG00000101443"	123.841972386856	0.298618114826046	0.00206698146918251	0.0081008542871217
"ENSG00000105983"	695.014633392621	0.298389958003053	1.88451643369768e-05	0.000285045530520547
"ENSG00000008853"	2062.24760621314	0.298187767045214	0.00096657879795982	0.00461517915375378
"ENSG00000117155"	1174.95840844191	0.297723687652795	0.000309919426673712	0.00196777686880657
"ENSG00000182195"	1735.85080669644	0.297675649003514	0.00191492511177367	0.00764898860711738
"ENSG00000152234"	6496.67669287475	0.297599035084	6.97736298885132e-05	0.000674347833391902
"ENSG00000185420"	299.926641768035	0.297276643594355	0.000193632808834632	0.00140042081448341
"ENSG00000173915"	750.497403574803	0.297186050216118	0.000150945561898919	0.00117449494391583
"ENSG00000115944"	1525.17997490937	0.297101882082961	3.54585199488334e-07	2.99189952881995e-05
"ENSG00000206561"	174.647780064615	0.296787663249219	0.000253346959150928	0.00169156757481184
"ENSG00000155099"	363.253057052027	0.296755032121928	0.000557644434511289	0.00302799168808922
"ENSG00000163001"	1457.04957505609	0.296738154042387	2.65342733673563e-05	0.00035187553734384
"ENSG00000197562"	1558.10030667514	0.296698788496145	0.00195825949843259	0.00777746210118139
"ENSG00000179163"	171.59586451297	0.296587384678005	7.13801197684821e-06	0.000163540298151097
"ENSG00000037897"	51.6586724050295	0.296438122497979	0.00223432884823875	0.0085866270294114
"ENSG00000132341"	2530.91561652453	0.296274153951792	5.30894131859588e-05	0.000557212237298725
"ENSG00000103415"	1472.85686131832	0.296098603483896	0.000366612685883686	0.00222210717909114
"ENSG00000067221"	1361.85463576432	0.296098039766354	0.00127676307273132	0.00564379115842944
"ENSG00000253771"	102.414962015568	0.296059931702431	0.00107523158331609	0.00498481323818361
"ENSG00000138834"	7686.01107211634	0.29578530892504	0.00153958803037753	0.00649549707348275
"ENSG00000158882"	217.806512530272	0.295687017659825	0.00246008569012904	0.00920753533033074
"ENSG00000133019"	774.306226542102	0.295633334521189	0.00264397847796353	0.0097516180718205
"ENSG00000154429"	1031.88686115866	0.295360970750689	1.89691176330373e-05	0.000285915430663284
"ENSG00000103769"	1581.23200316229	0.295360788086353	1.37942982717317e-05	0.000235013359213801
"ENSG00000179542"	1196.34812168867	0.294792550910515	0.000871829897231474	0.00425363039145277
"ENSG00000069966"	1705.01846459356	0.294772164182593	8.80919732968406e-05	0.000797647099609952
"ENSG00000108094"	495.048759164863	0.294339898159747	0.000166417238680084	0.00125472620648283
"ENSG00000198300"	3606.31475153887	0.293698138253774	0.000324613146679659	0.00203184221592617
"ENSG00000142530"	115.705182388966	0.293621875606721	0.00100018506764744	0.00472712398940564
"ENSG00000105793"	319.220805060801	0.293575083037571	1.43079245738092e-07	1.81089930653661e-05
"ENSG00000103723"	2780.10599751784	0.293533949634993	0.000760440957988296	0.00383855431373975
"ENSG00000112146"	1125.2309579379	0.293268526032065	0.000150999669487348	0.00117449494391583
"ENSG00000070808"	22939.7569971774	0.29306243999058	0.000800842851434372	0.00398292632237499
"ENSG00000113048"	793.40088863842	0.292991801826099	9.16029845861146e-06	0.000188137582760115
"ENSG00000163412"	729.451529151352	0.292857875109545	0.00110984387873522	0.00509704980914335
"ENSG00000198890"	167.49504522356	0.292781407951787	0.00111777653591054	0.00511713509290057
"ENSG00000132768"	303.871546162701	0.292685191645792	7.71767193066471e-05	0.000725925065259735
"ENSG00000168781"	528.699850421856	0.292486019513254	0.000105575909695574	0.00090501899083163
"ENSG00000165629"	1484.91692267512	0.292400010040976	0.000592144205010842	0.00316048936460515
"ENSG00000144136"	1044.9760204798	0.292393330717387	2.2624563379369e-06	8.4111578714704e-05
"ENSG00000176204"	287.503948554266	0.292373348470906	0.00153470759493072	0.00647950008132019
"ENSG00000162065"	1355.81663394658	0.291829549781207	0.000308207586380881	0.00195835259666818
"ENSG00000119862"	271.62362820884	0.291805272195779	0.000305437560863533	0.00194866446817791
"ENSG00000163444"	884.480500615728	0.291265013115029	9.26306792094759e-05	0.000823580517165655
"ENSG00000085831"	146.535861318261	0.291250002623508	0.00202958123378388	0.00798701000848696
"ENSG00000137040"	567.523651033755	0.291176496771822	0.000909869762122341	0.00440179545121188
"ENSG00000187984"	384.981077474161	0.291171052992056	0.000254779164613641	0.00169818659138309
"ENSG00000013392"	294.924039343826	0.291167667244203	8.32623331986263e-05	0.000764829596192234
"ENSG00000238197"	85.4691726545031	0.290971384039781	0.00114226474069447	0.00520291161195392
"ENSG00000186908"	1158.23976141954	0.29095136470246	9.88379427733766e-05	0.00085967534560795
"ENSG00000112245"	983.035861768151	0.29074093404583	9.80831756928035e-05	0.000855704867308782
"ENSG00000184903"	76.780682410286	0.290575222854603	4.17789866211281e-05	0.000476015022439451
"ENSG00000040199"	608.184432997518	0.290545593897994	3.96959566676067e-06	0.000114500916882291
"ENSG00000198668"	31085.5108583583	0.290518594920351	0.000152795791304657	0.00118110457740843
"ENSG00000117020"	1536.10857170755	0.290459776606197	5.9336608598416e-05	0.000602572887200315
"ENSG00000172336"	501.690301714522	0.290353618299919	0.00227207548275654	0.00869673900037542
"ENSG00000136738"	372.387681913777	0.290290255505225	0.000403228168791864	0.00238588650951152
"ENSG00000126953"	98.2924854449038	0.29007492904497	0.000176405392541588	0.0013088215611286
"ENSG00000100678"	265.468321633298	0.289968645073393	0.00252457890814221	0.00940800535740459
"ENSG00000101132"	365.600036834267	0.289709801244531	8.1145594237494e-06	0.000175472250453516
"ENSG00000130764"	1269.65881996616	0.289639132126582	0.00228069149046866	0.00872389836120824
"ENSG00000204899"	420.197568971734	0.289565518410184	0.00162844092273609	0.00676081852461561
"ENSG00000135900"	207.003069605845	0.289473492946977	9.09103537031548e-05	0.000814172694220813
"ENSG00000049860"	440.071873471214	0.289328311014011	1.80403735003125e-05	0.00027676376921647
"ENSG00000166793"	948.946283900408	0.289246303240226	0.000807514138431208	0.00400684372003931
"ENSG00000122870"	83.01298206759	0.289155058990346	3.26390116213189e-05	0.000404247003814981
"ENSG00000164885"	1082.95862023552	0.28908135341768	0.00231710557250616	0.0088161667151964
"ENSG00000229431"	29.8854819771329	0.28899194442514	0.00221702664619439	0.0085277496449037
"ENSG00000125166"	1919.87101520334	0.28874680286857	0.000606246043821312	0.00321189588557693
"ENSG00000182952"	221.656954837079	0.288577432476411	0.000426289774207699	0.00248567949980932
"ENSG00000175110"	272.470256414297	0.288316978101259	2.87326544529567e-05	0.000371225751917445
"ENSG00000075790"	1309.76826867151	0.288201827768766	2.77268683701252e-05	0.000361914174558794
"ENSG00000161980"	167.061516927464	0.287922687089502	0.000991634483715788	0.00470220506011015
"ENSG00000185947"	105.90760234899	0.287717478349471	0.00034954233870017	0.00215265555493597
"ENSG00000278576"	68.8531832350257	0.287701793205523	0.00165912277996142	0.00686501932968171
"ENSG00000197381"	1152.5998712294	0.287459549173246	0.000489683867329003	0.0027626772888673
"ENSG00000204217"	1544.55777068854	0.287039099706076	3.89555761150025e-05	0.000453069143018606
"ENSG00000100983"	592.714986525449	0.286856673021697	0.000933801984993947	0.00448856005800079
"ENSG00000254377"	746.067945106917	0.286623698664198	0.00158539305781788	0.00662685058383175
"ENSG00000067798"	625.490107571356	0.286576365212318	5.13191784597794e-05	0.00054427419521145
"ENSG00000051382"	682.585743700948	0.286383232312934	0.000766290231856156	0.00386128622978338
"ENSG00000008869"	537.433533550653	0.286192610463961	0.000607378410869525	0.00321587345010678
"ENSG00000143756"	499.625845318707	0.286131600916265	0.0002632685258253	0.00173959352592356
"ENSG00000184305"	68.1559240909916	0.286009906996426	7.00117341423433e-05	0.00067626934892938
"ENSG00000057663"	375.233688409818	0.285934100811707	5.33297990406966e-05	0.000558880534574259
"ENSG00000049769"	1275.54205497477	0.285905821743864	0.00210292014865561	0.00820620369957132
"ENSG00000198901"	172.492771988835	0.285805804848196	0.00127949598316567	0.00565219633630912
"ENSG00000104164"	871.904224163495	0.285656691717019	0.000130766574568816	0.00105132417003878
"ENSG00000096384"	23901.7520778244	0.28541304554758	2.83504653814971e-05	0.000367744205434596
"ENSG00000143847"	3126.91108251114	0.285297863972962	0.00139331404424296	0.00602590820189803
"ENSG00000181915"	474.369827623786	0.285245631677392	1.91126874107687e-05	0.000287575776574792
"ENSG00000155158"	682.497986470722	0.285154198289456	0.000359866782783625	0.00219581245375914
"ENSG00000121671"	1770.03041752568	0.285005707951439	9.48829373088463e-05	0.000835636239390102
"ENSG00000178234"	841.342502837129	0.284756096535726	1.95233566934277e-05	0.000291209305688017
"ENSG00000143933"	16152.7232200757	0.284562227363218	1.00481367892916e-05	0.00019880296385526
"ENSG00000172375"	1294.65027220113	0.284558122295578	0.000413095632883269	0.00242517569195761
"ENSG00000156959"	1415.0842701005	0.284553529266962	0.000655851985601243	0.00341475505993775
"ENSG00000198846"	429.701126395655	0.284384882154058	0.00143598041798247	0.00616243603458794
"ENSG00000134504"	880.29010540648	0.284374219525087	0.00103357304271479	0.00483842610395694
"ENSG00000149256"	594.326625332143	0.284354149647207	0.000357319865730641	0.00218491895162398
"ENSG00000152402"	669.609921099799	0.284302021468162	0.00125659268857762	0.0055775476917191
"ENSG00000137100"	1302.52196686216	0.28423638336067	0.000176622241586142	0.00130986585283165
"ENSG00000204065"	1645.15516426035	0.28422201601456	0.000604946689237625	0.00320990979095167
"ENSG00000086065"	998.20344981898	0.284219885688489	9.79441659172201e-05	0.000855359171959974
"ENSG00000137494"	377.939597128251	0.284034690693636	2.29198121953985e-05	0.000320838898253969
"ENSG00000091483"	769.584657025674	0.28398126294654	0.000657897856575343	0.00342126761487353
"ENSG00000157680"	619.839735783754	0.283980211584264	0.000433784694585163	0.00251785629701497
"ENSG00000152782"	130.1316263855	0.283973036865092	0.000840248539019624	0.00412880334060656
"ENSG00000115947"	557.750528737264	0.283946436711095	6.63496517528052e-05	0.000650367169435411
"ENSG00000078668"	2080.55783794497	0.28390677124577	0.000496343508524861	0.00278473298964747
"ENSG00000100167"	6483.47645196772	0.283819673872983	0.00236127369425647	0.00893091718286894
"ENSG00000137996"	573.093202244041	0.283631909411311	1.16176306912623e-05	0.000214623354293228
"ENSG00000157764"	699.158343893311	0.283564397449723	0.000147564328723174	0.00115403216279509
"ENSG00000183696"	1254.08881355682	0.283473306282873	0.000168953899333171	0.00126829632325419
"ENSG00000168785"	1610.97812006674	0.283385152571366	1.64471842874494e-05	0.000261892121313475
"ENSG00000255366"	173.929780634646	0.283341786280167	0.00123801184952426	0.00551971919392169
"ENSG00000164465"	249.330444849328	0.283328722581739	0.000180279951791051	0.00132727066303651
"ENSG00000077254"	1640.28767927276	0.283268097229805	0.000953097101451656	0.00456854926407334
"ENSG00000170445"	1895.85434300549	0.282598987756213	0.000367394375627397	0.00222596247366223
"ENSG00000255150"	38.9324958266834	0.282565149617828	0.000890821422763148	0.00432666736738772
"ENSG00000079785"	1717.6278086066	0.282022487179334	0.000320681372156359	0.00201750309171323
"ENSG00000228794"	532.825968411843	0.281810649690813	0.00078662899739124	0.00393211836855177
"ENSG00000158019"	429.521793609603	0.281599414207428	4.85438010547168e-05	0.000524206052418344
"ENSG00000067064"	1125.65140923672	0.281071025845315	0.00136556305593228	0.00593721568117258
"ENSG00000233452"	356.406242828043	0.281022030650181	0.00172767461781983	0.00706544623343613
"ENSG00000174951"	159.449523437668	0.28075837910356	0.00262723588714349	0.00970234098378051
"ENSG00000261188"	108.830377315759	0.280554878205044	0.00107555895931063	0.00498481323818361
"ENSG00000115514"	154.227827565132	0.28032890982652	0.000211292250525478	0.00149485142141186
"ENSG00000273611"	417.589929225883	0.280327086031387	2.11980323419128e-05	0.000307068458870022
"ENSG00000151576"	146.609881107884	0.280308516364563	0.00221090952889645	0.00851519335965213
"ENSG00000134717"	698.690320976569	0.280164584182273	1.3342990155011e-06	6.05997070021649e-05
"ENSG00000247121"	58.500513496638	0.279834473828769	0.000294371248396979	0.00189510612355943
"ENSG00000167103"	87.3605436573201	0.279794156862279	0.00146045596792114	0.00624543297441498
"ENSG00000011523"	666.051931314241	0.279783233906838	2.38967524407326e-05	0.000329859502616143
"ENSG00000108561"	996.376883498402	0.279614162656288	0.000370704739549451	0.00223814124232364
"ENSG00000138660"	289.298801375711	0.279378118851907	0.000763917056472313	0.00385045513705942
"ENSG00000000419"	308.368480207003	0.279283594806549	5.67029811807532e-05	0.000582703531381674
"ENSG00000125821"	503.182874330229	0.278936587970243	0.000113626851281914	0.000953612379871084
"ENSG00000140941"	2685.16472114096	0.278914545143425	4.33111736581111e-05	0.000486946591885739
"ENSG00000042753"	2508.56335623438	0.278842696375088	0.000997526343490362	0.00472311930743178
"ENSG00000132382"	1299.45711131768	0.278698857552305	0.00183409417227623	0.00738831336002593
"ENSG00000100749"	159.418708533267	0.278672519532837	0.00104307174824441	0.00486832809179256
"ENSG00000211456"	749.259324275722	0.278635460322961	0.000223362896143833	0.00155537956858803
"ENSG00000102383"	94.1735171943713	0.278080681831945	0.00157468958438655	0.00659652757752389
"ENSG00000064601"	1127.78744758721	0.277707583944073	0.00191329772813188	0.00764475250564856
"ENSG00000260412"	195.175252234377	0.27750584640998	0.00267167942639673	0.00983271711921464
"ENSG00000124608"	357.185467984415	0.277268490788379	0.000111137262800299	0.000940976736144394
"ENSG00000106789"	255.166139048231	0.277255225330451	0.00157254272547075	0.00659105405639917
"ENSG00000184056"	450.002771089177	0.277044960109471	5.30649185386943e-05	0.000557212237298725
"ENSG00000147224"	483.968132053758	0.276920651438285	5.22170145710834e-05	0.000550068220203218
"ENSG00000141622"	716.141783381297	0.276903023800201	0.00187354249330831	0.00751731630240465
"ENSG00000139496"	531.717503927389	0.276692323595231	0.000101071506776028	0.000876003950722948
"ENSG00000088812"	1255.73797342727	0.276614332527505	0.0001847747722323	0.00135284055909595
"ENSG00000142168"	6109.57302149741	0.276501586936273	1.27264822567494e-05	0.000225371336507641
"ENSG00000167815"	1590.04983666143	0.276476562405983	0.000111068376234787	0.00094085627959123
"ENSG00000130347"	126.173157906325	0.276158187068489	0.000980949104087566	0.0046621467485952
"ENSG00000148572"	221.374943558554	0.276102220591874	0.000546525360145965	0.00298266995060003
"ENSG00000008086"	1444.63287557971	0.276088853044578	0.000278395389980672	0.00181632687834716
"ENSG00000134253"	166.702525660763	0.275910568934959	5.81564299707504e-05	0.000594445741737843
"ENSG00000187672"	655.819434862947	0.27557135552301	0.0011489346529098	0.005226377426146
"ENSG00000196083"	158.662347472333	0.27549192083616	0.00260019373174937	0.00961898446262667
"ENSG00000174738"	1131.40905128814	0.275438196778516	0.00130803455272917	0.00574513874869285
"ENSG00000281205"	366.342064694836	0.275329548185582	7.36506086773909e-05	0.000701576052664045
"ENSG00000255302"	4005.58433818848	0.275244523404325	0.00011082098784419	0.000939222877283134
"ENSG00000061794"	490.868682402359	0.275052600415504	5.53850938158526e-05	0.000572578750662025
"ENSG00000065150"	1999.60895855236	0.274960185887946	7.42488377374092e-06	0.000166195740438755
"ENSG00000249471"	127.62393352135	0.274937180079517	2.10929506750637e-05	0.00030587443973873
"ENSG00000102057"	95.9924267495901	0.274904631870968	0.00106705160498464	0.00495606024732881
"ENSG00000113558"	3718.36836329272	0.274647073106388	1.49172959138306e-06	6.45154307951672e-05
"ENSG00000129295"	159.309077892834	0.274279776518462	1.91899846607357e-05	0.000287794237788453
"ENSG00000124802"	135.712061291777	0.27414213494131	1.51548663049532e-05	0.000249887633072423
"ENSG00000111647"	459.785152790402	0.274129965278686	0.00177730079567368	0.00722206765720751
"ENSG00000121390"	744.858354197226	0.274112977379236	0.00048332470956791	0.00273756769522621
"ENSG00000166402"	1383.56037826491	0.273896037689573	0.00083135116676069	0.0040935675336843
"ENSG00000023228"	2140.13906276701	0.273844136936788	4.08262832936727e-06	0.000115964160781186
"ENSG00000068383"	504.272000047902	0.27375465484753	0.00215184891277478	0.00834793223700524
"ENSG00000205133"	369.701175836081	0.273737994691529	0.000634251306978942	0.0033294808621618
"ENSG00000179044"	50.9264128924403	0.27364507022727	0.00156833686213798	0.00657631727356422
"ENSG00000144567"	3354.05745582593	0.273632590533733	0.000751623290802059	0.00380296640346145
"ENSG00000111667"	2246.11499912021	0.27361664258779	0.00146112581118742	0.00624543297441498
"ENSG00000243753"	96.9605161330002	0.273447780995474	0.00149491487898445	0.00635043677491595
"ENSG00000108960"	579.634273362774	0.27329512741715	0.000803396211431646	0.00399216483469195
"ENSG00000143702"	757.496489690371	0.27314763050163	0.00123200978534044	0.00550248687988193
"ENSG00000145715"	599.733486487371	0.273074106942689	0.000360798122484631	0.0021994547962448
"ENSG00000145912"	285.706740095337	0.272986375478798	0.00075765117939781	0.00382559394279099
"ENSG00000137876"	768.232179026623	0.272801695482116	0.000148671830303948	0.00116163786428591
"ENSG00000249673"	201.872877033848	0.272744194193571	0.000600783067674361	0.00319471082603607
"ENSG00000101557"	1069.7884991549	0.272598410408524	5.41904382154113e-06	0.000138600299108748
"ENSG00000167642"	1126.23214910717	0.272538722581366	0.00133042740437424	0.00581233581596522
"ENSG00000163798"	916.290824763984	0.272537106527044	2.20419416901107e-05	0.000312784783439304
"ENSG00000219545"	163.552678287957	0.272459512939636	0.000173257837266728	0.0012937753746136
"ENSG00000156261"	1714.41105359718	0.272347705068863	9.41989158683073e-05	0.000832646072342197
"ENSG00000144357"	1026.52022275536	0.272258457508123	0.0005588875631353	0.00303187255727952
"ENSG00000114902"	917.859164157101	0.272248008451319	3.57535741473425e-06	0.000106475133529101
"ENSG00000182934"	987.558722098809	0.272071437431681	0.00234998422752907	0.00890582970243459
"ENSG00000134330"	501.759492626673	0.272022192170187	0.000139830400975104	0.00110917082579929
"ENSG00000235026"	140.844705609583	0.271699485726649	0.000703632792944377	0.00360572529471615
"ENSG00000155096"	1773.94068171694	0.271668086940899	0.000152917234426608	0.00118110457740843
"ENSG00000175711"	119.028026746715	0.271658260729777	0.00104782154689917	0.00488652188750351
"ENSG00000124523"	546.346342762274	0.271653673239691	2.81320178369526e-06	9.40264899082457e-05
"ENSG00000166073"	480.9992222955	0.271536982182027	0.0011189473779247	0.00511837396125908
"ENSG00000116459"	1681.35740311947	0.271517216785765	4.14608371625683e-08	8.59837819372637e-06
"ENSG00000119446"	431.211029819132	0.271451282548167	0.000227639846353132	0.00157553867120083
"ENSG00000185477"	137.776028559586	0.271424092778322	0.00249793768974876	0.00932487561345596
"ENSG00000106477"	383.651069572713	0.271421932388631	6.97732541821631e-05	0.000674347833391902
"ENSG00000170791"	385.868449506892	0.271373098601715	2.99505664783727e-06	9.72715284513639e-05
"ENSG00000121753"	5198.08531520013	0.271290898968124	0.00253237604433406	0.00942746438174329
"ENSG00000131462"	511.70064347259	0.271227733736341	0.00027498424731111	0.00180110496536002
"ENSG00000179115"	1336.04512144055	0.27106119052661	0.0012738711396937	0.00563679792481946
"ENSG00000172500"	1288.94460939102	0.270660087336564	0.000252447568226311	0.0016880501730566
"ENSG00000162631"	533.811538683304	0.27035758200793	0.000279448768675953	0.00182133724165815
"ENSG00000110042"	670.553414248983	0.270348952224156	0.000175920199079874	0.00130747598737559
"ENSG00000131238"	1678.94450574563	0.270181263631332	1.11304283361141e-05	0.000209437163853812
"ENSG00000185515"	256.699574963325	0.269783303652449	6.79629653539984e-05	0.000661835614769682
"ENSG00000119801"	1712.62863184393	0.269716669741159	0.00127964963240554	0.00565219633630912
"ENSG00000163950"	720.59866193933	0.269682413567	3.03850368573592e-05	0.000385990877804963
"ENSG00000175893"	754.249550943498	0.269315662448971	0.000121606390899563	0.000999145969715594
"ENSG00000186088"	295.36363033304	0.268895775379949	0.000440856317869376	0.00254842381630863
"ENSG00000100028"	952.553174358458	0.268872566919506	0.00169979179352717	0.00698794271363342
"ENSG00000133872"	5611.55690385566	0.268844261874549	1.84501674955662e-05	0.000280550117580549
"ENSG00000139726"	936.387368239307	0.268771785118695	0.00263837987627431	0.00973351701408144
"ENSG00000170632"	581.747615667359	0.268760249456309	0.000233682499822531	0.00160445826463711
"ENSG00000020256"	217.332891987496	0.268645095204351	0.00109809727488431	0.00505913229408259
"ENSG00000198554"	59.7380081083855	0.268539903600981	0.000231839391413861	0.00159562232883119
"ENSG00000279278"	193.804452393006	0.268394645665485	0.00118951443995901	0.00535437030727364
"ENSG00000116221"	613.523136735634	0.268069074797321	3.39608266722447e-05	0.000413999794270076
"ENSG00000149582"	1159.9380870304	0.267956437723982	0.000319581628873421	0.00201228014991839
"ENSG00000188042"	1417.31710070303	0.267606040296663	0.000788848564410969	0.00393816051269225
"ENSG00000171160"	654.05966854778	0.267342965207148	0.000234041981766932	0.00160502477316335
"ENSG00000072133"	220.721013757535	0.267303984667678	0.00132658817109285	0.0057991846379923
"ENSG00000232119"	385.572752895736	0.267289932092545	1.60792689365116e-05	0.000259618513288279
"ENSG00000173611"	1065.19266120879	0.267264561397371	0.000332983767356593	0.00207292932640471
"ENSG00000166200"	689.548238267496	0.267158237715244	2.31396296268791e-05	0.000322512101026291
"ENSG00000125841"	3489.40263947848	0.266711133356214	0.00118439710552459	0.00533971382330925
"ENSG00000168496"	279.073504159122	0.266497634604139	0.00216574733683427	0.00838672866342593
"ENSG00000006530"	618.008536318143	0.266388901374394	4.42344640471936e-05	0.000492750143876566
"ENSG00000086827"	126.428327470343	0.266255224909146	3.26868787672179e-05	0.000404485437972769
"ENSG00000155849"	2889.99862945849	0.266188063616973	0.00250350961060729	0.00934162387326758
"ENSG00000072954"	1108.94708158552	0.26614781500124	0.00104650671986977	0.00488171278295889
"ENSG00000116984"	646.238619834651	0.266146453187985	0.000136642667829516	0.00108789557879253
"ENSG00000102172"	1241.54065612669	0.266055792257341	5.27859424079561e-07	3.70858949660468e-05
"ENSG00000101546"	111.819977305171	0.265762849238783	0.00161301163568699	0.00671295195480663
"ENSG00000155876"	1632.74101203037	0.265666467862283	0.000668439368200765	0.00346248776552506
"ENSG00000164187"	873.205724062533	0.26557212021643	2.93200773236961e-05	0.000375790387917186
"ENSG00000035687"	501.72680831209	0.265568865003884	0.00118255937694227	0.005334222891852
"ENSG00000133026"	3207.17586621175	0.2654846398717	4.29319350660875e-06	0.00011823798372681
"ENSG00000004961"	239.119137761849	0.265479426761524	0.000741092999258531	0.00375520570981369
"ENSG00000148606"	913.003978145528	0.265476900387251	5.41771880172711e-06	0.000138600299108748
"ENSG00000070761"	321.394632511652	0.265433505224612	0.00104565784423576	0.00487907521627273
"ENSG00000197362"	267.663609774353	0.26502137419063	0.00202888932890862	0.00798611297015872
"ENSG00000005379"	3759.5103376182	0.264952697142192	0.000219912230060646	0.00153938561042452
"ENSG00000169018"	1331.01585404607	0.264933488699527	8.02009094827975e-05	0.000744203911012072
"ENSG00000120137"	769.619383721659	0.264917209162037	0.000102742172144121	0.000885578872867677
"ENSG00000113068"	992.624593788615	0.264791694981243	5.28290213528759e-06	0.000137156251062904
"ENSG00000134996"	506.833868935793	0.264608932573348	0.00102958757378714	0.00482370465639575
"ENSG00000133103"	288.42888609062	0.264547904903318	0.00172831156165077	0.00706637218781349
"ENSG00000125863"	771.422772034317	0.26429053717746	0.000533333080012956	0.00292551380059369
"ENSG00000175087"	181.429327852351	0.264252647930973	0.000647125153143225	0.00338056608833212
"ENSG00000198522"	211.560832927494	0.264233505199599	3.3178238656946e-05	0.000408353562886599
"ENSG00000005469"	184.490077400946	0.263917935925215	2.6667855876067e-06	9.19127793934307e-05
"ENSG00000138069"	2011.72354978508	0.263876187049771	0.000247590817838329	0.00166671128175642
"ENSG00000185737"	446.047965163727	0.263782891306861	0.000822143290970669	0.00406070372094064
"ENSG00000156787"	133.569390306925	0.263696221926676	8.6125988075544e-06	0.000182123664956307
"ENSG00000134308"	3565.43209680839	0.263464564076348	9.31460915861132e-05	0.000826455502305034
"ENSG00000121774"	1158.11795640408	0.263330914215852	7.93306466348342e-05	0.000739316957512399
"ENSG00000091039"	705.663995058487	0.263202652674059	0.000433855909890572	0.00251785629701497
"ENSG00000008735"	7462.34862585008	0.263115794829761	0.00189195383542863	0.00757529689910048
"ENSG00000069329"	2569.89878104352	0.262690416420486	0.000115816325940519	0.000967740979812692
"ENSG00000092068"	932.249552692147	0.262326568063724	0.00231992715525407	0.00882495162947809
"ENSG00000141404"	457.287249681205	0.262326212500719	0.00166328531552377	0.00687068157814029
"ENSG00000175455"	460.119041277162	0.262284899672984	0.000479228450211149	0.00272063301895927
"ENSG00000010017"	924.907245508109	0.261781257105677	6.30519199434643e-05	0.000625540459934784
"ENSG00000130226"	4229.46180022392	0.261751498163938	0.000661448280304471	0.00343557913363936
"ENSG00000105778"	851.62951939603	0.261659609247895	2.15207178211944e-05	0.000308994728783602
"ENSG00000198331"	155.239402431334	0.26146351704395	0.00176108301117888	0.00717310030085709
"ENSG00000142892"	354.326394557638	0.261261387989503	0.000954251240698289	0.00457026338512511
"ENSG00000070882"	374.869877472366	0.261200256844855	0.00128342175454981	0.00566740345332631
"ENSG00000281649"	516.021061106565	0.261166446592048	0.000365776191870317	0.002220848532862
"ENSG00000109576"	220.030864797358	0.261092764794245	9.46348505303999e-05	0.000834502910952753
"ENSG00000143420"	4092.37983770003	0.260646334262804	0.000133033972597396	0.00106606786327699
"ENSG00000011295"	1236.51892194179	0.260045815200805	0.000120931943938359	0.000995505285036336
"ENSG00000005249"	1362.25739597421	0.260017013639506	0.00199717888579178	0.00789231818120072
"ENSG00000124209"	1149.6423137056	0.259968239775876	0.000216723419764434	0.00152325856447742
"ENSG00000073578"	2406.03216830322	0.259822542606753	0.000505709861105093	0.00282256285317833
"ENSG00000182768"	1512.70177763409	0.259439630827874	0.00132253731153754	0.0057881603721067
"ENSG00000172954"	128.248245048367	0.259366052267475	2.41152800239406e-05	0.000332342926382778
"ENSG00000150625"	15952.0499430473	0.259307909395797	0.000471217850616586	0.00269202551034295
"ENSG00000168538"	464.447384534606	0.259262583626957	0.000158758474215672	0.00121134858738178
"ENSG00000155903"	398.447955417419	0.259253279590926	0.000798385481202348	0.00397300066144435
"ENSG00000160051"	100.266889619703	0.258706709185731	0.00121136776942361	0.00542578022770978
"ENSG00000197021"	213.907808111758	0.258650190367289	0.00211204942614826	0.00822504678106109
"ENSG00000121481"	198.963231991045	0.258177373723066	0.000929043356516587	0.00446818197701034
"ENSG00000162972"	96.7013960437781	0.258051919197832	0.00194049940130132	0.00773369210340349
"ENSG00000224531"	989.12271571981	0.257897580288006	0.000466534760218231	0.00267236699754955
"ENSG00000177614"	2259.85214924539	0.25772130714623	0.000608744046753678	0.00321914324939203
"ENSG00000123297"	257.193323268764	0.257382275120484	2.85261179784119e-06	9.44269363004623e-05
"ENSG00000129355"	1566.22418648918	0.257261661633542	0.000408499436212472	0.00240722382592444
"ENSG00000121989"	197.791167584217	0.25700117100892	5.3433071834684e-05	0.000559454662707066
"ENSG00000123684"	1093.87424872194	0.256977139818608	0.000283590489441711	0.00184483866015124
"ENSG00000173852"	711.993563225951	0.256895465230325	0.00257994445140094	0.00956257188672789
"ENSG00000067225"	16854.5383135624	0.256768961283072	0.000239524348435385	0.00162920478773458
"ENSG00000065923"	759.611514055066	0.256510363832269	0.000914899381805461	0.00441716868174133
"ENSG00000175073"	522.895414456373	0.256468828174489	6.43627713867114e-05	0.000635614678071981
"ENSG00000145687"	695.602616325193	0.256401408470018	0.000871579042159315	0.00425361214989745
"ENSG00000090861"	4120.58489638958	0.256319239804672	0.000793949988647453	0.00395646541725877
"ENSG00000143801"	345.14296752022	0.256254756711064	0.000155153610773546	0.00119439136951925
"ENSG00000167220"	439.908610707522	0.256245895963175	0.0017931838471228	0.00726602484946441
"ENSG00000174238"	1933.79143775108	0.256167321146827	0.00121948469170451	0.0054536217194881
"ENSG00000127838"	2992.51869616132	0.256154903241349	0.000360644942054473	0.0021994547962448
"ENSG00000099901"	1123.22440659891	0.25594219418566	3.02198008090764e-05	0.000384459298837126
"ENSG00000272695"	50.1767287574945	0.25574786829874	0.00207093253825066	0.00811264492055269
"ENSG00000134909"	2699.04913034144	0.255479987060587	0.00137484439002776	0.00596250856274827
"ENSG00000146476"	262.605019040732	0.255387372751366	0.00240779537220404	0.00906554038838307
"ENSG00000167552"	7904.94899985155	0.255110649797055	0.00189486361677575	0.00758341953860986
"ENSG00000169021"	1236.77779358069	0.254776976633759	0.000665321599409556	0.00344945201525201
"ENSG00000117643"	1062.17457730281	0.254648037118187	0.00172110152068332	0.00705040365648323
"ENSG00000120438"	1543.14403996883	0.254616884228612	0.00128791614491125	0.00568141993909721
"ENSG00000182903"	694.770405840368	0.254458165531516	0.00131977044996646	0.00578046024307194
"ENSG00000125249"	2089.11119550097	0.254348288881879	0.000690946327741961	0.00355766052630044
"ENSG00000134287"	7583.6963904997	0.254290999327908	0.000483898809291752	0.00273857863144206
"ENSG00000137764"	495.707404695512	0.254242100183335	4.00630338966187e-06	0.000115009489021381
"ENSG00000185513"	510.547164993151	0.254241976602183	0.000865959438420554	0.00423218620486456
"ENSG00000139641"	976.605795948606	0.254187218685803	0.000324791039518581	0.00203221670782746
"ENSG00000126947"	552.03831114782	0.254124735567811	0.000108198330417303	0.000921532835958954
"ENSG00000184009"	15442.8573813061	0.253996182584596	0.000112760696029773	0.000949358172840678
"ENSG00000115226"	1129.51605542267	0.25390054847539	0.00130147686492981	0.00572510127166797
"ENSG00000157450"	373.888122299801	0.253792224973402	0.00156155864237173	0.00656068072031844
"ENSG00000205138"	288.937357538626	0.253783385918114	0.00100741343888156	0.00475155729178866
"ENSG00000160131"	942.468951808486	0.253737980984266	1.91896831469668e-05	0.000287794237788453
"ENSG00000131378"	789.501270031426	0.25367791638209	0.00243807718865247	0.00915102979683274
"ENSG00000169122"	418.735820489553	0.253676159153162	3.43669564550511e-05	0.000416884017942773
"ENSG00000123575"	1111.04834366492	0.253620106864224	0.000738496039432722	0.00374866774602048
"ENSG00000149809"	906.84975160241	0.253597542725064	0.000442632753076673	0.00255415272501132
"ENSG00000119318"	1885.81325488163	0.253432769199578	4.98849148083143e-05	0.000534330453388621
"ENSG00000166886"	850.381696245139	0.253105026528016	0.00216826129516921	0.00839099191243239
"ENSG00000175471"	564.893308023229	0.252878369092216	0.00159060954518345	0.00663415607008548
"ENSG00000112365"	203.918093542568	0.252794248092828	0.00236004189510479	0.00893091718286894
"ENSG00000168827"	611.072808654436	0.25279057619695	0.00120360294647015	0.00540083876892356
"ENSG00000198920"	346.4048768002	0.252428942907345	1.85226863851111e-05	0.000281404237199398
"ENSG00000156411"	2007.04414264085	0.252295810081756	2.30520254599705e-05	0.000321708280418055
"ENSG00000106692"	261.876887406233	0.252199359591503	0.000598023567115697	0.00318318486021303
"ENSG00000258441"	1461.70302790472	0.252164059886769	9.71060066954649e-05	0.000848900809166601
"ENSG00000112992"	1053.95885074821	0.252085076348891	0.000568113347165107	0.00306934558843471
"ENSG00000033627"	6423.39546029662	0.251494589504757	0.000532297072075981	0.00292169308088133
"ENSG00000197121"	406.084563723934	0.251438300867413	0.00227509260771553	0.00870635150213593
"ENSG00000081026"	565.624573516574	0.251436909215901	5.01917277452616e-05	0.000536615037067818
"ENSG00000111224"	167.86108951831	0.251407978537078	4.14308306621136e-05	0.000473538438371156
"ENSG00000100138"	2547.44195744638	0.251328978880658	0.000828896115916523	0.0040858501842128
"ENSG00000280798"	799.83361297787	0.251140195326133	9.05941867572769e-05	0.000812609555316835
"ENSG00000102781"	550.239436576161	0.250879717671936	1.61055164711049e-06	6.69307014731418e-05
"ENSG00000107742"	9955.18345845007	0.250796578390538	0.000544217190957677	0.00297290082765931
"ENSG00000018610"	447.910073836651	0.250737541000778	0.000224407882040715	0.00156006981969581
"ENSG00000074935"	378.696121942567	0.250693171985307	0.000873724242856332	0.00425925103151686
"ENSG00000145029"	1040.53090545664	0.250607348130496	0.0016261838941949	0.00675385458835226
"ENSG00000179958"	148.117966650382	0.250418808871435	0.00106048928464334	0.00493237812273074
"ENSG00000145675"	3587.2158158995	0.250386414251974	0.000794457009315951	0.00395688324691998
"ENSG00000059758"	944.767027272137	0.250255555708973	0.00236488761938476	0.00894262095616651
"ENSG00000204954"	157.918151467544	0.250108042636736	3.68215180692336e-05	0.00043620701343821
"ENSG00000141447"	2417.08261248561	0.250103444345473	0.000191665370836801	0.00138910990661636
"ENSG00000156298"	8051.16443663518	0.250099099006953	0.000994017089705877	0.00471090753444583
"ENSG00000180626"	177.852838965018	0.25009612340846	6.09058175876624e-05	0.000611652180943076
"ENSG00000101811"	149.063802291886	0.24971993545073	0.000707772025584666	0.00362262262158455
"ENSG00000104177"	980.36115851458	0.249465938105268	1.92508378176643e-05	0.00028839396984809
"ENSG00000115841"	67.8583708315797	0.2490531857207	0.0014831295716588	0.00631439755551889
"ENSG00000184517"	301.989893166592	0.249037271488826	0.000398334370351281	0.00236160353726307
"ENSG00000163558"	562.650617019044	0.248890864673074	0.000177015539238541	0.00131108798490233
"ENSG00000065183"	189.657285987983	0.248831300028711	4.25532765876271e-05	0.000481253958116072
"ENSG00000115966"	841.882754131266	0.248672535727427	0.00112452209614208	0.00513977664389104
"ENSG00000141431"	195.6530569423	0.248340178523163	0.000971559067583433	0.00463510150507584
"ENSG00000169599"	400.179747510106	0.248301294792703	0.000243619507464044	0.00164859517124721
"ENSG00000170085"	232.760600191963	0.248076051300932	7.76231935855648e-06	0.000169990843662637
"ENSG00000139405"	267.130696770568	0.248074669128996	0.0010228673689912	0.00480398800066728
"ENSG00000067445"	1536.35917058466	0.247908081887969	0.00100839126165712	0.00475155729178866
"ENSG00000145293"	1094.74472082241	0.247810413663908	0.000446904737594562	0.00257535026722973
"ENSG00000182230"	1753.16890798597	0.247794567808017	0.00111607348082732	0.00511537007365297
"ENSG00000144306"	296.336577528538	0.247697159681094	0.00224860638613421	0.00862224587314061
"ENSG00000110768"	417.660945337181	0.247476172092128	0.00078248123337017	0.00391650173596997
"ENSG00000116030"	1172.69400604292	0.247411988851912	2.50493829882453e-05	0.000339255058292813
"ENSG00000112335"	2237.2799364618	0.24737009118811	0.000805446058850003	0.00399888751398474
"ENSG00000177335"	71.9224965978192	0.247358834066976	0.00110850575189005	0.005093622399168
"ENSG00000271147"	86.608058582389	0.247175776279398	0.00158931280042235	0.00663196151119272
"ENSG00000228203"	312.090100884892	0.247004119769365	0.00139182248098649	0.00602097018477518
"ENSG00000074696"	1805.19948042241	0.246932481774475	0.000664979433061479	0.00344871677652523
"ENSG00000141522"	1478.29669752527	0.246852485437163	0.0021550911301659	0.00835674332587196
"ENSG00000140718"	1587.7326787209	0.246694137774648	0.00209537921050308	0.00818419840036068
"ENSG00000166226"	1391.46570771911	0.246624936898691	1.4826229636507e-05	0.000247051201096994
"ENSG00000101474"	1910.9755501046	0.246491317072094	0.000594928163844315	0.00317141482943704
"ENSG00000253719"	2753.47227754987	0.246368704750274	0.000752314741578308	0.00380534635521229
"ENSG00000154265"	720.109306675224	0.246265862238942	0.000977779845219187	0.00465317237372349
"ENSG00000112242"	280.026064214339	0.245823071774991	0.000199405670259782	0.00142836862346302
"ENSG00000134056"	298.889521930619	0.245791998145744	1.00659094458691e-05	0.00019882815471078
"ENSG00000253738"	671.153415060721	0.245585177604616	0.00135951541575822	0.00591435736293049
"ENSG00000196449"	154.522435272208	0.245181688593283	8.80235447857247e-06	0.000184774301999595
"ENSG00000106615"	1591.4465816643	0.245171357235144	1.37881708797259e-05	0.000235013359213801
"ENSG00000132694"	1919.98742884774	0.245090992805885	0.000580052839953952	0.00311624517294862
"ENSG00000109680"	74.4682429845496	0.245069297815387	0.00182446203163729	0.00736694612487675
"ENSG00000123737"	220.768580998954	0.245042141971617	5.05167292731142e-05	0.000538417622896665
"ENSG00000196277"	296.989571037957	0.244907973465257	0.00134318672018648	0.00585323367457464
"ENSG00000184831"	476.398012800023	0.244864451906573	0.00209820512923829	0.00819151845987268
"ENSG00000109270"	634.704421581917	0.244765552985872	5.19660845389082e-05	0.000548831557092182
"ENSG00000077264"	2759.84460121438	0.244575262417279	0.000468555880151004	0.00268037632603497
"ENSG00000229619"	42.9904880443394	0.244490369261321	0.00182073735547037	0.00735689016425153
"ENSG00000115271"	308.681216289137	0.244419347710707	0.00257299599462522	0.00953887143129096
"ENSG00000260032"	12927.680657089	0.244276026829473	3.50773707298507e-06	0.000104874833593886
"ENSG00000136758"	977.771727180252	0.244203894085015	0.000422653376845103	0.00246815025277028
"ENSG00000181350"	192.044616079411	0.244193785213487	0.00147949906440345	0.00630281689128516
"ENSG00000164163"	389.320985691995	0.244192711535355	3.14222433147877e-05	0.000394796404509081
"ENSG00000151553"	373.75947443182	0.244189875709181	6.94183466906577e-05	0.000672046120127273
"ENSG00000164073"	205.57450927618	0.244069856509751	0.00215820344271032	0.00836426828214475
"ENSG00000144711"	5004.17009161738	0.244045730186305	0.000313924827392978	0.00198588315101629
"ENSG00000082212"	571.293670214436	0.243899879168704	0.000570457573302348	0.00307997704131395
"ENSG00000165714"	261.521435167732	0.243841665161516	0.00117177448705523	0.00530470848699212
"ENSG00000114405"	686.467140123532	0.243769897186032	0.0021821700830565	0.00842757317470307
"ENSG00000198455"	201.762155373323	0.243383034762842	0.000549095321974936	0.00299005940435134
"ENSG00000173660"	3008.17759167194	0.243264855659883	0.000286496212754428	0.00185742346898003
"ENSG00000085832"	2227.43640651682	0.243199836744675	0.00146457132686765	0.0062570529286108
"ENSG00000100478"	623.665307421982	0.243152389333098	9.1679179093027e-05	0.000819778550508195
"ENSG00000115685"	1837.53566718208	0.242463480643899	7.73782104759642e-06	0.000169689850053076
"ENSG00000147155"	397.80896677403	0.242271287258334	0.000692841349383546	0.00356503802802653
"ENSG00000117597"	241.017516919645	0.242185543311202	6.34990051258954e-05	0.000628526955280067
"ENSG00000134317"	72.885858789185	0.242007831101644	0.000992201252839147	0.00470359685076294
"ENSG00000126067"	1531.26954975129	0.241995469418836	0.000222791974707056	0.00155401043493381
"ENSG00000156515"	4332.85533430399	0.241983410587112	0.00131681330878642	0.00577044487885454
"ENSG00000081154"	1586.17805763633	0.24192793113626	0.00229351564544215	0.00875932655979493
"ENSG00000106993"	538.438099156983	0.241893955851219	3.33526070328554e-05	0.000409139224058425
"ENSG00000158985"	1388.57222517413	0.241733531103778	0.000642197483291261	0.0033589016347288
"ENSG00000167981"	81.7820977388076	0.241697995499788	0.00232392223418818	0.00883429183239424
"ENSG00000186787"	128.015793658855	0.241140321021901	0.000975815016508666	0.00465153804463131
"ENSG00000198015"	867.17655976244	0.241017168501952	1.42117849880494e-06	6.32112286819883e-05
"ENSG00000213047"	134.112289050104	0.240683007964575	0.000790970264817277	0.0039475126611481
"ENSG00000127081"	129.470792442563	0.240510775819487	0.00057505806957623	0.0030952078022563
"ENSG00000141428"	103.348870321732	0.240476097082486	0.000607952388527784	0.00321693343489971
"ENSG00000198824"	217.437517723599	0.240291428165514	0.00105390289144472	0.00490823335239121
"ENSG00000050426"	1180.20492185628	0.240253448431692	5.85870219840157e-05	0.000597074250687307
"ENSG00000182389"	1114.47079998111	0.240207258682834	0.00178157606847329	0.00723090517958753
"ENSG00000166197"	1164.22049087222	0.240099100736047	0.000780915245622531	0.00391093806310754
"ENSG00000113569"	321.00864261871	0.24005016151857	1.28193144171492e-05	0.000225885303428629
"ENSG00000175203"	2385.61428268076	0.239950510150724	0.00157626227206932	0.0065999033055532
"ENSG00000090020"	1010.18116835163	0.239799012545487	0.00179670934456833	0.00727517241779693
"ENSG00000114544"	1286.65798808133	0.239483788046403	1.20296138046671e-05	0.000218193616880649
"ENSG00000138641"	643.518057007786	0.239172326543505	0.0021152114100927	0.00823226319040589
"ENSG00000138411"	552.562255578127	0.239133152112244	0.000208819797256187	0.00148134116695654
"ENSG00000121542"	149.482885029707	0.238945726257118	8.23603493678114e-05	0.000759329777004894
"ENSG00000148834"	1091.65733830451	0.238623123731314	0.000370387117277287	0.00223814124232364
"ENSG00000119328"	292.469542447788	0.238583115515624	0.000182245836494415	0.00133830954930818
"ENSG00000205629"	915.597090675583	0.238575949569356	0.000958698344722945	0.00458773272385767
"ENSG00000167699"	767.880969844227	0.238373878507772	0.000326343897491197	0.00203866274371934
"ENSG00000166946"	703.097068629962	0.238106387692541	0.000316847455224142	0.00199776382665683
"ENSG00000007923"	438.081449594079	0.23781306396955	0.00152688064236649	0.00645569845386146
"ENSG00000164615"	1179.79954370472	0.237445580098998	0.000476853600967959	0.00271231656769685
"ENSG00000147650"	338.678458492382	0.237439223758041	6.65290015975018e-05	0.000651031099771347
"ENSG00000081386"	259.134485334799	0.237291550051631	0.00227608301168875	0.00870820557461624
"ENSG00000129128"	1041.54977084171	0.237246980537537	1.57728161737426e-05	0.000256546729174729
"ENSG00000162714"	537.489623346426	0.237076490155462	0.000412494009850833	0.00242412406676763
"ENSG00000132471"	8768.07118851969	0.23703786458698	0.000147420599086202	0.00115343216912309
"ENSG00000137075"	698.727072777657	0.23702090957517	0.00241218691904469	0.00907760678563975
"ENSG00000214694"	59.6266053468724	0.236974087825357	0.00132545815792493	0.00579652217285617
"ENSG00000111237"	647.144465226039	0.236843407983804	0.000905424598861862	0.00438645472001385
"ENSG00000184402"	718.031094044421	0.236836807730589	0.00125233083592461	0.00556293436871492
"ENSG00000124733"	670.998213783556	0.23678995985254	0.00102365602090691	0.00480531859561099
"ENSG00000011260"	361.54214270362	0.236701317238307	0.000160544440054585	0.00122060576265882
"ENSG00000100519"	963.128425598731	0.236524096459475	0.000306501313908104	0.00195183393129863
"ENSG00000143653"	722.351660338069	0.23651948415705	9.0648665586211e-06	0.000187503604236563
"ENSG00000205981"	551.25316868072	0.236501932110472	8.22005260102254e-07	4.62391390266016e-05
"ENSG00000172403"	377.832123277816	0.236439506351718	0.00191693400427165	0.00765395152297098
"ENSG00000167863"	1186.63510737442	0.236287878403469	0.00171193396853237	0.00702611335249111
"ENSG00000166669"	208.053266000306	0.236007536772229	0.002358583991444	0.00893091718286894
"ENSG00000146731"	1618.65138708398	0.235904605714265	0.000175702657942522	0.00130642326184217
"ENSG00000136383"	130.24785145652	0.235870449617572	0.00216206910989182	0.00837625378990949
"ENSG00000107560"	630.406157424817	0.235673904535305	0.000791508963897692	0.0039479118503538
"ENSG00000078319"	81.9844876246252	0.235563575722387	0.000284377928261029	0.00184719000634825
"ENSG00000214135"	460.209420661156	0.23541067786241	0.000403653494698751	0.00238601909486594
"ENSG00000018189"	3054.77380170962	0.235338661829931	1.41043605191535e-05	0.000238251577641009
"ENSG00000136888"	1017.52618167526	0.234989797375687	6.82659351435646e-05	0.000663876577189931
"ENSG00000103657"	2491.18076001108	0.234594657241905	0.00037355158363997	0.00224823196125692
"ENSG00000028839"	452.239257204879	0.234400136170369	0.00131220740473251	0.00575679829613737
"ENSG00000119760"	929.32408677802	0.234387573536113	2.33246822606629e-06	8.56322310013595e-05
"ENSG00000132664"	306.766931962639	0.234305158619786	0.000960619480135908	0.00459437152308402
"ENSG00000117475"	224.395745457286	0.23423859530311	3.58303963989331e-05	0.000428472530704385
"ENSG00000047056"	713.681279779878	0.234232732335903	0.00176760303943365	0.0071911489288044
"ENSG00000165506"	168.18618638033	0.234156127484368	0.00236911430330986	0.00895310318929644
"ENSG00000116922"	205.9120278789	0.234123708984096	6.12312101658057e-05	0.00061313136741362
"ENSG00000168374"	1009.57568827067	0.234046522149352	0.00133644655943184	0.00582976549100362
"ENSG00000087448"	976.30519999192	0.233903993881316	0.000410814502873807	0.00241755556853567
"ENSG00000154359"	495.671997746377	0.233878001871329	0.00034821200979885	0.00214676695009585
"ENSG00000184905"	3383.52731911927	0.233634448977826	0.00182272002521178	0.00736317291574054
"ENSG00000186665"	134.414373942991	0.233487979928159	0.000243747171164406	0.00164859517124721
"ENSG00000189369"	245.304337356538	0.233249911488864	0.00121596105547201	0.00544352084469171
"ENSG00000136710"	758.667216717286	0.233093126474387	2.72068084669171e-05	0.000357762256792242
"ENSG00000140406"	528.723505360616	0.232910246865587	0.00251825049144822	0.00938848726647136
"ENSG00000117533"	596.96528638743	0.232826932090493	7.19873586820219e-05	0.000690229405012966
"ENSG00000108590"	47.489738931887	0.23274996830161	0.00268341716037158	0.00985484522753914
"ENSG00000091127"	188.231647240803	0.232685028290364	0.000259226576142636	0.00171794696686972
"ENSG00000123472"	2118.74513845017	0.232622153112482	4.75320535771044e-06	0.000126651584864195
"ENSG00000106603"	530.770828993827	0.232522266344369	7.76884518457203e-05	0.000729940677740384
"ENSG00000140992"	1064.2099279295	0.232436523039258	0.000127855656825249	0.00103566090396848
"ENSG00000198797"	1159.40027335165	0.232391134534671	0.00141441485874798	0.00609242860060261
"ENSG00000069509"	373.227855628041	0.232248807676244	0.00189594793766414	0.00758423236137877
"ENSG00000132434"	980.835143766174	0.232235734182244	3.44397074576589e-05	0.000416885150821859
"ENSG00000204619"	787.154874256711	0.232221421412229	0.000171295289979087	0.00128251667090475
"ENSG00000005486"	5270.37381246289	0.232105188567383	0.00207802825030729	0.0081367380055822
"ENSG00000111752"	392.196195576303	0.23203781157039	0.00225811213098601	0.00865440620310255
"ENSG00000174446"	370.551717010459	0.231948128416041	5.77791182156961e-05	0.000591291297174065
"ENSG00000198408"	4815.16108364777	0.231832827188214	1.28827217518499e-06	5.96102928802668e-05
"ENSG00000176171"	2064.95358973414	0.231567343034684	2.76251290248345e-05	0.000361605586239145
"ENSG00000101843"	664.996516273191	0.231298759818508	1.19659051312038e-05	0.000217496436138766
"ENSG00000130414"	2450.67562126693	0.231298153479284	5.78314325554972e-06	0.000144059688650908
"ENSG00000088986"	4915.57965459374	0.230920068437339	0.001271465185669	0.00562772038982491
"ENSG00000122126"	822.06761848319	0.230636814630316	0.00180010561615127	0.0072837841962416
"ENSG00000056050"	420.890016760106	0.230591734446127	0.000300428317918587	0.0019259369407872
"ENSG00000175691"	83.9935645968181	0.230573295912507	0.000674367068112634	0.00348480346545265
"ENSG00000114209"	282.506651211703	0.230570994652201	0.000982652415463531	0.004667327822123
"ENSG00000196428"	759.992273026644	0.230515787132533	0.000565983218986206	0.00306264355498572
"ENSG00000105887"	2238.05305084137	0.230463210043089	0.000237959276869226	0.00162281815877575
"ENSG00000133641"	312.30826999456	0.230171140191273	0.000735500666785074	0.00373897607128514
"ENSG00000164258"	483.410191223916	0.230160453404237	0.000419475254495098	0.00245676337380882
"ENSG00000005020"	470.255901286145	0.230005012792126	0.00129971762942555	0.00572321298421644
"ENSG00000122203"	1823.89070032416	0.229850749479465	0.000397362095299989	0.00235773655511848
"ENSG00000104660"	606.380867618215	0.229824217878702	3.22211505234125e-05	0.000400449576866064
"ENSG00000144597"	318.766258617581	0.229647624165131	0.000399146990866253	0.0023650661458798
"ENSG00000167325"	267.094546381327	0.229451561909754	0.000437563077729577	0.00253509702354736
"ENSG00000205269"	726.450047242935	0.229328923476263	0.00191750851378815	0.00765446986267054
"ENSG00000100883"	582.192734972328	0.229285914792712	0.000356955474191958	0.00218346644536822
"ENSG00000108091"	1154.08472811777	0.229208511178982	0.00149611735612925	0.00635240948471947
"ENSG00000255112"	582.247064921967	0.229158842815649	0.000174658759645141	0.00129922265763691
"ENSG00000163788"	578.83868931345	0.22899090607358	0.000638753156906207	0.00334741427753175
"ENSG00000101337"	1248.29463743365	0.228949605349804	1.17877076751575e-05	0.00021577414267292
"ENSG00000165264"	731.90016044118	0.228887849042449	4.75656582235368e-05	0.000519180516805162
"ENSG00000103353"	913.50024031691	0.228870305305218	1.29972093111151e-06	5.96846247277754e-05
"ENSG00000185875"	248.463795185442	0.228799743542562	0.000795491280045605	0.0039608884591915
"ENSG00000153989"	441.453335823681	0.22868040052993	0.00080904036886566	0.00401210367884892
"ENSG00000048544"	617.358739342812	0.228663177669313	0.00201909849355544	0.00795667178790519
"ENSG00000179010"	7189.44246990746	0.228515555919189	3.92400686393833e-05	0.000454841280464447
"ENSG00000102897"	408.553902378574	0.227890293728414	1.50964350366752e-07	1.88300678468327e-05
"ENSG00000155975"	489.797348306591	0.227817423495624	0.000179910408617736	0.00132625176168612
"ENSG00000117479"	140.757684331749	0.227555360804001	0.00233548817454132	0.00886455522566257
"ENSG00000088727"	152.163602615166	0.227444437260879	9.46146102389787e-05	0.000834502910952753
"ENSG00000133731"	456.608768753631	0.227298101359923	0.00149824415101377	0.00635987091773119
"ENSG00000147010"	879.667323482465	0.22713217231381	0.000774632844899024	0.00389513169992204
"ENSG00000134247"	434.42719829889	0.227033855324864	0.000513478957881769	0.00285197904745178
"ENSG00000120539"	98.7288348138974	0.227023440136175	0.00129453051453276	0.00570618205500708
"ENSG00000100614"	1357.68877590568	0.227021966034152	0.00123698929839305	0.00551756848749405
"ENSG00000132463"	1729.65761995873	0.226836369995737	3.28440951296976e-05	0.000405847386552394
"ENSG00000102978"	648.355882201995	0.226832800409069	0.000316205842811386	0.00199582269874178
"ENSG00000132824"	3053.1848311315	0.226829314648301	0.000394545124325161	0.00234506395891195
"ENSG00000178053"	229.728919586465	0.226776807693281	0.000550053835475363	0.00299338497313861
"ENSG00000197780"	851.020159339778	0.226733743735307	0.000504201374788342	0.00281837369867846
"ENSG00000134109"	298.62426032442	0.226693016875749	0.00112310008262998	0.00513464056369451
"ENSG00000075975"	489.113579539126	0.226687901838592	0.000468025162138131	0.00267823042416345
"ENSG00000187325"	507.81763326138	0.226476456651385	0.00195166602153692	0.00776202107872343
"ENSG00000171204"	497.558514407354	0.226428328075354	0.00127549133041381	0.00564024006568967
"ENSG00000260917"	321.75841150513	0.226398462645628	7.11028178728486e-05	0.000684095181159327
"ENSG00000075391"	1022.03315505415	0.226368318049645	0.000245053403432548	0.0016535100875282
"ENSG00000067601"	74.1561228216099	0.225964147668006	0.00207419685126144	0.0081235837089336
"ENSG00000170540"	6507.2176457864	0.225952335222895	0.00201982798556607	0.00795739768354395
"ENSG00000149100"	767.387146510283	0.225841279232815	1.16208078894608e-05	0.000214623354293228
"ENSG00000167632"	917.316982856623	0.225695895139849	0.000981019899111822	0.0046621467485952
"ENSG00000177885"	2743.2674778115	0.225516928343415	0.00142467689637977	0.00612614624466275
"ENSG00000121413"	1033.30462745438	0.225500688596305	0.0014278485768769	0.00613825113730822
"ENSG00000132423"	172.31058059951	0.225242784053776	0.00025442781162995	0.00169761317016504
"ENSG00000084710"	2607.45519623623	0.225144729653961	0.000212427986400799	0.00150165212727596
"ENSG00000115504"	847.690024886323	0.225000799681963	0.00110568219000918	0.00508472015405504
"ENSG00000151500"	836.012331100629	0.224996085493982	8.32679174614678e-05	0.000764829596192234
"ENSG00000132313"	718.243207619169	0.224719059980285	5.48647983920079e-05	0.00056822369116825
"ENSG00000143162"	536.447141918885	0.224639198412232	0.00176177739249702	0.00717423095742874
"ENSG00000104341"	714.934210244821	0.224615810435465	0.00137328108147859	0.00595873134748951
"ENSG00000077232"	882.409988020955	0.224420386101102	0.00091052277252311	0.00440249289773755
"ENSG00000111880"	240.69680620628	0.224341457835234	0.00165649062209136	0.00686072499472053
"ENSG00000162929"	465.335880785196	0.224319057608889	0.000571512579259236	0.00308383887987123
"ENSG00000197694"	17081.3410579574	0.224306583006522	0.00178115292198857	0.00723089274674274
"ENSG00000106591"	470.625127606632	0.224249499374638	0.00236568253843131	0.00894366209840064
"ENSG00000188859"	293.381155643618	0.224079708317275	0.00212602046791577	0.008266363296642
"ENSG00000068400"	3083.11017919943	0.223677893183945	0.00010587296643429	0.000906854974798742
"ENSG00000100505"	2701.29268707388	0.223633235301374	0.000817211137264339	0.00404330419825555
"ENSG00000112697"	3348.74631197265	0.223555165427348	0.000388702326040333	0.00231593393497136
"ENSG00000159202"	1185.88101165808	0.223506197443377	5.06497995348668e-05	0.000539168212364664
"ENSG00000137822"	231.124778446692	0.223501501407199	0.00158678975486585	0.00662912000426028
"ENSG00000109184"	871.435449580687	0.223397311815589	0.000201542873345338	0.00144008197546422
"ENSG00000108829"	491.216120084939	0.222749188369662	0.00224967576317246	0.00862442514732463
"ENSG00000272899"	239.07792767001	0.222523529666769	0.00221467244798169	0.00852059831182584
"ENSG00000001460"	397.409371108761	0.222498356590475	0.00059650078228954	0.00317881361162534
"ENSG00000108861"	2135.25434539469	0.222460666931225	0.000478669876068439	0.00271835848788058
"ENSG00000113851"	619.372878820739	0.222007347821487	0.000126538733840395	0.00102644261338111
"ENSG00000170846"	484.706403407549	0.221766904096334	0.00191524666802277	0.00764898860711738
"ENSG00000110925"	941.689912299636	0.221669752727349	0.000195094747280103	0.00140567847841457
"ENSG00000198642"	409.026581188223	0.221428803631772	0.00130073538814609	0.00572471936508693
"ENSG00000124659"	456.0566624023	0.220891352270616	0.00228704913306305	0.00874433068134481
"ENSG00000164024"	305.656318311605	0.220380358933436	0.00146917246701893	0.00627048491812467
"ENSG00000104331"	1289.4403113493	0.220224162360214	0.000257599953240972	0.0017119953649177
"ENSG00000152061"	1215.08723302211	0.220194123455215	0.00162232507894488	0.00674030450974615
"ENSG00000166848"	4983.31253588828	0.219970292181949	0.000169868958036703	0.00127349929211052
"ENSG00000062716"	652.953372320136	0.219956783081323	0.000165030673726859	0.00124755071886711
"ENSG00000168438"	541.915120801556	0.219767055812487	0.00245101906653535	0.0091868899535835
"ENSG00000151131"	160.59798950264	0.219766689030357	0.0017295128743423	0.0070693253111054
"ENSG00000024862"	515.493022489843	0.219123716589949	0.000666098236063093	0.00345243870441253
"ENSG00000118680"	1722.19476421695	0.218932442576566	0.00052495692650279	0.00289154674428561
"ENSG00000272335"	453.017718641582	0.218835251225848	0.001337881119089	0.00583454464222927
"ENSG00000119787"	476.838841364503	0.218767657923034	0.00141018928828648	0.00607903536671052
"ENSG00000154582"	966.153803267233	0.218637921198761	3.99628182223593e-05	0.000461354788773622
"ENSG00000101019"	893.025363364697	0.218314018926723	1.65720037712257e-05	0.000262906821118993
"ENSG00000029639"	89.7031389434534	0.217895675348686	0.000232944480089129	0.00160130724272132
"ENSG00000099246"	1483.94956007624	0.217669280275097	0.00215848949685046	0.00836426828214475
"ENSG00000156471"	861.519084475778	0.217185838062247	0.0012706398080413	0.00562683895441598
"ENSG00000015676"	3602.06395112445	0.217175707960087	0.000253228824286296	0.00169151481738687
"ENSG00000139517"	116.08121319686	0.21712993409617	0.00117146288287852	0.00530470848699212
"ENSG00000135317"	704.931017999653	0.216979366255273	0.000139054187226889	0.00110438941445385
"ENSG00000077348"	336.586461492852	0.216910804323795	0.00269612638764371	0.00989729654734723
"ENSG00000137414"	725.620022890615	0.216896903568993	0.00107731769595937	0.00498893449032788
"ENSG00000119013"	582.038934685798	0.216717117788724	0.000589636485897569	0.00315003501916662
"ENSG00000107372"	3704.76060508407	0.216638159035274	0.000189374385039649	0.00137772666512573
"ENSG00000166192"	63.8871341609718	0.216598452593824	0.00156067117494623	0.00655998700305309
"ENSG00000270170"	447.131392072456	0.216544046049527	0.00148267504258444	0.00631402412370259
"ENSG00000148335"	145.010925494728	0.216483634830102	0.00111016749880085	0.00509717608878611
"ENSG00000134262"	362.382046935012	0.216474822002054	3.30990060357387e-05	0.000407826192479005
"ENSG00000119812"	775.948348448361	0.216453262494656	0.00122956970085798	0.00549301408275849
"ENSG00000123352"	814.256568954935	0.216238398810532	0.000941283230500709	0.00452073332773681
"ENSG00000128989"	5570.14447361901	0.216140798466915	0.000248874092186307	0.00167273320921628
"ENSG00000196405"	3911.48728719972	0.216092006708198	0.000786027467976631	0.00393082243064548
"ENSG00000139173"	72.5123987505392	0.215991031548585	0.00155154200231677	0.00653454673009016
"ENSG00000181894"	376.266418389925	0.215838784762677	9.69950510652996e-05	0.000848485597986822
"ENSG00000120963"	1154.65127561088	0.215748174980474	9.99787977586292e-06	0.00019803625383421
"ENSG00000134987"	271.156608498638	0.21546144968677	0.00166902113782211	0.00688116427433102
"ENSG00000115233"	789.836514278199	0.215242285341966	0.000448823392455894	0.00258327022732208
"ENSG00000131828"	1253.52610869832	0.215205369643813	0.00036553686060418	0.002220848532862
"ENSG00000204386"	534.129223968033	0.215170776354294	0.000226072789745554	0.00156847875301153
"ENSG00000157625"	396.980722204748	0.214738561884073	0.00108817465914243	0.00502569101363528
"ENSG00000112763"	389.993922017504	0.214705847167545	0.000529598640795063	0.00291059431800939
"ENSG00000140950"	209.961425963451	0.214585043069042	0.001741566881937	0.00710369448786294
"ENSG00000160188"	211.692902567721	0.214164311630838	0.000698159950407026	0.00358408208361352
"ENSG00000106299"	1444.55660753524	0.214143674898241	0.00209066262064444	0.00817133871234168
"ENSG00000137947"	219.763347694871	0.21389382632959	0.00148873968290601	0.00633514861850708
"ENSG00000165323"	824.955873199231	0.213589050530436	0.000687423615598777	0.00354270140577897
"ENSG00000124532"	435.268658312248	0.213569814727465	3.31892543123425e-05	0.000408353562886599
"ENSG00000144021"	1498.46274682857	0.213389089715556	0.00183051472018838	0.00737971458908829
"ENSG00000130559"	958.30606871266	0.213366074643614	0.00155808700794519	0.00655249246708054
"ENSG00000150787"	348.244922521398	0.213361104446857	0.000918573665446277	0.00443020692163821
"ENSG00000013503"	135.553462263474	0.213257335447658	0.00168254550947092	0.00692751902135012
"ENSG00000125629"	393.904869221551	0.21324945582981	0.000896249420155456	0.00434934910322409
"ENSG00000152219"	399.262590594807	0.212807792982687	0.000621953936737631	0.00327691861434492
"ENSG00000153107"	259.739368797157	0.212714947297431	0.000786743488136426	0.00393211836855177
"ENSG00000172172"	160.9021279233	0.212631806293664	0.00222684726823812	0.00856315195848543
"ENSG00000107745"	1410.84133290471	0.21252392377605	0.000293549068801782	0.00189315411193146
"ENSG00000113621"	1168.08504108623	0.212395819298111	0.000731603810141282	0.00372136417965777
"ENSG00000177733"	1800.02956660834	0.212344656877741	0.000832071749515695	0.00409446856043844
"ENSG00000204852"	339.563159106514	0.212224324726489	0.00233978080335017	0.00887764640698779
"ENSG00000146007"	1642.13117931591	0.212140988772959	3.69889443292337e-05	0.000437889063782049
"ENSG00000003393"	790.840771247969	0.212103916765594	0.00105648278478865	0.00491891754789479
"ENSG00000102452"	649.978968738003	0.212089670551607	0.00118138719671832	0.00533033232427586
"ENSG00000048392"	462.87520072232	0.211666686617645	0.00201499917276472	0.00794415500705431
"ENSG00000198963"	1757.02441440443	0.211576927891998	0.00246872319600504	0.00923384015055078
"ENSG00000138162"	638.760140516319	0.211258881419082	0.00102498005462914	0.00480667124094056
"ENSG00000006740"	1147.21638252912	0.211154989342388	0.00151347306598331	0.0064087114107677
"ENSG00000131368"	800.304420149576	0.211085207534938	0.000546345518142127	0.00298263412742798
"ENSG00000136810"	971.662528535935	0.210909404888205	0.00139838931421456	0.00604026982824973
"ENSG00000133597"	416.709854772521	0.210869894897449	0.00133076253126817	0.00581233581596522
"ENSG00000101654"	914.32588686031	0.21033771929237	0.000577475860008345	0.00310530833437165
"ENSG00000183060"	401.467972815726	0.210211489099246	0.00183067340355586	0.00737971458908829
"ENSG00000164466"	1183.25061162907	0.21004592264884	5.46385606629304e-05	0.000567571547316078
"ENSG00000113593"	405.851613038124	0.209843749217593	0.00214481572822287	0.00832749743368646
"ENSG00000122550"	668.438529603377	0.209695348746909	0.000255489080154506	0.00170059301496501
"ENSG00000167792"	3506.21188566227	0.209370195865071	0.00270862273418718	0.00992834819496676
"ENSG00000166352"	189.042941639941	0.209343033325583	0.00123670988070362	0.00551756848749405
"ENSG00000158042"	369.514578387089	0.209338918796365	0.000117589605621011	0.000978757196109512
"ENSG00000135045"	180.547098476694	0.209025755617671	0.00151182247419826	0.0064038964260067
"ENSG00000198911"	5516.00639711914	0.208467256819346	0.00198957834708077	0.00786916638058394
"ENSG00000143324"	621.861016988448	0.208385991873883	5.17765577336651e-05	0.000547833363292933
"ENSG00000133114"	574.786321599341	0.208207024690301	2.19887488946465e-05	0.000312287404887417
"ENSG00000047932"	750.242513953193	0.207919210498471	0.000294623009797668	0.00189562307563904
"ENSG00000165526"	260.681143355757	0.207822249985736	0.000817884761902692	0.00404547425477903
"ENSG00000136100"	929.794426587592	0.207660865812494	9.25021506130291e-05	0.000823175861666089
"ENSG00000158470"	965.078349372994	0.207558330775233	0.00153962865623712	0.00649549707348275
"ENSG00000182197"	212.694964102103	0.207549468079271	0.000198334561466976	0.00142484674730011
"ENSG00000165672"	1204.02175642891	0.207493540015127	0.000787817402761882	0.00393544309219691
"ENSG00000066739"	866.030365758605	0.207439844224109	0.00165849896101383	0.00686499466892939
"ENSG00000144320"	667.196925538074	0.207304953528874	8.09295360874926e-05	0.000748946292835489
"ENSG00000181788"	310.989437655504	0.206841988328455	0.00167296256609269	0.00689411171897376
"ENSG00000128512"	1243.3997395748	0.206582586556777	0.00269984453081204	0.00990883238995045
"ENSG00000136643"	623.924940798532	0.206430044197563	0.00243287687837858	0.00913350266249304
"ENSG00000147654"	342.495364042241	0.205299561989845	0.000660833869717357	0.00343342390565797
"ENSG00000185115"	314.664730140332	0.205159747182238	0.00249028769068414	0.00930035192444046
"ENSG00000100271"	172.677809817114	0.205123226925199	0.00270634357481189	0.0099242206973236
"ENSG00000171365"	127.307882189774	0.205079479861975	0.00152825262524914	0.00645858395247075
"ENSG00000100360"	664.073142043181	0.20501857970805	0.000110025443534216	0.000935243436817019
"ENSG00000089248"	1097.73885193214	0.204967721054548	6.05815584760073e-05	0.00061012812846581
"ENSG00000173545"	483.125688371933	0.204948385401944	0.00114783358212283	0.00522274899526307
"ENSG00000106682"	3533.66423783955	0.204894978695137	0.00109835457985166	0.00505913229408259
"ENSG00000185787"	5377.37375606112	0.204518792010074	0.00220152385810717	0.0084889852530463
"ENSG00000181610"	847.186592666218	0.203912111649957	0.00142444447578117	0.00612614624466275
"ENSG00000163611"	106.445511225888	0.203738555501727	0.00149337637369838	0.00634546717365349
"ENSG00000163866"	661.979393340876	0.203553656779443	0.000642730362847446	0.00336066759893472
"ENSG00000116885"	279.442515132661	0.203344433045737	0.00267316770339245	0.00983606230736041
"ENSG00000032389"	583.75796321578	0.203129481840223	0.00243024751562934	0.00912761302346234
"ENSG00000090316"	1232.53068910524	0.203029533767811	0.000276423066406811	0.00180777744759135
"ENSG00000198815"	1159.56641166714	0.20219843153903	0.000262017151180418	0.00173398739841159
"ENSG00000174748"	8948.26600460412	0.202096740373083	7.78460188655474e-05	0.000730623512940386
"ENSG00000197302"	290.068739043683	0.201813613722864	0.000820169080184537	0.00405444295727066
"ENSG00000118454"	396.802621824903	0.201704912500541	0.00233204758672553	0.00885523426933261
"ENSG00000111530"	1878.26092024915	0.201553029344162	0.000358230431838425	0.00218815486984911
"ENSG00000127125"	343.843744512532	0.201382445957905	0.000239975117395374	0.00163139482453656
"ENSG00000164253"	460.255369607564	0.201076149819498	0.000110777894826966	0.000939222877283134
"ENSG00000146416"	659.05026859332	0.200836098821699	2.18810884415568e-05	0.000311787396808376
"ENSG00000116138"	573.620292344902	0.200653531840281	1.26088088239416e-05	0.00022490717749897
"ENSG00000151498"	790.555870819377	0.200633243269698	0.000354079122335494	0.00217282136640316
"ENSG00000136827"	459.704002217136	0.200518219734082	0.000114310131072269	0.000958412219263012
"ENSG00000129691"	780.577166977416	0.200454216784375	0.0004545034476586	0.00261039968119702
"ENSG00000107537"	438.534045551037	0.200266831861604	0.00254587958686025	0.00945463329635934
"ENSG00000131475"	314.224011656176	0.200204018423823	0.000210908194881126	0.00149274784477336
"ENSG00000141698"	1370.71141558093	0.200125785422073	0.0001724348485786	0.0012898685280768
"ENSG00000062485"	2124.23153136056	0.200084458249648	5.90304951114459e-05	0.000601041954053746
"ENSG00000175216"	2014.65919192086	0.200031192860914	0.00189408989968056	0.00758208591702359
"ENSG00000182180"	645.330215379632	0.199794838621272	8.40378420329537e-05	0.000770257388132711
"ENSG00000023734"	1563.0225967635	0.199667619612659	0.00132223560158616	0.0057881603721067
"ENSG00000081870"	236.333015375966	0.199657855643833	0.000590559847165736	0.00315398903172938
"ENSG00000109917"	638.021180282212	0.199615508475064	0.000775223167991097	0.00389513169992204
"ENSG00000080503"	3135.40586313072	0.199406910869975	0.000111633640523877	0.000944250542671987
"ENSG00000139180"	471.197932866334	0.198868788336433	2.75513901502947e-05	0.000360926077488768
"ENSG00000143624"	1037.22138334683	0.198763591672179	0.00219440052067858	0.00846531065944429
"ENSG00000136895"	865.953688689115	0.198510491665617	0.000775269924123216	0.00389513169992204
"ENSG00000104228"	319.573000082664	0.198424563923529	0.00158617616966279	0.00662851430162797
"ENSG00000163938"	633.577682742877	0.198377615504194	0.000266605268311135	0.00175692055261852
"ENSG00000126091"	817.611842683636	0.198319227963462	0.00196546875705096	0.0077988966609309
"ENSG00000156113"	3230.14060796023	0.19763382133586	0.00154403148802754	0.00650928582008768
"ENSG00000115137"	351.503797051521	0.197258294568142	0.00111443878913796	0.0051113335671281
"ENSG00000070785"	323.394221958271	0.196904107170518	0.000607337771319096	0.00321587345010678
"ENSG00000156469"	175.932403583298	0.196811693688164	0.00224584649781687	0.00861358194450128
"ENSG00000155256"	1277.9045124389	0.19648779083878	0.00124154702704022	0.00553216385618519
"ENSG00000161243"	417.207999673275	0.196217367734053	0.000999702423764867	0.00472712398940564
"ENSG00000036054"	348.166421670113	0.196204008249879	0.00102378767236457	0.00480531859561099
"ENSG00000132953"	291.338719628126	0.196161722880112	0.00155443923012379	0.00654194681372148
"ENSG00000143198"	2471.43973005165	0.196149146302754	5.84975958117934e-05	0.000596992185701387
"ENSG00000107959"	1105.9549809572	0.196114847399343	0.000696375885585425	0.00357705703329809
"ENSG00000174106"	361.856679928064	0.196098356029387	0.00188655619879788	0.00755895992781842
"ENSG00000113649"	1236.14421364058	0.195903940228132	0.000821581759210766	0.00405909495444745
"ENSG00000151465"	439.964447534681	0.195768350135048	9.72541563432878e-05	0.000849764361998484
"ENSG00000155959"	642.869094776194	0.195716067571377	0.000708694337896626	0.0036244449104941
"ENSG00000105819"	691.196087296862	0.195655612968342	0.00204818614680476	0.00804689432285934
"ENSG00000101146"	428.19370469506	0.195408706766376	0.000580574588413056	0.00311710242992949
"ENSG00000078369"	8446.37557643131	0.194218596481081	0.000568616806567545	0.00307110169169977
"ENSG00000132801"	83.6953014483962	0.194176185283537	0.00250851256590857	0.00935826328499876
"ENSG00000172318"	257.671368714071	0.194022068204245	0.00183213864317683	0.00738389193748603
"ENSG00000099817"	2577.0111157142	0.193658108097611	0.0027342615059015	0.00999890446167037
"ENSG00000004897"	762.536136225613	0.193274783385824	0.00100700998856171	0.0047515523391208
"ENSG00000161204"	1021.68702170385	0.193131692861468	0.00261529083868428	0.00966237415889085
"ENSG00000170035"	1041.35421912109	0.19263711366156	0.00245155327745071	0.0091868899535835
"ENSG00000084234"	7374.59372347555	0.192615878393913	0.000268510516665084	0.00176761859305466
"ENSG00000178381"	430.92036618448	0.192317664242402	0.00145282313488538	0.00622064093789317
"ENSG00000183020"	3231.92178854035	0.19160950000653	0.00125094929793902	0.00555823187026957
"ENSG00000099341"	1606.94304148644	0.191282226177942	0.00062848155672503	0.00330120629719497
"ENSG00000073008"	455.073825585265	0.190829408076224	0.00235897327838785	0.00893091718286894
"ENSG00000159593"	617.330200802662	0.190569781236755	0.00087930064131695	0.00428279624759158
"ENSG00000117153"	604.032725731507	0.190544178452116	0.00233996872994269	0.00887764640698779
"ENSG00000168288"	342.963913466116	0.190534974610182	0.00211647039522315	0.00823295026281947
"ENSG00000171109"	550.591322992468	0.190067475495497	0.00253729309043747	0.00943903738182411
"ENSG00000126945"	1656.61729368839	0.189992226746783	0.000518261015500323	0.00286751104461815
"ENSG00000140395"	550.244092472413	0.189771251031666	2.12790864403374e-05	0.000307068458870022
"ENSG00000100216"	824.282837072751	0.189532632744462	0.000867940197216081	0.00424066267802453
"ENSG00000037241"	185.252745648163	0.189426715751086	0.000602389700246655	0.0031983139760474
"ENSG00000143179"	343.729536000862	0.189358999122762	0.0010796098638488	0.00499686060404125
"ENSG00000110987"	1088.94324151226	0.188686213883836	0.00224375272642742	0.0086118166620149
"ENSG00000101901"	370.374176982	0.188647299370005	0.000313198236673336	0.00198274411469589
"ENSG00000185721"	706.641117467999	0.188493036404891	5.17820764583514e-05	0.000547833363292933
"ENSG00000095261"	359.810823416015	0.188340102102365	0.000812716622550049	0.00402801359745292
"ENSG00000115652"	504.370760647102	0.187916656252243	0.00261730710391267	0.00966774832181304
"ENSG00000112294"	1549.70642798697	0.187891157402102	0.00118306301025874	0.0053350965668283
"ENSG00000113643"	551.123183932826	0.187744002711855	0.000491728060398833	0.00276605068746572
"ENSG00000164683"	583.157890264126	0.18765912950009	0.000254831578780138	0.00169818659138309
"ENSG00000152242"	505.197920273848	0.187525635088275	0.00058086711011629	0.00311711675064659
"ENSG00000198843"	1403.76010101	0.187154989926711	0.000274053453008487	0.00179637550900041
"ENSG00000161048"	1044.3262641484	0.187026685923808	0.00196910470298064	0.00780972333004741
"ENSG00000102893"	741.197900622544	0.186723535404188	0.000152975398504107	0.00118110457740843
"ENSG00000166171"	404.446023106498	0.186656925445154	0.00258970718714227	0.00958671883651743
"ENSG00000110429"	885.911498648473	0.186655486848198	0.000219673428332504	0.00153896569877386
"ENSG00000148225"	183.804470189579	0.186487571583693	0.00169717853078145	0.00697886623276185
"ENSG00000138674"	1327.82125226414	0.186369600829318	0.00015550048568606	0.00119541648287688
"ENSG00000187713"	406.60460832961	0.185980542267472	0.00153600999710047	0.00648340855323451
"ENSG00000147123"	1169.39489112405	0.185944824471826	0.00208945993709242	0.00817083549483196
"ENSG00000164978"	313.454738594952	0.185874105537557	0.00161105648213176	0.00670761408490934
"ENSG00000155868"	167.270205304082	0.185812689283605	0.00057210683999238	0.00308511122706417
"ENSG00000154122"	2035.76976024447	0.185796963753924	0.000183603323937983	0.00134598126701214
"ENSG00000079156"	1169.07938472342	0.185715194258628	0.00102502534712414	0.00480667124094056
"ENSG00000004487"	924.256187995646	0.185624951267553	9.1728276864871e-05	0.0008197917080348
"ENSG00000109919"	843.642571625278	0.185300549441304	0.00169533708537306	0.00697295991649376
"ENSG00000166181"	971.415483155069	0.185295085814214	0.000563815983159131	0.003053491945616
"ENSG00000110013"	564.844316852948	0.185103747605945	0.00216390278944483	0.00838147135794641
"ENSG00000100523"	611.739244396323	0.184984982164808	0.00116387963889958	0.00527762387365082
"ENSG00000179456"	2550.74937427337	0.184845560356603	0.001462873675986	0.006251351684396
"ENSG00000204130"	899.306897632986	0.184778172955054	0.000403376606461659	0.00238588650951152
"ENSG00000129197"	543.15880237251	0.184560319318764	0.00162217764548027	0.00674030450974615
"ENSG00000104343"	585.446562448739	0.184383244910132	0.00146641361328884	0.00626252983000025
"ENSG00000260916"	369.043630875271	0.184180779035989	0.000701485737222177	0.00359686446077013
"ENSG00000166454"	1226.59299447997	0.18391827819921	0.00138365599136984	0.00599353289797629
"ENSG00000136875"	333.07732833598	0.183743997057983	8.17465736580649e-06	0.000176465716898798
"ENSG00000197555"	2670.3645821036	0.183701728472268	0.00108287043826733	0.00500522257086345
"ENSG00000242485"	756.819258149115	0.182886938000028	0.00194986749484253	0.0077584533492197
"ENSG00000155636"	154.487198886331	0.182319324365731	0.00220846545443383	0.00851003265439211
"ENSG00000168291"	648.311985313066	0.182230427303098	0.00159234192948396	0.00663977268222077
"ENSG00000166477"	322.461696856852	0.182121861311198	0.0011392089019249	0.00519311515594102
"ENSG00000091640"	886.311104983758	0.181572585874719	0.00244011502850828	0.00915269121501699
"ENSG00000112237"	520.863398635261	0.181519950891507	0.00166632595516975	0.00687499248953424
"ENSG00000204272"	318.867065331398	0.181291428784767	0.000950513976540703	0.00455997688912907
"ENSG00000180398"	1173.81653925536	0.181122926719941	0.00231004650468195	0.00879708639050674
"ENSG00000179029"	163.301365769532	0.180900806303836	0.000679253719125614	0.003505845357514
"ENSG00000136463"	354.738227748034	0.180647431231112	0.0007271339585655	0.00370050100698973
"ENSG00000143469"	246.752417822367	0.180424367260299	0.00158327155949292	0.00661959032148449
"ENSG00000108666"	646.611513132811	0.180220816429671	0.00206494528051453	0.00809471717456083
"ENSG00000166619"	3326.9100716899	0.179894877580724	0.000959107157298079	0.00458841342372758
"ENSG00000006125"	4714.02247247649	0.179863378623616	0.000129305293495222	0.00104200937122344
"ENSG00000166260"	620.932982703469	0.179729035022396	0.000383091282089207	0.00228935988245235
"ENSG00000101421"	2802.61226187515	0.179406410243297	0.000391048074992097	0.00232698790572898
"ENSG00000106608"	1365.85064884207	0.179300278684664	0.00133959829722604	0.0058405535689341
"ENSG00000138175"	1460.92800188482	0.178813546451118	0.000128598729521966	0.00103874703484824
"ENSG00000160695"	965.307763791927	0.178377781369526	0.00165065741957478	0.00684222587467555
"ENSG00000124164"	1805.25962097662	0.17830980327482	0.00200321925957654	0.00791039530054851
"ENSG00000157540"	1242.35931555157	0.177935091337804	0.00209716372873424	0.00818931017756408
"ENSG00000197386"	2744.60182942883	0.177689677544719	0.00181341593695423	0.00733247087686005
"ENSG00000086598"	959.074123438791	0.177618209464615	0.00197348757528001	0.00781989908685424
"ENSG00000177830"	845.03157096154	0.177487480389553	0.00138536252148974	0.00599754654990011
"ENSG00000151779"	842.860142344922	0.177272793971133	1.32657265401539e-05	0.000231116347100879
"ENSG00000196867"	334.652227383352	0.177098306019848	0.00184311884759455	0.00741945854154465
"ENSG00000177646"	525.476262108308	0.176904040905624	0.00081307597048613	0.00402863462290667
"ENSG00000153815"	3027.11368412346	0.176749341697775	0.00188445847501101	0.00755231285922338
"ENSG00000104643"	873.648054741301	0.176722519730522	0.00190020429363275	0.00759772741145192
"ENSG00000146463"	775.483431961117	0.17657659149268	0.00151149123164404	0.0064038964260067
"ENSG00000264364"	9247.26707625871	0.176517382276499	0.000398425415221748	0.00236160353726307
"ENSG00000140471"	157.866753416682	0.176440694202372	0.00018950853453405	0.00137802066647117
"ENSG00000151247"	1403.38731740257	0.17599206117722	0.000700660540951953	0.00359477493037436
"ENSG00000143549"	2986.73218043937	0.175873796852165	0.000216040382671707	0.0015203201581881
"ENSG00000136504"	866.471002845207	0.17527064023226	0.00060153418210148	0.00319673316152673
"ENSG00000197343"	792.853814424462	0.174860519111526	0.00242944828427912	0.00912660264454309
"ENSG00000196510"	828.71298499113	0.174331120877716	0.00142052781886468	0.00611135849690521
"ENSG00000135930"	748.341835931495	0.17381839308861	9.38614113547586e-05	0.000831088721013096
"ENSG00000235106"	1095.0427699748	0.17362985033246	0.000391126570519252	0.00232698790572898
"ENSG00000115525"	1084.13131892107	0.173271881497243	0.000152767535530688	0.00118110457740843
"ENSG00000070831"	2116.39851665775	0.173192358386499	0.00165229422007041	0.00684663948244389
"ENSG00000222011"	102.266722419603	0.173145864533721	0.00131188464339216	0.00575679829613737
"ENSG00000113163"	1082.74039056822	0.172890811409973	0.00138123058075437	0.0059856802584403
"ENSG00000143889"	497.71656214829	0.172557439010963	0.00258166622948952	0.00956689360779399
"ENSG00000134014"	658.036064802043	0.172104333330285	0.000978896826072055	0.00465720040552191
"ENSG00000178913"	1396.97469384516	0.171976070104202	0.00210889250062187	0.00821833067991947
"ENSG00000198498"	132.596394835517	0.17181192941927	0.00195360983535335	0.00776436991363133
"ENSG00000152443"	217.856732835037	0.171091008005221	0.000523892122615333	0.00289030612390312
"ENSG00000183978"	979.707083318304	0.170517190306265	0.000775959332542015	0.00389632088420236
"ENSG00000144827"	636.52865919341	0.170435083679051	0.0019701196091288	0.00781068612478432
"ENSG00000186187"	434.067340539727	0.170273180630422	0.00131553093134563	0.00576629333365223
"ENSG00000158793"	403.769966165682	0.169649270973035	0.00162098134706053	0.0067396019147229
"ENSG00000161981"	1149.62502955566	0.169125215779672	0.0016596604945546	0.0068655938699275
"ENSG00000143436"	178.903637611353	0.168961097776591	0.00226791406704621	0.00868274128916069
"ENSG00000145982"	150.292032568401	0.168651491352757	0.00171622110567967	0.00703364616477716
"ENSG00000130227"	1121.78291908214	0.168381717119855	0.00182536601537206	0.00736694612487675
"ENSG00000196419"	2669.88554613684	0.168373976081182	0.00086192816030571	0.00421487767708585
"ENSG00000162517"	1198.72912331149	0.167647497539748	0.00137744486532703	0.00597228172969122
"ENSG00000188343"	501.267805060547	0.167454878296847	0.00180237502014677	0.00729125293108964
"ENSG00000116957"	348.103647952068	0.167057254449759	0.00124613666837957	0.00554238656311372
"ENSG00000121486"	315.644213174687	0.166395794354075	0.0023281889585245	0.00884465163166681
"ENSG00000103423"	921.871550723648	0.166071239531339	0.00139535160540917	0.00603017503989658
"ENSG00000091164"	1549.27195104085	0.16595780912055	0.000158139898800291	0.00120873094051928
"ENSG00000100372"	253.766982322174	0.165658715160171	0.00166864791963608	0.00688116427433102
"ENSG00000144736"	132.557652239879	0.165620782684259	0.000493342360148195	0.00277331876068938
"ENSG00000169288"	400.454604047719	0.164759834244619	0.00252968795845785	0.00942296447282732
"ENSG00000100580"	812.178235669995	0.164693878001418	0.00121032417308774	0.00542251691602273
"ENSG00000092203"	1068.01219395242	0.164477572429269	0.000581719816251152	0.0031193592514427
"ENSG00000166971"	1082.50433313133	0.163945950187604	0.00200914890902313	0.00792835400527627
"ENSG00000138279"	1194.87763255449	0.163723474055609	0.0027042283133372	0.00992069095427817
"ENSG00000095139"	1274.49033067933	0.163428560803587	0.00195747512306639	0.00777614107854646
"ENSG00000107938"	223.126998794571	0.163202237014895	0.00157963909726449	0.00660921919815599
"ENSG00000164808"	921.300225110011	0.162727271874458	0.00228889668832368	0.0087494511872342
"ENSG00000165280"	3060.27686282125	0.162646277020597	0.00202020727805072	0.00795739768354395
"ENSG00000197548"	466.251985507761	0.162613730397803	0.0015753999309059	0.00659789756950929
"ENSG00000163655"	782.221655444433	0.162399443000513	0.00116597094110174	0.00528571446120204
"ENSG00000163161"	930.907794257062	0.162348088837091	0.00134267013558066	0.00585246417922258
"ENSG00000094880"	253.301339956194	0.162095035011906	0.00192757178867537	0.00769107399130022
"ENSG00000126775"	569.438824612769	0.162041101686285	0.00179782912677669	0.00727628327279736
"ENSG00000016864"	456.851061595953	0.161562796260195	0.000180866243632702	0.0013304489964315
"ENSG00000176407"	979.122023874818	0.161023721286288	0.0013917060472331	0.00602097018477518
"ENSG00000174840"	482.972744060195	0.160602897558778	0.000150423910554707	0.00117266611067852
"ENSG00000131508"	1361.41813347524	0.159989698235488	0.000524728071761431	0.00289121136338973
"ENSG00000108010"	519.679994738651	0.15943398835135	4.93001212028655e-05	0.000530045587923125
"ENSG00000013561"	768.142398759689	0.159413511239189	0.00116655481380952	0.00528696893367646
"ENSG00000189227"	172.613191532164	0.159300195963611	0.00266508352783276	0.00981683774119093
"ENSG00000179912"	1293.66572033028	0.158420339517496	0.00215021161279766	0.00834346088617813
"ENSG00000104904"	6156.71298527775	0.158268144787853	0.00223100644886678	0.00857577356059489
"ENSG00000125037"	835.282184511318	0.158200629422991	3.22916138710503e-05	0.000400746611075983
"ENSG00000143207"	371.735955468219	0.157809648711234	0.00106052003905342	0.00493237812273074
"ENSG00000152223"	503.988477434016	0.157178611273388	0.001942024718036	0.00773797950730408
"ENSG00000149196"	384.891117668959	0.157038875184734	0.000860221780339445	0.00420892481665232
"ENSG00000101052"	207.663027865387	0.156742016294415	0.00144435493774344	0.00619374228783703
"ENSG00000107929"	964.297393801499	0.156401638029474	5.91503839668359e-05	0.000601041954053746
"ENSG00000166503"	1908.19868681953	0.156263538458645	0.0025357306255843	0.00943526399874246
"ENSG00000132388"	544.568089499922	0.156083087793904	0.00150961460714899	0.00640024537755061
"ENSG00000078304"	1938.92356232509	0.155408230301524	0.000176803681858494	0.00131064675961682
"ENSG00000120533"	529.605813041585	0.155379445549374	0.000619935505230005	0.00326728409415924
"ENSG00000060688"	299.456647767103	0.153966417740295	0.000288151256731596	0.00186534320500976
"ENSG00000101266"	1113.88112666037	0.15352473738305	1.45177604616849e-05	0.000243561608993161
"ENSG00000107771"	1305.93474058657	0.152927263438532	0.00208001023371912	0.00814133458591837
"ENSG00000141560"	889.498622790819	0.151749697373463	0.000775856807629372	0.00389632088420236
"ENSG00000141644"	1212.05078555033	0.150686654195372	0.00072647258958993	0.00369931289384372
"ENSG00000176102"	393.873834904522	0.150252670602634	0.000319509418331307	0.00201228014991839
"ENSG00000162408"	770.890792799518	0.149812603856139	0.00112856753913788	0.00515481549864097
"ENSG00000114098"	786.748000787654	0.149773239674477	0.00254246747094898	0.0094481359239359
"ENSG00000144867"	611.999031642568	0.149267911265066	0.00143329779295576	0.0061555276721925
"ENSG00000123213"	471.645778976697	0.149183110040459	0.00029896945534362	0.00191806233128205
"ENSG00000165283"	830.478416904743	0.148777559686075	0.00179074297140336	0.00725955222957277
"ENSG00000075914"	313.936363606559	0.147156054838096	0.000684582838206338	0.00352911781792324
"ENSG00000116209"	2329.96410477013	0.146846362827168	0.000237829227631938	0.00162281815877575
"ENSG00000213593"	948.740060000398	0.14629026059233	0.00112871083566943	0.00515481549864097
"ENSG00000215021"	1045.8324538173	0.146233441545438	0.00206299478685834	0.00809138695085305
"ENSG00000127463"	1319.32736969904	0.145813077975175	0.000160360803263512	0.00121974834581301
"ENSG00000189091"	1458.51755430972	0.145608693207276	0.00117200989810208	0.00530470848699212
"ENSG00000163807"	534.789706053686	0.145052452268346	0.00258980088246128	0.00958671883651743
"ENSG00000107937"	540.536732606701	0.143516369477381	0.00060625397851853	0.00321189588557693
"ENSG00000214174"	526.001482644777	0.142864014572552	0.000189890210958403	0.00137822947080195
"ENSG00000129071"	357.246389588279	0.142054349530952	0.00232066801539818	0.00882581938777039
"ENSG00000147400"	750.501906295675	0.141872522973157	0.0022429442096835	0.0086118166620149
"ENSG00000135372"	837.195219486265	0.141762056950445	0.000248171743363531	0.00166866414785799
"ENSG00000166902"	532.528104394814	0.141035579332512	0.00197461071626151	0.00782254873625072
"ENSG00000121073"	537.174465617826	0.140882435628001	0.00135961843287724	0.00591435736293049
"ENSG00000166233"	994.273588566831	0.140562009044654	0.00218196619807613	0.00842757317470307
"ENSG00000111261"	460.481672626285	0.140352787705206	0.000471459173023657	0.00269251053259994
"ENSG00000111445"	200.72318453639	0.140266218333258	0.00165083158412407	0.00684222587467555
"ENSG00000113552"	698.995380434157	0.140178799255999	0.00159278193715895	0.00663999890634948
"ENSG00000180228"	470.889115759126	0.138601422878635	0.00129717661449835	0.00571348543125897
"ENSG00000180011"	870.872403196649	0.138131020534683	0.00103566998716091	0.00484297405297493
"ENSG00000249915"	1078.60726335428	0.137676913964414	0.00051527343620475	0.00285741032776816
"ENSG00000134283"	691.441151950951	0.137159908914714	0.000225895037826825	0.00156847875301153
"ENSG00000112584"	764.733835666705	0.136613344520658	0.00105126817492758	0.00489728798241637
"ENSG00000170464"	1127.97015189683	0.136208372340847	0.000787865967333442	0.00393544309219691
"ENSG00000167088"	777.576468298829	0.135762951172302	0.00272511171996042	0.00997180017765278
"ENSG00000136718"	1223.66210806139	0.135000987948979	0.00144735432586611	0.00620351344898737
"ENSG00000123607"	398.166498541556	0.134547924536731	0.000616212766306549	0.00325064981502747
"ENSG00000140694"	473.524507920989	0.133661162214907	0.00242545046611851	0.00911779842905929
"ENSG00000156928"	342.506412666709	0.132380305041412	0.000269371670796696	0.00177243676201205
"ENSG00000244005"	491.978154710926	0.131224239441793	0.0011131482378446	0.00510777615575012
"ENSG00000121406"	208.821760395376	0.131194507342384	0.00221254551977759	0.00851775002459833
"ENSG00000128951"	717.412086001923	0.130869627964955	0.00265693650784518	0.00979521270283551
"ENSG00000181929"	640.793129212082	0.130252293087149	0.000873012706066817	0.00425698801969635
"ENSG00000211460"	963.581532777664	0.126865795046892	0.00206315559909917	0.00809138695085305
"ENSG00000107951"	424.703942255127	0.126133225150092	0.00100760872416918	0.00475155729178866
"ENSG00000140632"	2344.91701592535	0.123160708975289	0.00179172914975002	0.00726183985275419
"ENSG00000170633"	681.357934052706	0.122080243650298	0.000140029707243448	0.00111008828720934
"ENSG00000022840"	2422.34957906053	0.120692773133396	0.000405965168732236	0.0023972138762909
"ENSG00000172586"	393.091588454461	0.118768168189825	0.00172422611779481	0.00705637284013364
"ENSG00000185104"	763.22622292934	0.117389369491549	0.000980727678064129	0.0046621467485952
"ENSG00000171720"	526.059878784931	0.114232113275108	0.00218580495711694	0.00843593289839774
"ENSG00000144580"	562.137298293693	0.110195163672363	1.28473660638255e-05	0.000225885303428629
"ENSG00000111361"	641.709411486123	0.0972320791477483	0.00193886844376557	0.00772898159391774
"ENSG00000196652"	362.751028494664	-0.0826826141116648	0.00211105095253654	0.00822301879294218
"ENSG00000101158"	1146.80390934517	-0.0959786821600724	0.0012863890869983	0.00567759368064145
"ENSG00000128908"	455.743024462371	-0.100051191407749	0.00259891437958528	0.00961631840408458
"ENSG00000116350"	1715.81898163812	-0.102271480739619	0.000353992894490741	0.00217282136640316
"ENSG00000125386"	958.11684480425	-0.111215776423905	0.000533703094869917	0.00292661082255364
"ENSG00000204574"	1037.19193452849	-0.113189730282351	0.00258443015283845	0.00957318981403357
"ENSG00000131148"	322.36916712037	-0.115930664091411	0.00220220290118882	0.00848970180026052
"ENSG00000182149"	1761.70052583887	-0.118811353604695	0.00184753685416529	0.00743386335552753
"ENSG00000093183"	912.550357465541	-0.119680199807683	0.000535613747922706	0.00293521790607881
"ENSG00000068745"	1305.38768157033	-0.123566468606494	0.000827964423711026	0.00408496727876017
"ENSG00000160310"	2269.83386405462	-0.124932922902687	0.0015271948006811	0.00645569845386146
"ENSG00000107341"	1636.067029126	-0.126399121969252	0.000755374815988179	0.00381745939741765
"ENSG00000130816"	1049.66564572645	-0.128806309090924	0.00217539687432436	0.0084070737309711
"ENSG00000205531"	3372.9518247308	-0.129658465591541	0.0019972659035212	0.00789231818120072
"ENSG00000123411"	332.606889741077	-0.130215391850638	0.0022919118425862	0.00875514392952425
"ENSG00000115211"	593.776907086481	-0.131750321144253	0.000617512989408188	0.00325651074959655
"ENSG00000100813"	2740.34185616658	-0.134456610563952	0.000240989931618144	0.00163506491641431
"ENSG00000151240"	1178.14705491247	-0.136098005305579	0.000119230058101933	0.000985264997651739
"ENSG00000105127"	601.206309757129	-0.137157308404625	0.000380543569720144	0.00228074389470502
"ENSG00000142599"	3409.63916234573	-0.13752106077435	0.00097725325172777	0.00465200416936121
"ENSG00000185896"	2502.33323158664	-0.139707336446381	0.000858412114095651	0.00420236537196399
"ENSG00000166548"	579.030453104702	-0.141134862614675	0.00171493988963964	0.00703174376378446
"ENSG00000143614"	1558.97955864735	-0.141223656552092	0.000330020155276006	0.0020589477828075
"ENSG00000141580"	1616.05867601725	-0.142572680160916	0.000902666352593499	0.00437802083042883
"ENSG00000172057"	1247.86912543739	-0.143323558619559	0.00215448244332817	0.00835626550180438
"ENSG00000161021"	587.392161940412	-0.143737419318626	0.000906809687497217	0.00439069343203645
"ENSG00000115970"	274.347975127199	-0.14404354043753	0.0017650814842616	0.00718598571158821
"ENSG00000161217"	795.402456525635	-0.144978404654951	0.00121829308735614	0.00544970865713649
"ENSG00000139990"	1070.56864367945	-0.146017415092353	0.00137318567174496	0.00595873134748951
"ENSG00000167977"	344.834016498771	-0.146468566026048	0.00155685868910504	0.00655052764985702
"ENSG00000055483"	1165.991672689	-0.147220164464222	0.00240792718617832	0.00906554038838307
"ENSG00000270647"	4040.84407915921	-0.147670498772212	0.000378074036610986	0.00226831244063607
"ENSG00000102974"	754.068415405632	-0.149018492031484	0.000803725249387162	0.00399264724897582
"ENSG00000113269"	1955.9806815294	-0.149529844018544	0.000655154980429233	0.00341319088321077
"ENSG00000151689"	654.990512152983	-0.149889649067039	0.000371070875731606	0.00223956626366344
"ENSG00000156983"	326.139117669695	-0.151270585398033	0.00055426252463662	0.00301268381148213
"ENSG00000165275"	436.521630811123	-0.151337235943093	0.000547409291497194	0.00298560080308656
"ENSG00000021776"	623.052669520451	-0.151605154673681	0.00263653070840988	0.00973040374868336
"ENSG00000116809"	790.551338086121	-0.151893503599642	0.00132783547649077	0.00580249607942006
"ENSG00000084090"	2478.14399889997	-0.154069768716802	6.31088396370832e-05	0.00062560192845415
"ENSG00000257923"	1761.9189999859	-0.156031281113608	0.00048656862162614	0.00275051089788202
"ENSG00000160208"	507.599617144271	-0.156976483837323	0.00161133935055482	0.00670761408490934
"ENSG00000165689"	497.942938583877	-0.15889818024177	6.83891183108795e-05	0.000663949178502634
"ENSG00000181555"	903.58880897006	-0.160121196554456	0.00106120754635129	0.00493424243526331
"ENSG00000185049"	951.45148758583	-0.161306628614473	0.00271127473215555	0.00993172418910268
"ENSG00000166716"	807.449716762931	-0.161657478928905	0.00098738005083948	0.0046871960328461
"ENSG00000257103"	1250.69637236967	-0.161993931513484	0.000205749615250601	0.00146224943324054
"ENSG00000136485"	1600.15044433337	-0.162326552917378	9.30863538968336e-05	0.000826351423221349
"ENSG00000156804"	760.23672375829	-0.162829561156745	0.00153417575109042	0.00647884376926382
"ENSG00000273015"	321.817417494566	-0.163792069927988	0.00267373122268863	0.00983606230736041
"ENSG00000177051"	330.102992405425	-0.16406833166248	0.00173123337124733	0.00707327795378122
"ENSG00000100605"	6982.30313772038	-0.164093208023265	0.000723574661421922	0.0036881523977067
"ENSG00000132155"	1392.6057479658	-0.164246412796937	1.14977616573507e-06	5.67080147300797e-05
"ENSG00000138032"	1492.82412752593	-0.164632410974278	0.000670150797685785	0.00346717934492498
"ENSG00000047578"	497.28401230322	-0.165131208919617	0.00238485396348184	0.00899638204545536
"ENSG00000110917"	1714.34114326484	-0.165337520679243	0.00239302354849328	0.00901929370269649
"ENSG00000177731"	1483.4843322422	-0.16577162777034	0.000636290727002654	0.00333815065037997
"ENSG00000124201"	951.358261323246	-0.166316940005854	0.00147003978413478	0.00627263133473277
"ENSG00000136848"	2448.09688050437	-0.167030744969479	0.00234941066960992	0.00890561679277593
"ENSG00000132275"	329.827489996008	-0.167164297103257	0.00214208152732051	0.00831941546249275
"ENSG00000006607"	509.471678014281	-0.168017330311427	0.000506517522370934	0.00282523853291344
"ENSG00000204392"	314.023413350441	-0.168634376303119	0.000999986169823209	0.00472712398940564
"ENSG00000139651"	550.056503529273	-0.168937911033155	8.3220971717142e-06	0.000177671316467367
"ENSG00000103496"	943.61488446287	-0.169090744976393	9.25373434220579e-05	0.000823175861666089
"ENSG00000156650"	1035.19082971079	-0.169091625963001	0.000915357037574585	0.00441716868174133
"ENSG00000198585"	1854.32236436161	-0.170484905687758	0.00221343727764064	0.00851775002459833
"ENSG00000137266"	657.798419419086	-0.170562602578246	0.00167044969643816	0.00688540484310106
"ENSG00000119684"	499.334831408722	-0.172775609797221	0.0019705162086153	0.00781068612478432
"ENSG00000100154"	519.526904870124	-0.172840479945964	0.000707102866671272	0.0036202741356373
"ENSG00000137845"	978.571039970195	-0.173092968729325	0.00235974690594341	0.00893091718286894
"ENSG00000125952"	1215.66688226517	-0.17317916861673	0.000366037088726086	0.002220897797945
"ENSG00000116198"	857.675846838516	-0.173440995401568	0.00151425884065341	0.00641046173737511
"ENSG00000108669"	1557.22317442376	-0.174007610626469	0.000581120706514941	0.00311711770683755
"ENSG00000133069"	2723.14981187552	-0.174055101601609	0.00183380446462232	0.00738831336002593
"ENSG00000005339"	1675.79679794499	-0.175630413699215	0.000359149827756041	0.00219221488835629
"ENSG00000147526"	4470.73849024326	-0.17563559489161	0.000478132103413409	0.00271687012913942
"ENSG00000251474"	563.745151759723	-0.176433361888561	0.00109579668993707	0.00505461212717512
"ENSG00000146834"	1081.61225051092	-0.17665248691501	0.000241348699048684	0.00163556502233268
"ENSG00000155729"	211.331890704667	-0.177145479529014	0.00038934037408998	0.0023181307019062
"ENSG00000115459"	520.115718758121	-0.179369916963334	7.98170327186876e-05	0.000742355409764819
"ENSG00000087206"	329.660017904047	-0.1795922465975	9.19399941643299e-05	0.000820831493542848
"ENSG00000132635"	904.510134204497	-0.180190151205605	0.0014922561734279	0.00634347950742618
"ENSG00000154781"	380.607554326559	-0.180231625427715	0.00125365307445731	0.00556737109665473
"ENSG00000134825"	333.607531769069	-0.180289345120136	0.00220786933673432	0.00850964059409043
"ENSG00000175745"	2261.52657321216	-0.180356402600921	0.00178329320123423	0.0072344628500695
"ENSG00000105698"	4115.33427075642	-0.180474636703663	0.000252030869808028	0.001686705817265
"ENSG00000263002"	184.529666367472	-0.180744343522906	0.0011166588857963	0.00511537007365297
"ENSG00000100596"	912.90901216724	-0.181067880256644	0.00105107818637974	0.00489728798241637
"ENSG00000028528"	1391.92226406474	-0.181079649462319	8.90737950822173e-05	0.000804242608280521
"ENSG00000170242"	1969.64366140263	-0.181261230589517	0.00116149591491782	0.00526820268339404
"ENSG00000231025"	128.750592302038	-0.182061763218641	6.90619710653633e-05	0.00066897226108503
"ENSG00000167302"	182.055809473218	-0.182378771842452	0.00266820356895258	0.00982412578232743
"ENSG00000163939"	763.6393929976	-0.183319743685007	0.000315828584489776	0.0019942617112335
"ENSG00000106636"	1788.80954447148	-0.18390168611711	0.000547323516442828	0.00298560080308656
"ENSG00000221988"	222.397673594639	-0.184161210503582	0.00106597845387718	0.00495241217991575
"ENSG00000011275"	1236.43036313983	-0.184480914275294	0.00145005461306933	0.00621199354274821
"ENSG00000009830"	634.96557856419	-0.184930414180126	0.000763078955039147	0.00384735736763001
"ENSG00000085185"	287.306578320141	-0.184981624586339	0.000356249392292126	0.00218085995832203
"ENSG00000008083"	827.954306400389	-0.185204611963517	0.00204693104077817	0.00804608906255186
"ENSG00000181704"	883.590267152648	-0.185929730944956	0.00166703838772595	0.0068762836731193
"ENSG00000100393"	1050.32491761896	-0.185975203446701	0.000355612583069028	0.00217912402718661
"ENSG00000118058"	2790.11677203269	-0.187391385990115	0.00155278801307032	0.00653819473311631
"ENSG00000156858"	779.334277583597	-0.187400266805218	0.00154006919944671	0.00649576357022207
"ENSG00000135835"	285.557326628154	-0.187669534502953	0.00126278929885246	0.00560071945404467
"ENSG00000275023"	4172.32917294353	-0.188436769159131	2.2926383829221e-05	0.000320838898253969
"ENSG00000164080"	1097.79304522396	-0.188643012515404	0.00028401407576428	0.00184619874853873
"ENSG00000100266"	1103.28311352406	-0.188823067547609	3.18167637899473e-05	0.000397432478313761
"ENSG00000030066"	368.005107969058	-0.188896762183286	0.000650090369277299	0.00339193862575633
"ENSG00000080815"	941.420433192939	-0.190207421070313	0.000981462722024146	0.00466296379635706
"ENSG00000132005"	430.812240122868	-0.190472112426474	0.00140021029650868	0.00604661812187756
"ENSG00000275700"	637.837991714156	-0.191219033385515	2.62596782795441e-05	0.000349851271072595
"ENSG00000239521"	710.029883505779	-0.191228496600835	0.00267685704524259	0.00984335405250177
"ENSG00000154845"	562.218584038273	-0.191964241025607	2.70063502721645e-05	0.000356761555821004
"ENSG00000173821"	1647.93605165405	-0.192029645287758	0.00228530754633059	0.00873961315151932
"ENSG00000138785"	100.973486382098	-0.192261414373758	0.000810859492631874	0.00401996671851165
"ENSG00000072518"	2060.05568330293	-0.192328078439519	0.00194261881269911	0.00773852870391889
"ENSG00000100354"	2507.94053518579	-0.192434005554788	0.000355425750079373	0.00217875478494168
"ENSG00000105323"	2242.22464284745	-0.193005710915027	1.71492396255543e-05	0.000268864977591531
"ENSG00000117461"	649.571749851899	-0.193232729194601	0.00247917435296842	0.00926487801512059
"ENSG00000071242"	2096.74202935883	-0.193751122416524	2.14427126253015e-06	8.09415378112531e-05
"ENSG00000132024"	2341.29803393627	-0.193821223469126	0.00254557804204491	0.00945463329635934
"ENSG00000117174"	623.477083126538	-0.193900075965025	0.000910525458429424	0.00440249289773755
"ENSG00000146833"	377.293827358471	-0.19434414476011	0.00169084669292152	0.00695781595153194
"ENSG00000087495"	2033.79649859878	-0.194716566810086	0.00170510543211462	0.00700150373014963
"ENSG00000102125"	1031.04242681766	-0.195455439485616	0.000577790129482263	0.00310602795089887
"ENSG00000141867"	4059.40683367395	-0.195602610475953	0.00209991780404376	0.0081963458414978
"ENSG00000130254"	3728.59434667042	-0.195643484239994	0.00149254005722861	0.00634347950742618
"ENSG00000107362"	460.396271177035	-0.196010033722076	0.00195298611725476	0.00776436991363133
"ENSG00000135316"	1221.39313128089	-0.196122179231868	0.0013864449460414	0.00600072337344998
"ENSG00000141646"	779.362789197915	-0.196406051164679	0.00260830970909064	0.0096407204257198
"ENSG00000198625"	1375.37789638657	-0.196426795280492	0.00115205525236609	0.00523642119328691
"ENSG00000143321"	2107.98913278392	-0.196818455855319	0.000407156637596638	0.00240013260375032
"ENSG00000070476"	405.154586415919	-0.197322421861688	0.000481830946234436	0.00273000529214396
"ENSG00000116497"	428.358141491438	-0.197660060833671	7.4645233984798e-05	0.000708489646160642
"ENSG00000174243"	1097.64251563424	-0.197769178982622	1.09484509410821e-05	0.000208468679257573
"ENSG00000114302"	1276.16461583031	-0.19839512679151	0.000886045586552328	0.00430833409076984
"ENSG00000090530"	112.881276759668	-0.19881565516282	0.000842041203420985	0.0041352511368004
"ENSG00000149480"	1196.9431286179	-0.199240504803863	0.00271974517288901	0.0099585138610803
"ENSG00000095319"	775.604402830842	-0.199291055526975	3.22663851853888e-05	0.000400722430155914
"ENSG00000223959"	692.05697374719	-0.200065133048274	0.000244182909559487	0.00164982541023186
"ENSG00000134369"	1925.1846176403	-0.200351780844062	0.00011018529001077	0.000936139880037205
"ENSG00000240230"	509.21461890655	-0.201034789500219	0.00268069839281804	0.00984906327333553
"ENSG00000174744"	389.000392245713	-0.201439461771811	0.00232545242027276	0.00883620585213134
"ENSG00000204120"	1042.66313214148	-0.202037532327606	1.11816534321185e-07	1.65922241833669e-05
"ENSG00000122783"	99.5504568650744	-0.20229860837361	0.00187562799561894	0.00752393024669978
"ENSG00000171552"	1514.97181120053	-0.202329591526364	0.000186471057870973	0.00136236261423305
"ENSG00000082805"	886.163262502264	-0.202820436131927	0.000429294617114805	0.00249981334384206
"ENSG00000065802"	1013.3001391828	-0.202959782306881	0.000808625402383679	0.00401120145568596
"ENSG00000187239"	2313.36705528333	-0.203306017058954	0.000825064474144232	0.00407396293558367
"ENSG00000068724"	562.731562524947	-0.203397677794027	0.00120134579136838	0.00539774604720017
"ENSG00000103091"	1066.15692692753	-0.203510536333238	7.78006565812044e-05	0.000730596127513514
"ENSG00000107263"	2213.77894289203	-0.203538264775001	0.00022919252733817	0.001582866313057
"ENSG00000162227"	296.404440046222	-0.204742737933529	0.000844877286398149	0.00414563076703858
"ENSG00000131351"	54.9274151224214	-0.204753753158371	0.00186539162965681	0.00749334565257473
"ENSG00000105202"	853.500959762103	-0.204892221871111	9.84221406591332e-06	0.000196081054070099
"ENSG00000120616"	378.969108652853	-0.205402756410075	0.000332262666675868	0.00207049641133326
"ENSG00000035928"	755.74482879506	-0.205524923726991	0.000370525646569838	0.00223814124232364
"ENSG00000103319"	783.568844535822	-0.206502351511649	0.00059439657259965	0.00316956264069324
"ENSG00000113719"	1131.17342657791	-0.20666186452815	0.000150280271294897	0.00117207716801045
"ENSG00000143970"	392.067089877785	-0.206843790138606	0.0026787728677112	0.00984829503885366
"ENSG00000130396"	1957.73960645177	-0.207009148350627	0.000613070845908361	0.00323804494342455
"ENSG00000090905"	2963.32972559507	-0.207788861347577	0.000693000478811177	0.00356503802802653
"ENSG00000072778"	6024.12279249191	-0.208149542206356	0.00195558490833792	0.0077704254448801
"ENSG00000184924"	109.638376378092	-0.208905932526832	0.0018829023813677	0.00754783388227346
"ENSG00000258634"	113.967746594328	-0.209484812441323	0.00103638592745795	0.00484500569509335
"ENSG00000148308"	995.659661096281	-0.209599406607564	1.06523099838454e-05	0.000205778365988505
"ENSG00000070814"	1670.54187481311	-0.209991248542521	0.000768746108778187	0.00387026229026
"ENSG00000124615"	413.989793796048	-0.210421460133343	0.000698732964108394	0.00358595423708938
"ENSG00000079432"	2863.68724453397	-0.210466110682005	0.00147078595160289	0.00627425987235206
"ENSG00000065526"	1784.67586620408	-0.211272208553918	0.000284855763199621	0.00184887716891217
"ENSG00000149929"	584.792699993011	-0.21247304358433	7.68568914000399e-06	0.00016955484141473
"ENSG00000109089"	546.566531172359	-0.212632516345611	0.00239880951796199	0.00903912176722413
"ENSG00000117713"	1859.07296841834	-0.212731287125715	4.50672670283771e-05	0.000500295187649937
"ENSG00000135048"	613.726072618904	-0.21302088307555	0.00260637166858159	0.0096356261879929
"ENSG00000131626"	996.109312506389	-0.213508677577918	0.000232667761924836	0.00160004402157898
"ENSG00000166321"	97.4912864592798	-0.213559459565502	0.00173323294781264	0.00707837651672798
"ENSG00000182796"	232.347598886464	-0.213563342357853	0.00248583732588526	0.00928574606997896
"ENSG00000156639"	1514.49916025761	-0.213907896165622	0.00186432138899954	0.00749079460057169
"ENSG00000079999"	1350.20011980908	-0.213995602181137	4.79851822413773e-06	0.000127099994899727
"ENSG00000086475"	509.502383859246	-0.214048276041837	4.93421804681206e-06	0.000130264869999656
"ENSG00000149115"	1494.53182291449	-0.21443913114347	0.00147136859146295	0.00627468677805087
"ENSG00000130313"	394.3350201805	-0.214820988592405	0.00177447118974058	0.00721227215797038
"ENSG00000204209"	695.863673088228	-0.214928513351001	1.24378151741729e-05	0.000222852066953625
"ENSG00000172890"	832.072756434672	-0.215088360220003	0.000118861245565528	0.00098495959142156
"ENSG00000178209"	12279.5956364809	-0.215139862036388	0.00268648115216006	0.00986399318944777
"ENSG00000170743"	187.310466832162	-0.215191276631459	0.00268010702836297	0.00984899280085648
"ENSG00000175029"	621.43923420175	-0.215329921019359	0.0020254679908376	0.00797446947078858
"ENSG00000186834"	1449.32058891805	-0.216186160157914	0.000152598109341311	0.00118110457740843
"ENSG00000107882"	382.298249409135	-0.216841308615398	0.000441549257188191	0.00254960998456234
"ENSG00000198909"	644.627254094923	-0.217089846181713	1.0964840551764e-06	5.52015186758797e-05
"ENSG00000248333"	1214.37778408461	-0.21764421766483	0.000148296542916617	0.00115923178620514
"ENSG00000167522"	6231.66204399239	-0.217889942847618	0.00030666953828303	0.00195218297428469
"ENSG00000078269"	1273.73916860666	-0.217926797304001	0.00154249783136405	0.00650441331976221
"ENSG00000196476"	313.715511475007	-0.217986120726915	0.000449508029860906	0.00258602330146917
"ENSG00000167491"	978.288256950555	-0.218144765237954	7.9243288397524e-05	0.000738902883633034
"ENSG00000138092"	103.38481089509	-0.218487686655331	4.97771172402811e-05	0.000533507795178679
"ENSG00000137413"	563.704483959525	-0.219156220260033	8.41549167674687e-05	0.000770919948014071
"ENSG00000100902"	111.260535942842	-0.219289664702582	0.00216788793484992	0.00839099191243239
"ENSG00000009954"	2520.18856728624	-0.219755876271088	1.80826838794984e-05	0.000276919250549649
"ENSG00000168763"	391.499167508113	-0.22016646275377	5.58778990912849e-05	0.000575599208293409
"ENSG00000084652"	1089.42379828376	-0.220291609370201	0.000322449671859924	0.00202345103963721
"ENSG00000166478"	184.740984561178	-0.221242976924035	0.00190587200513551	0.00761685043519796
"ENSG00000179242"	1192.5450919731	-0.22165297195811	0.00126421432541929	0.00560453988345251
"ENSG00000166164"	824.020983871714	-0.221664381984581	0.00119912594750663	0.00539340343204382
"ENSG00000130699"	310.840807133358	-0.221795988914183	0.000220598005019857	0.00154230441121316
"ENSG00000130997"	256.555310897413	-0.22183109984515	0.000828632415742023	0.00408572035868446
"ENSG00000121578"	201.634906601578	-0.222406543181039	0.000149378155446183	0.00116609804521322
"ENSG00000065600"	198.563032860271	-0.22258251889108	0.00266763261954594	0.00982412500647073
"ENSG00000143190"	1172.56306728114	-0.223044202569016	0.0004870621225825	0.00275149337578358
"ENSG00000180385"	120.448972282897	-0.223178607867411	0.00218298800675189	0.00842884086142221
"ENSG00000121851"	242.507934137866	-0.223361760483104	0.000112531482569198	0.000948581983086977
"ENSG00000076108"	1503.77834493131	-0.223595354821108	2.22521579910535e-06	8.29061462121221e-05
"ENSG00000114779"	328.806682468092	-0.223626556143448	0.00106360244431074	0.00494270757935224
"ENSG00000165675"	157.792450043953	-0.223953006092525	0.000215514038027149	0.0015172364566713
"ENSG00000135723"	304.783856215169	-0.22446070831661	0.00109628964314989	0.00505461212717512
"ENSG00000010810"	2839.95602243492	-0.224580415655375	0.00132331728704955	0.00579010179511537
"ENSG00000245910"	566.857393279218	-0.224637329939489	0.0019660129904576	0.00779925826336635
"ENSG00000127603"	7664.9705746698	-0.225779064772659	0.00178058663443377	0.00723089274674274
"ENSG00000133065"	980.997565092122	-0.226113460076138	0.00129308003280098	0.00570127730650699
"ENSG00000118263"	920.316844793702	-0.226502771681724	0.000893953729404448	0.00434065600683745
"ENSG00000204128"	1667.08781165286	-0.226785967645473	4.83793073739073e-05	0.000523457671420182
"ENSG00000168612"	383.100855893524	-0.227251929700429	0.000640873697291425	0.00335453124820522
"ENSG00000172270"	13729.9839401635	-0.227381816164374	0.00214513005408504	0.00832749743368646
"ENSG00000186298"	1338.22630126684	-0.228530147987318	0.000650082808356028	0.00339193862575633
"ENSG00000167969"	740.064848072	-0.228685176685716	0.000739876224794583	0.00375147524833946
"ENSG00000058262"	1670.15676652229	-0.228942287422229	0.00123440690936093	0.00551033354015295
"ENSG00000010292"	385.354138156188	-0.229381717760989	0.000270259682039918	0.00177627294416891
"ENSG00000172830"	504.49802562071	-0.22968449499918	0.000573636605213326	0.00308948901299655
"ENSG00000224470"	523.617213347127	-0.229948963373686	4.77312250745034e-05	0.000520524442781525
"ENSG00000166086"	1027.48443482489	-0.230303841027694	7.93748111414929e-05	0.00073932825983686
"ENSG00000012983"	698.566968978243	-0.230324450514991	0.000926950399888429	0.00446185604957481
"ENSG00000135679"	965.274112785066	-0.230446028086829	1.13661590682703e-05	0.000212427465843796
"ENSG00000055609"	1526.00664876438	-0.230491022059435	0.000287169830561346	0.00186108971892035
"ENSG00000172922"	656.01257287799	-0.23058379931254	0.000406839969978051	0.00239908749682501
"ENSG00000100014"	731.78442752426	-0.231299085354553	1.79305116273065e-05	0.000275815814692428
"ENSG00000184634"	666.763970317449	-0.231781243387695	8.18667224973876e-05	0.000756399299166684
"ENSG00000180479"	123.850589903324	-0.23183440953462	0.000236113412938669	0.00161342603291517
"ENSG00000168936"	1269.26737879244	-0.23209859657936	0.000945934047215351	0.00453927035258373
"ENSG00000140564"	1293.32868399382	-0.232496792000245	0.000350992443365697	0.00216081292119232
"ENSG00000100209"	185.507110291443	-0.233082156644814	0.00205090510486498	0.00805435308465453
"ENSG00000138303"	414.642798446445	-0.233234938060806	2.58790675709949e-05	0.000346518363888965
"ENSG00000214029"	204.381026189121	-0.233468040687591	0.000663598577363553	0.00344363048301442
"ENSG00000275832"	2790.89427850699	-0.233484892626616	0.000377463513083671	0.00226702004560685
"ENSG00000100441"	362.130862522932	-0.233541756355997	0.00254107901457524	0.0094481359239359
"ENSG00000100485"	504.187014895339	-0.233762157961779	0.00148948678037164	0.00633676123344959
"ENSG00000129347"	608.599824832956	-0.233782213757257	0.000683726816174558	0.00352681740689621
"ENSG00000186812"	983.371252083531	-0.234126747355981	1.71662470442743e-05	0.000268864977591531
"ENSG00000087087"	1727.02766217878	-0.235476464144898	1.63981495555045e-06	6.76520950845204e-05
"ENSG00000261118"	36.0689827541941	-0.235484410045137	0.00230067430223552	0.00877845733177352
"ENSG00000260257"	482.106505019145	-0.235814115522858	0.000471991603465043	0.00269287088844673
"ENSG00000188878"	206.088175512782	-0.236287022139511	0.00206110489216908	0.00808702952106369
"ENSG00000116985"	103.766406513296	-0.236406294030025	0.00166475724386067	0.0068707334130232
"ENSG00000151422"	445.979105663819	-0.236461708191918	0.000504414364113791	0.00281837369867846
"ENSG00000166979"	339.114177742454	-0.236678759225305	0.000769389432130484	0.00387236850738656
"ENSG00000180370"	945.807615028763	-0.236726648692938	0.000290489969813289	0.00187765822395649
"ENSG00000125779"	926.346988675034	-0.237076425819412	7.33785465919475e-05	0.000699758959826699
"ENSG00000001167"	266.819749239789	-0.237163831650766	0.00124331473426143	0.00553504705039003
"ENSG00000119537"	965.531000854355	-0.237686044109103	0.000464674609716791	0.00266259788850037
"ENSG00000176783"	715.33511777145	-0.237994194128066	1.76401830537662e-07	2.02820420927903e-05
"ENSG00000167978"	11689.3120838828	-0.238158316308441	3.22746983242623e-06	0.000100822933903302
"ENSG00000186001"	1079.62638232317	-0.238614145676436	1.77232466594285e-05	0.000275156839163149
"ENSG00000130717"	1089.63210097224	-0.238653463624526	3.83255890078873e-05	0.000447829014691906
"ENSG00000172159"	177.057184230365	-0.239077570295872	0.00151196392699072	0.0064038964260067
"ENSG00000135525"	1249.19465216056	-0.239197490015554	1.39600354917096e-05	0.000236742946718028
"ENSG00000136044"	680.779045540402	-0.239291889548912	0.00198333295675072	0.00785168127519553
"ENSG00000158458"	227.014413206325	-0.240182213871128	5.94703214809532e-05	0.000603219000384
"ENSG00000197724"	941.926392105135	-0.240381536518051	2.437758934447e-06	8.79527906328516e-05
"ENSG00000179532"	478.951195099606	-0.240484327414437	0.00100249726113409	0.00473675140156493
"ENSG00000166987"	539.609988150289	-0.240729719421923	0.000392732730004641	0.00233509792109495
"ENSG00000185670"	230.811515557416	-0.240768304745451	0.000961464399147479	0.00459585856776605
"ENSG00000277258"	470.438795751005	-0.241311181845878	8.19998612971362e-05	0.000756411367903326
"ENSG00000174032"	191.347436341213	-0.241396816302578	0.00142821406075398	0.00613828929532042
"ENSG00000164190"	963.39575682785	-0.241601629562545	0.000397224394736837	0.00235773224365696
"ENSG00000013441"	2182.32902929419	-0.241990133299525	0.00217485321612045	0.0084070737309711
"ENSG00000198917"	777.22929706837	-0.242259570935939	6.12742764285422e-05	0.000613205883816568
"ENSG00000124795"	975.377386568489	-0.242826321122418	0.000427352536245517	0.00249018930480504
"ENSG00000104998"	165.433930113911	-0.242836824453404	0.000368539912244675	0.00222976362371444
"ENSG00000165115"	87.740285602233	-0.242964338873533	0.00180607502006375	0.00730450406963281
"ENSG00000130475"	1040.18399964702	-0.243196404237247	0.000128079342136964	0.00103649728077272
"ENSG00000078687"	2328.10775655105	-0.243246641507353	0.000329115607042755	0.00205404892821862
"ENSG00000154832"	1245.98622192489	-0.243659946128781	1.76270620371139e-05	0.000274335098413058
"ENSG00000095794"	444.273475258024	-0.243916401856263	0.000779500323247284	0.00390726239489094
"ENSG00000175970"	419.752999844891	-0.244032588453081	0.00143839402045757	0.00617125530262618
"ENSG00000250130"	63.9047616745807	-0.244102009890455	0.00125653959300596	0.0055775476917191
"ENSG00000108604"	629.152400033447	-0.244646010192959	0.000229342275301467	0.001582866313057
"ENSG00000106346"	601.146742242806	-0.244765209967216	0.000515167135705112	0.00285741032776816
"ENSG00000095383"	248.065189759374	-0.244945979055194	0.000940128238523293	0.0045164463772541
"ENSG00000149150"	163.869361748402	-0.245304163522797	0.000302707584426118	0.001936271144826
"ENSG00000213563"	467.471202157349	-0.245995867173889	0.00212798122477783	0.00827025080652536
"ENSG00000113657"	1958.69973356859	-0.246225499527524	0.00130242077432093	0.00572632663815737
"ENSG00000256683"	162.313405292365	-0.246638010506008	7.03079216268207e-05	0.000678592172613582
"ENSG00000111642"	3039.39421159574	-0.246688397134669	1.89927855939586e-07	2.12287544434292e-05
"ENSG00000116473"	864.897439572543	-0.246941586819243	0.00025252595106145	0.0016880501730566
"ENSG00000166224"	752.339420548126	-0.247401983574292	9.18524004396314e-05	0.000820475022712701
"ENSG00000187049"	236.304239866164	-0.247431797206673	0.00166489450216231	0.0068707334130232
"ENSG00000257093"	945.584544031927	-0.247693775058848	0.00115044803019096	0.00523187898115641
"ENSG00000156958"	209.313498911675	-0.247804026623658	0.0014321422387714	0.00615363563553972
"ENSG00000145014"	425.821342383977	-0.248030637833966	0.000316531996344591	0.00199650613890782
"ENSG00000106948"	409.11353685519	-0.248126541843946	5.57432986958661e-05	0.000574900779180313
"ENSG00000146215"	136.451995344716	-0.248230980426023	0.00186182965100399	0.00748252948464434
"ENSG00000068028"	417.220169970606	-0.248800687852532	0.000264974131749043	0.00174884958964581
"ENSG00000076928"	1511.34794929487	-0.24926693405438	0.00104954315807177	0.00489322491329613
"ENSG00000237441"	956.794794986063	-0.249585152194419	0.000475839879061732	0.00270854227456666
"ENSG00000075407"	927.878652965375	-0.249993527795083	0.000881515260373296	0.00429115446176627
"ENSG00000198324"	211.847115936265	-0.250056585283511	9.08499234212763e-05	0.000814172694220813
"ENSG00000235173"	253.692914879684	-0.2501520854678	0.000979674315047554	0.00465961149071941
"ENSG00000166272"	853.609090734662	-0.251181170664814	5.09816400714052e-06	0.000133772404047119
"ENSG00000120647"	112.571496058117	-0.251679919223884	0.000235967245260697	0.00161306759041794
"ENSG00000180357"	1127.1154022896	-0.251702719979859	1.38831443596577e-07	1.80034511905653e-05
"ENSG00000181090"	1036.17333089765	-0.252226112459887	2.96163731149634e-05	0.00037902351704674
"ENSG00000189077"	722.518892726574	-0.25284291652244	0.000351178688939072	0.00216118654726787
"ENSG00000142039"	447.470949451	-0.252968418236501	2.57320770885368e-05	0.000345496289333061
"ENSG00000118960"	351.491614629655	-0.253164622281463	0.000955307261800546	0.00457277638970323
"ENSG00000101972"	928.275686659504	-0.253333806149244	0.000788867567987154	0.00393816051269225
"ENSG00000131044"	81.9348080931314	-0.253505384519142	0.00172388418485207	0.00705637284013364
"ENSG00000171161"	480.096737485938	-0.253708620524337	0.000204083764959607	0.00145341077627212
"ENSG00000196576"	2260.29767696591	-0.253802908511678	3.62210801965361e-05	0.000431469517939775
"ENSG00000104915"	777.257517070141	-0.253835825409584	7.92410140723289e-05	0.000738902883633034
"ENSG00000178852"	146.475001549978	-0.254018938075978	0.000713911499403869	0.00364537485589997
"ENSG00000103202"	1162.59264079714	-0.254896740480436	0.000664597653701936	0.00344777559167312
"ENSG00000140455"	193.862401560947	-0.255200471870778	0.00113711095091381	0.00518722845521916
"ENSG00000144043"	709.416796170391	-0.255491935745149	0.000779301631660669	0.00390726239489094
"ENSG00000257365"	201.169580782978	-0.255683601539101	0.000179714859722598	0.00132537784079052
"ENSG00000246379"	54.6792212502514	-0.25576416664842	0.00179666053112301	0.00727517241779693
"ENSG00000183386"	195.535625650399	-0.255980555869103	7.35254830631122e-06	0.000165648094623144
"ENSG00000180834"	855.880346808775	-0.256544236643454	9.65507524159764e-05	0.000846195570945113
"ENSG00000157514"	2045.54637151807	-0.25675268628289	0.00187349653895543	0.00751731630240465
"ENSG00000066468"	1529.37801988389	-0.258460655447107	0.00255548081778238	0.00948689754116902
"ENSG00000225313"	57.3880914903726	-0.258545688064547	0.000383399969426398	0.00228935988245235
"ENSG00000185340"	1792.24107831979	-0.258562145667119	0.00160041951924476	0.00666860837200679
"ENSG00000109320"	297.003166135919	-0.258764382544106	0.00111119471167866	0.00510053188589995
"ENSG00000079462"	433.398880784272	-0.258813684826225	0.000640744787799602	0.00335453124820522
"ENSG00000176658"	317.127601565523	-0.259330355220044	0.000445189574145019	0.00256718530645166
"ENSG00000168310"	306.806315526988	-0.259893389242328	0.000122790081139931	0.00100557011945583
"ENSG00000100926"	53.0154681361984	-0.261114404108443	0.000963038906129254	0.00460082950075017
"ENSG00000171858"	4235.95476999085	-0.261231113504835	0.00255566977856276	0.00948689754116902
"ENSG00000236609"	1035.27403629048	-0.261480998565623	0.000213915562592886	0.00150783316089736
"ENSG00000111266"	487.183209246065	-0.26184317126204	7.09894231927398e-05	0.000683794595084852
"ENSG00000173327"	1372.70074109414	-0.262747557240542	0.00087268246711767	0.00425658353825346
"ENSG00000186153"	349.912105330609	-0.262780583548994	0.000203349211296976	0.00145058017988182
"ENSG00000176476"	215.003017077124	-0.262983259108269	0.000136572842540818	0.00108784282214488
"ENSG00000066084"	1205.35078263358	-0.264032504033424	4.65457071383681e-05	0.000511289889580555
"ENSG00000130522"	7271.70597819147	-0.264459594720135	0.0012744523627792	0.00563792046273921
"ENSG00000005483"	3652.9274689634	-0.264737896858242	0.00039819168859737	0.00236160353726307
"ENSG00000090661"	1024.13661131142	-0.264825812973231	0.000168248903856184	0.00126521117609283
"ENSG00000280328"	142.576573659913	-0.264942704692945	0.00238473415028035	0.00899638204545536
"ENSG00000085063"	3755.14817640748	-0.26543467775257	0.00170443983322447	0.00700150373014963
"ENSG00000125885"	144.614990160845	-0.265506282195997	0.00244715427229315	0.00917509616401265
"ENSG00000159658"	1461.99409043377	-0.265608647772045	0.000710020659129601	0.00362981455467711
"ENSG00000177595"	1018.55729349747	-0.265713575560727	0.00237016931798778	0.00895310318929644
"ENSG00000229127"	28.6291200272383	-0.265813925546822	0.00175685936780824	0.00715759060309661
"ENSG00000175309"	876.590555263505	-0.265869103981895	0.000250384569062743	0.00168092886402514
"ENSG00000120833"	108.803743220207	-0.265927324982647	0.000321249608805581	0.00201915204250473
"ENSG00000172819"	227.909070529621	-0.26604816771572	0.000503505835227912	0.00281757020213851
"ENSG00000005889"	423.389679995271	-0.266406479642088	0.00230372523470093	0.00878158917461503
"ENSG00000198792"	2787.98745137042	-0.266699456310126	0.000123708400153599	0.0010103680424098
"ENSG00000101236"	1466.15980897526	-0.266735668002334	5.05822887351219e-05	0.000538782757424291
"ENSG00000073417"	593.062650179851	-0.266949175940036	0.00245190103100927	0.0091868899535835
"ENSG00000176371"	67.2901155254807	-0.267132708174361	0.000263037274087824	0.00173873294887623
"ENSG00000048649"	2800.87435821468	-0.267368762866751	0.00189674486683131	0.0075856573867954
"ENSG00000071246"	542.117862326719	-0.267519313586641	0.00261355896002768	0.00965804860003358
"ENSG00000168566"	283.168361239966	-0.267520229613474	0.00246432604653971	0.00922076619420241
"ENSG00000114268"	195.395958936375	-0.267598790214285	0.000141815353530492	0.00111924240271451
"ENSG00000227036"	190.059130523029	-0.26784911710986	0.00054905273002725	0.00299005940435134
"ENSG00000185437"	239.685578828115	-0.267918454119161	0.00107550990585775	0.00498481323818361
"ENSG00000136861"	836.680487259266	-0.267938328257277	1.9464283702457e-05	0.000290832218203466
"ENSG00000169660"	657.712816974797	-0.268212188381602	7.4569345108858e-05	0.000708489646160642
"ENSG00000108262"	5687.9453478376	-0.269122212814561	3.77356387486538e-05	0.000443984255294955
"ENSG00000269190"	345.059796236014	-0.269191217390965	0.000504916142009928	0.00281904688693379
"ENSG00000155363"	458.099504025572	-0.270103033033823	0.00237082035303911	0.00895325378167225
"ENSG00000123595"	258.440276473013	-0.27092172854278	0.000379184872214831	0.00227339226939529
"ENSG00000115307"	1629.12707156749	-0.271349450347685	0.000911759284276418	0.00440598331281583
"ENSG00000100364"	9100.75064619133	-0.271635397448791	0.000317109033968153	0.00199868099659239
"ENSG00000204070"	342.222103910623	-0.271875709302411	1.31007947681362e-05	0.000228938051110586
"ENSG00000113645"	1372.20208730835	-0.271913352949303	0.000270367095650267	0.00177627294416891
"ENSG00000179195"	1815.3970368047	-0.272606416063961	0.000307845454653705	0.00195708451366209
"ENSG00000205129"	59.27340351196	-0.273749568896865	0.00210522335993154	0.0082096079960357
"ENSG00000175782"	1263.45998666066	-0.273960938219004	0.0023702088453876	0.00895310318929644
"ENSG00000160285"	2083.64089857576	-0.274054169838717	0.000400961239782084	0.00237499856172368
"ENSG00000172671"	73.3115919774906	-0.274098614987095	0.00133247429102824	0.00581737103456067
"ENSG00000104885"	678.193548332646	-0.274257654964132	0.00229013688430804	0.00875224826589572
"ENSG00000112977"	620.087305257383	-0.274670957047577	0.000146010835606117	0.00114552621389612
"ENSG00000273893"	39.1268426918498	-0.275413677219394	0.000327483584059592	0.00204460461821464
"ENSG00000187105"	173.529341797162	-0.275863118080355	0.000314171735810985	0.00198598534282574
"ENSG00000070371"	186.992582986597	-0.27605777813124	0.000588581123645604	0.00314542353908502
"ENSG00000153896"	68.1222565804256	-0.276309342737997	0.00258659322323819	0.00957896496376914
"ENSG00000092421"	871.602258060161	-0.276818180122029	0.000161404388259022	0.00122551995372852
"ENSG00000244055"	51.3468189747234	-0.276830990240591	0.000523488944602002	0.00288900775999816
"ENSG00000071655"	1711.59697826844	-0.27693252739938	0.00185564505589298	0.00746115822169723
"ENSG00000225855"	181.098006273263	-0.277311172368778	0.00147161508876961	0.00627468677805087
"ENSG00000179361"	111.802263826656	-0.278040711541288	2.55346134918661e-05	0.0003436491806376
"ENSG00000107815"	127.665432752094	-0.278403332608071	0.000137523384325034	0.00109389557041904
"ENSG00000138867"	625.501616086448	-0.279057896219424	5.63626289906151e-05	0.000579579284517895
"ENSG00000072501"	893.459255720208	-0.279118197138906	7.17999953460068e-06	0.000163540298151097
"ENSG00000165389"	404.634472315935	-0.279411328278562	0.000409906378901696	0.00241303642272055
"ENSG00000185519"	243.612989252294	-0.279500878942257	0.00179726625956609	0.00727571592801295
"ENSG00000127914"	3586.31309621505	-0.279722531833369	0.00141509346833016	0.00609254724121239
"ENSG00000122257"	2279.4049187952	-0.27990762136117	0.00115639996369982	0.00525062320632157
"ENSG00000101665"	372.506012955421	-0.280187641725404	0.000238511873728431	0.0016246556717402
"ENSG00000119720"	742.576959764178	-0.280667812158193	0.00108552790178741	0.00501516011765949
"ENSG00000150510"	470.352992699039	-0.280716007754765	2.21588822996428e-05	0.000313926618126545
"ENSG00000169813"	870.414249827155	-0.280727038127226	0.00131326103147275	0.00575781001903732
"ENSG00000170271"	997.528035599492	-0.280741282840002	0.00199956542046807	0.00789959136619621
"ENSG00000168214"	1990.05939177997	-0.28079087418438	0.000113364570453446	0.000952701924968252
"ENSG00000138193"	398.000020065226	-0.280826385548318	0.00273160956931034	0.00999132926403293
"ENSG00000134324"	2188.09332294011	-0.281160683090642	0.00018009266921259	0.00132657590086681
"ENSG00000065413"	316.364551666932	-0.281259834391012	0.000255335276005709	0.00170022673341829
"ENSG00000116679"	1037.67789743129	-0.281291770170892	0.00079414326477831	0.00395646541725877
"ENSG00000132846"	166.084725830454	-0.281396362858275	0.000142573487992412	0.00112368015055558
"ENSG00000040531"	288.405990465934	-0.281418822481633	0.000121328160435165	0.000997336019852195
"ENSG00000165886"	357.769855051581	-0.281440642042796	0.00117424924577091	0.00530798473227138
"ENSG00000198546"	164.713596266705	-0.281898289089297	0.000365747897706503	0.002220848532862
"ENSG00000143375"	176.724921702936	-0.281937630725421	0.000120325983396332	0.000991940206992843
"ENSG00000277476"	155.772888929891	-0.282173157459372	9.8155490626531e-05	0.000855807025269464
"ENSG00000185674"	53.6941406876945	-0.282277719292869	0.00141471196866372	0.00609242860060261
"ENSG00000011304"	1079.19439465644	-0.282683281471886	3.53052567148587e-05	0.00042524006891667
"ENSG00000241288"	317.618361360067	-0.282710591358492	0.00243933285209258	0.00915175160921307
"ENSG00000105810"	246.969715245676	-0.282875950811463	0.000335115708706236	0.00208226137437913
"ENSG00000137509"	930.640539329511	-0.282913655426186	0.00219897509362113	0.00848105720064992
"ENSG00000105229"	927.297821906337	-0.284071974943276	8.60702887742196e-05	0.000783877185540022
"ENSG00000273302"	75.4855435518754	-0.284243817469895	0.00236066770633621	0.00893091718286894
"ENSG00000234160"	73.1324441510297	-0.2842646315332	0.00110733262747026	0.00509094992431775
"ENSG00000169554"	2654.02607744573	-0.284268032541583	7.90116475840266e-05	0.000738342828373425
"ENSG00000125457"	188.188037391862	-0.284388991124301	5.97574330536589e-05	0.000605405755435004
"ENSG00000130702"	2323.64324942087	-0.284445907128003	0.00171283549174331	0.007028137620829
"ENSG00000269352"	45.5458665020534	-0.284474697873883	0.000491177165599856	0.00276550214947694
"ENSG00000196159"	97.0108697853525	-0.284526694067159	0.00245563300228367	0.00919686920546318
"ENSG00000124181"	2909.67770330196	-0.284745447437547	2.27419321123997e-05	0.000319633591073776
"ENSG00000106246"	60.2821918929492	-0.285009607594502	0.000655429474159772	0.00341358775755284
"ENSG00000099331"	1921.22271613351	-0.285440494918329	3.71868859790479e-06	0.00010931631786621
"ENSG00000131446"	1515.48126760155	-0.285541843197099	1.11331554596083e-05	0.000209437163853812
"ENSG00000112309"	243.886995310547	-0.285760914307846	0.0021239855428668	0.00826031702425808
"ENSG00000179406"	340.917289452786	-0.286322382709489	0.00111632602287816	0.00511537007365297
"ENSG00000115825"	313.237133396343	-0.286379657819637	0.0010719729352002	0.00497397800237116
"ENSG00000273308"	64.9733975413479	-0.286569378953629	0.00256636608814128	0.00952044385240857
"ENSG00000061936"	2031.03373189687	-0.286851917515093	6.46387972050116e-06	0.000154531613373592
"ENSG00000103653"	826.271479516966	-0.286961739645999	2.80570100696773e-06	9.40264899082457e-05
"ENSG00000149289"	228.911744296421	-0.287555216336424	0.00163106679073666	0.00676682397419864
"ENSG00000253106"	139.30180828858	-0.287710975533161	0.00136774627445982	0.0059437052820694
"ENSG00000281332"	86.595071998371	-0.28806025358252	0.00149531957635709	0.00635058866711933
"ENSG00000078061"	385.652121723693	-0.289041936793714	4.95459077484158e-05	0.000531360567023976
"ENSG00000187699"	142.512232687464	-0.289289789304617	0.000155533869222655	0.00119541648287688
"ENSG00000188786"	531.886622522922	-0.289325559800544	1.60692296448459e-07	1.96169964451584e-05
"ENSG00000157399"	60.8394079160438	-0.289486414055821	0.000538865985831797	0.00295022271441562
"ENSG00000169925"	1284.13695368096	-0.289715082645458	1.26145920819715e-06	5.90040688877653e-05
"ENSG00000054654"	625.713496587724	-0.290358280478073	0.000355941544434065	0.00218036363143899
"ENSG00000067177"	223.50866323455	-0.290480207870238	0.00214576637376665	0.00832808942314437
"ENSG00000028277"	758.224350181587	-0.290651802015419	0.00206996389628421	0.00811069623190078
"ENSG00000100075"	856.666729643298	-0.290799206741232	0.00225850186860725	0.00865440620310255
"ENSG00000102935"	574.251833437679	-0.290960401171272	0.00119109438982668	0.00536008045283312
"ENSG00000120594"	514.404007239078	-0.291173089109961	6.66972818125231e-05	0.00065212881371914
"ENSG00000053702"	343.324030845781	-0.291185588054379	0.00171560259480314	0.00703278577383817
"ENSG00000129675"	704.181960297631	-0.291250324403891	0.00107008078016926	0.00496878890451941
"ENSG00000011114"	486.991248814628	-0.291662516188877	2.45197992912642e-05	0.000335233761080644
"ENSG00000205763"	570.513414103303	-0.291874637391502	0.00271611656186473	0.00994734348497394
"ENSG00000100227"	1298.16340128004	-0.292547706776564	5.37301076452904e-05	0.000561199237195621
"ENSG00000139668"	565.222163889669	-0.292970414934039	0.000134574659294874	0.00107441262079901
"ENSG00000185129"	3801.37544719508	-0.293039159153075	0.000473765191603622	0.00270119915305503
"ENSG00000137776"	2097.12906141911	-0.293042026559567	1.39240607172563e-05	0.000236365736810781
"ENSG00000163235"	150.218518947852	-0.293653833915299	0.000792382079559127	0.00394997762393607
"ENSG00000149634"	61.484890203687	-0.293735593424808	0.000200042015751611	0.00143173522541891
"ENSG00000258682"	77.6517727734886	-0.293781864504718	0.00210398975367556	0.00820851668858056
"ENSG00000196812"	38.4285432214747	-0.293785085470913	0.000554300216752682	0.00301268381148213
"ENSG00000174628"	113.032996924395	-0.293786220765584	5.16220396374385e-05	0.000546812411248757
"ENSG00000167173"	119.58786995157	-0.293874732435774	0.00231488816143759	0.00881357441336544
"ENSG00000070778"	276.05453894702	-0.29405427076547	4.83683797179218e-05	0.000523457671420182
"ENSG00000250571"	389.145814033346	-0.294438498060909	0.000582778430965011	0.00312309001625179
"ENSG00000174498"	249.435006648013	-0.294490466473007	0.000447567091253115	0.00257830399656622
"ENSG00000182372"	802.964129762849	-0.29451478717075	1.81689872807075e-05	0.000277607059850671
"ENSG00000125871"	122.63469177473	-0.294884056983948	0.00173829321058208	0.00709202205113754
"ENSG00000117523"	6182.42818270943	-0.294922017361843	0.0014349214454255	0.00616096354205767
"ENSG00000238105"	132.575915317102	-0.295305507461009	0.000608735555714563	0.00321914324939203
"ENSG00000197956"	2160.57916118594	-0.295308199212097	5.81256963903971e-05	0.000594445741737843
"ENSG00000168916"	406.15174308637	-0.295358307797594	7.52722908872871e-05	0.000712668198361549
"ENSG00000185920"	563.107435974465	-0.29544525962452	0.00211581550888025	0.00823226319040589
"ENSG00000203709"	752.640550649052	-0.295500382526579	0.000694297605834015	0.00356957726679238
"ENSG00000246451"	337.87816232321	-0.29574251648272	0.00196357566116498	0.00779318142855264
"ENSG00000249898"	81.3578362385131	-0.296067704417536	0.00103541534105746	0.00484297405297493
"ENSG00000127328"	1119.4487449006	-0.296764410642129	0.000223597853665199	0.00155632424388964
"ENSG00000137936"	297.215161361117	-0.296853330082073	0.00266211273890301	0.00980799370178456
"ENSG00000164300"	786.672117966184	-0.297050497972033	0.000657336736288251	0.00342041633667765
"ENSG00000119632"	856.860730107996	-0.297353557583329	0.000470613492763232	0.00268946548835774
"ENSG00000140577"	627.801224737073	-0.297600333543372	2.766750902413e-08	6.349877771098e-06
"ENSG00000058866"	702.186171087275	-0.297822271122144	4.41302410379399e-05	0.000492296720016889
"ENSG00000257122"	289.96097067297	-0.297896128052347	0.00101781651125119	0.00478777471928758
"ENSG00000104365"	694.678931144075	-0.297896508789306	5.29597083843727e-06	0.000137288472954851
"ENSG00000126653"	1044.20237148822	-0.298056394859848	0.00163078195920617	0.00676682397419864
"ENSG00000153922"	553.692960252741	-0.298626928833148	0.00134837173886247	0.00587136927423215
"ENSG00000172493"	600.644631450067	-0.298974680744912	0.000335080454335856	0.00208226137437913
"ENSG00000233009"	31.1975784187854	-0.299503385844867	0.00122066727359443	0.00545749241048856
"ENSG00000067141"	1664.29990319647	-0.299698670799077	0.000228361767661703	0.0015786555193258
"ENSG00000133639"	707.098684931493	-0.299830707649781	0.00249883311474457	0.00932619566437517
"ENSG00000074416"	7453.46929960654	-0.300124765700155	0.000372871010827289	0.00224570633637863
"ENSG00000115183"	288.900938554654	-0.30060858421633	0.00179390826279187	0.00726724945338585
"ENSG00000104067"	2461.5592840861	-0.301021611549621	0.000153773742002526	0.00118642197269811
"ENSG00000172725"	706.971973959613	-0.30115058430352	2.58313192849035e-05	0.000346288550507044
"ENSG00000163297"	76.3793837087905	-0.301855586068854	0.00212874461007323	0.008271350106815
"ENSG00000178935"	165.203959022771	-0.302264738885345	0.00170273806294694	0.00699671288553488
"ENSG00000144857"	249.270722350563	-0.30249688545795	0.00253087559572177	0.00942534868653372
"ENSG00000246705"	93.6393435721412	-0.302539770629025	0.00203815528667794	0.00801525404377141
"ENSG00000083168"	859.218693240361	-0.302822962259266	1.65697295345072e-05	0.000262906821118993
"ENSG00000236526"	25.5289389842321	-0.303039028692247	0.00256450399546306	0.009515586823433
"ENSG00000184014"	2188.05226628176	-0.303106153213992	2.13708383004503e-05	0.000307572106743855
"ENSG00000146409"	837.762101741012	-0.303865827994934	0.00178819437119855	0.00725092808278932
"ENSG00000151726"	592.639846434926	-0.303899849549346	0.00050454360299133	0.00281837369867846
"ENSG00000116525"	236.048076249152	-0.303971981761146	2.15235391745505e-05	0.000308994728783602
"ENSG00000273247"	287.622852435089	-0.30407269405024	0.00270570717163675	0.00992400118162868
"ENSG00000102547"	1073.7814025291	-0.304374905199745	0.000251704816872567	0.00168583463534144
"ENSG00000256762"	41.0629575128757	-0.304471372252198	0.001030098188029	0.00482478370354916
"ENSG00000144671"	75.1682363245593	-0.305623099887167	0.0021398459553444	0.00831260853742792
"ENSG00000183354"	2214.09700715227	-0.306712002974938	0.000185455896096928	0.00135667332746129
"ENSG00000138434"	1840.19833802697	-0.306740686939638	5.46132581100527e-05	0.000567571547316078
"ENSG00000196968"	524.77941316901	-0.307200152349641	3.50042409229898e-05	0.000422530153581643
"ENSG00000128585"	788.377150323631	-0.307272177323954	0.000430547228094134	0.00250456554146141
"ENSG00000141639"	1879.38098991249	-0.30756891002755	0.00176987986253291	0.0071970097032315
"ENSG00000104774"	377.420227235849	-0.30775343018393	0.000814532270286625	0.00403236812437264
"ENSG00000204366"	122.885673431004	-0.308144765839295	0.000228365319416793	0.0015786555193258
"ENSG00000004534"	3024.13765966071	-0.308229939005791	4.58350657767559e-06	0.000123082525306599
"ENSG00000234062"	37.0716009001017	-0.308276643460565	0.00113482986930837	0.00518001234166134
"ENSG00000119943"	202.198636392553	-0.308384879173626	0.000491498934458856	0.0027656656289115
"ENSG00000159792"	247.863667808458	-0.308511762390801	0.000418080507198152	0.00244975442449827
"ENSG00000120306"	850.085079896248	-0.308817369802025	7.85860147823541e-05	0.000735594392669301
"ENSG00000114353"	4897.86964864981	-0.308844314477613	2.05638829017591e-05	0.000301504358081755
"ENSG00000104859"	1796.00919415775	-0.308849163794976	3.37362420984871e-06	0.000102818655173742
"ENSG00000100330"	297.272248030549	-0.308876284531814	0.000372729285083675	0.00224570633637863
"ENSG00000165632"	922.514442930326	-0.308934213225267	0.000375101390375686	0.00225646951265051
"ENSG00000237938"	54.4763711236961	-0.309231803440123	0.000378478924993969	0.00226995043063456
"ENSG00000132781"	314.481802232069	-0.309387336917998	1.87218133543196e-06	7.35750167278319e-05
"ENSG00000135365"	1148.49964635889	-0.309466273970716	1.28369464012856e-07	1.73303270767161e-05
"ENSG00000168003"	2573.43808805397	-0.309484828654413	5.85442868450555e-05	0.000596992185701387
"ENSG00000226029"	271.494344666415	-0.30958457987697	0.000868222199414808	0.00424083675327102
"ENSG00000131899"	1553.83519681474	-0.309685387568988	0.000480512380047684	0.00272432793075124
"ENSG00000104472"	270.741223577436	-0.309991464949546	0.00243187896881278	0.00913174796906072
"ENSG00000188994"	1395.8661009239	-0.310321152670212	0.00143593489914264	0.00616243603458794
"ENSG00000172081"	720.47366843416	-0.310382585518873	0.00210970058947782	0.00821961888788632
"ENSG00000270728"	80.6856968137417	-0.310413138024081	0.00128521291475403	0.0056738573741116
"ENSG00000115318"	95.6148692494256	-0.311071655895056	0.00045664718955957	0.00262096301230039
"ENSG00000187514"	9609.56545459911	-0.311185896751328	3.07871596005073e-05	0.000388803652387037
"ENSG00000123933"	2593.96257679645	-0.31154071333305	0.000678304955708965	0.00350410060102593
"ENSG00000154380"	1966.17050019439	-0.311786960985106	0.00120047442749424	0.00539523924816146
"ENSG00000182158"	235.74303546069	-0.311912856823505	0.000282866739459967	0.00184152238514539
"ENSG00000078549"	2900.27559567154	-0.312537296483256	0.000307616010528335	0.00195676067598826
"ENSG00000161912"	257.968863980426	-0.312794404545105	0.000396683511487012	0.00235533400594203
"ENSG00000115282"	250.444538467461	-0.312917886850802	1.63240104274326e-08	4.41126353299871e-06
"ENSG00000166263"	94.9435240559405	-0.31297651066456	0.000679161882397919	0.003505845357514
"ENSG00000082196"	61.4124661008958	-0.313017756545341	0.00118546597777701	0.00534198204409746
"ENSG00000161642"	2680.26226735717	-0.314094673145635	6.87794506934733e-05	0.000666986301288314
"ENSG00000142733"	563.275279023089	-0.31409873852094	0.000480391076012315	0.00272432793075124
"ENSG00000160783"	203.716146247995	-0.31443137123111	0.000636696667287729	0.0033392625636879
"ENSG00000116786"	6844.01914665945	-0.314504704200591	5.46345937202778e-05	0.000567571547316078
"ENSG00000242085"	66.6774196103695	-0.314720560604398	0.0016049493030207	0.00668424687948107
"ENSG00000176463"	686.149748591281	-0.314871506403623	1.29405760005323e-07	1.73303270767161e-05
"ENSG00000101104"	199.590082925349	-0.31503664179039	6.16599236058998e-06	0.000150639268852182
"ENSG00000108679"	1067.58381553012	-0.315787978006935	0.000911475055431803	0.0044058467085503
"ENSG00000131873"	400.983529037393	-0.315981653923187	0.000536398254201933	0.00293858152437233
"ENSG00000267710"	42.9223398147355	-0.316292874432051	0.00152376784180095	0.00644437736140533
"ENSG00000126016"	1288.5211603503	-0.316426704672338	0.00128691677358626	0.00567846665566273
"ENSG00000171621"	229.065410786426	-0.316579002924894	0.00105903348752946	0.00492812744548381
"ENSG00000138376"	66.6881793541583	-0.317275147455477	0.00155027352138389	0.00653240100944452
"ENSG00000228395"	49.2425236110409	-0.31730001141511	0.000323831881485661	0.00202768940560665
"ENSG00000107331"	12051.6416354861	-0.317327598497364	0.000484768230961072	0.00274213459071079
"ENSG00000106665"	5422.4851903995	-0.317386523274476	9.60322632487852e-09	3.11887424019121e-06
"ENSG00000157827"	2755.9532808477	-0.317838869328215	0.00026255505822333	0.00173687940707079
"ENSG00000145685"	267.093430782544	-0.317931570034388	0.00166012078225978	0.00686584791567456
"ENSG00000109458"	649.038561573009	-0.318035698119664	0.000265863136387364	0.0017533724776382
"ENSG00000180900"	2650.45088403533	-0.319096493818215	0.000531567371950493	0.00291954983196676
"ENSG00000189319"	1230.36659758047	-0.319101655183594	3.04471591613118e-06	9.7595335315393e-05
"ENSG00000162433"	1136.91822032486	-0.3192091920795	0.000800445295303286	0.0039820996728484
"ENSG00000272953"	50.7889399731433	-0.319244573490717	0.00251249533503551	0.00937044116798504
"ENSG00000241852"	98.8566129883424	-0.319921217996677	0.000678830950937495	0.00350576572411854
"ENSG00000141401"	199.891040315342	-0.320937002854347	0.00109436322279793	0.00505020754799483
"ENSG00000125434"	58.1450805622469	-0.32113465631978	0.00139658793499282	0.00603400304343158
"ENSG00000179094"	2010.07284796923	-0.321152913188486	0.000694259700031059	0.00356957726679238
"ENSG00000167081"	141.067644516291	-0.321186136589895	0.000173472350116855	0.0012937753746136
"ENSG00000079435"	433.120345603906	-0.321884871680092	0.000203236487564867	0.00145037713949173
"ENSG00000269343"	112.472752946409	-0.322903133598372	8.84230304430689e-05	0.000799513355265148
"ENSG00000213889"	65.8590806907653	-0.323294687971065	0.00111680478340718	0.00511537007365297
"ENSG00000173511"	1698.37571741249	-0.323301558055888	0.000228633814524399	0.00157987709731372
"ENSG00000185864"	258.896967967331	-0.323367914271036	0.000352116348787348	0.00216386244615374
"ENSG00000141905"	6269.34555594751	-0.323593062618385	1.25843754283277e-05	0.000224704205651249
"ENSG00000137710"	1728.7688085031	-0.324109062380479	0.00018957491071886	0.00137802066647117
"ENSG00000183773"	2064.81135844198	-0.324350501653653	0.00031112951251055	0.00197254964966634
"ENSG00000136114"	226.215986220575	-0.324373461066777	0.000411180215257192	0.0024180490103837
"ENSG00000129657"	3036.67087570996	-0.324495323533678	1.06191554801275e-05	0.000205511427209128
"ENSG00000168890"	285.126127122322	-0.324661722591927	5.36658714037312e-05	0.000561199237195621
"ENSG00000106829"	607.936920255097	-0.324815691302079	2.17641722556727e-07	2.31624668076299e-05
"ENSG00000136518"	104.56125450128	-0.325139102684251	0.00121730336855365	0.00544811307408061
"ENSG00000053254"	714.770084944557	-0.325176679986836	2.48076460153565e-05	0.0003371165870017
"ENSG00000087076"	490.967918883584	-0.325329235032664	1.28451168078953e-05	0.000225885303428629
"ENSG00000152457"	214.683184457715	-0.325450753688416	0.000208218923926462	0.00147807961766053
"ENSG00000107338"	100.687834036338	-0.325497992040475	0.0024573775158582	0.00920140073536375
"ENSG00000248593"	161.950605038706	-0.325671647495328	3.15414326131319e-05	0.000396004872042187
"ENSG00000147127"	82.0156887315163	-0.325808744918237	0.00193153865914086	0.00770333061626311
"ENSG00000276698"	60.9530153234356	-0.326200828658937	0.000299929353584508	0.00192350371209021
"ENSG00000127804"	799.408417818486	-0.326384775969301	0.000179057947026201	0.0013222327079202
"ENSG00000111206"	37.6509582450727	-0.326445770633211	0.000849225224119224	0.00416221918643628
"ENSG00000134574"	371.752961724694	-0.326581119740696	0.000420007212228965	0.00245904222588339
"ENSG00000139263"	54.454902720306	-0.326618157492786	0.0023880875823523	0.00900463341840747
"ENSG00000112079"	582.185527060913	-0.326696209246114	1.77853596533433e-05	0.000275156839163149
"ENSG00000234338"	65.3885143335395	-0.326902568921477	0.000377986687826441	0.00226831244063607
"ENSG00000180447"	71.3929220878821	-0.327199711914319	0.00205586291653583	0.00806932426612786
"ENSG00000135929"	644.737219366828	-0.327335569194204	0.000474051919916239	0.00270193897268815
"ENSG00000116661"	5127.36921729764	-0.327467323043562	0.00111336641703215	0.00510777615575012
"ENSG00000157191"	574.907318430197	-0.328141726548064	5.54941397275985e-05	0.00057267423688918
"ENSG00000125676"	1467.5489818529	-0.328252935874409	0.000152316487198849	0.00118110457740843
"ENSG00000113073"	35.7071686035692	-0.328343512537079	4.11957218925493e-05	0.000471873026670739
"ENSG00000047644"	665.85325449625	-0.328457359684833	2.50498861838043e-07	2.49512388745954e-05
"ENSG00000123136"	556.54770114377	-0.32908959012252	7.56856120768403e-08	1.28987766403827e-05
"ENSG00000147437"	46.7718896938265	-0.329391280351629	0.00100369778249338	0.00474112237378115
"ENSG00000143418"	361.665432331666	-0.329546644924428	0.000828515801103523	0.00408572035868446
"ENSG00000172086"	327.278363466184	-0.329899655392332	0.00172985523792343	0.0070693253111054
"ENSG00000186567"	402.082459528773	-0.329940609172698	0.00171414926747042	0.00703017663592286
"ENSG00000272288"	52.33761400211	-0.330533960250376	0.00145802066253912	0.0062368065766118
"ENSG00000101367"	743.044951389447	-0.330896323261077	0.000447930862694869	0.00257953627954727
"ENSG00000085982"	713.663261614663	-0.330959074202435	3.03454146300664e-06	9.7595335315393e-05
"ENSG00000129680"	80.8041952101456	-0.330990216912196	0.00124642815469477	0.00554238656311372
"ENSG00000144909"	364.617743898179	-0.331411072743493	0.000925319125797165	0.00445524982163541
"ENSG00000125844"	1802.23104394601	-0.331525329869245	0.000198843300202654	0.00142680046258275
"ENSG00000134453"	1499.40705880896	-0.331530048955856	7.07364040619053e-06	0.000162561511764696
"ENSG00000103335"	903.329542782771	-0.331551822273299	0.00105009215998323	0.00489445880037673
"ENSG00000116017"	313.595721063962	-0.331566002917857	0.000201257212194387	0.0014386380371686
"ENSG00000196814"	1178.13975537932	-0.331965557531267	1.27866213650261e-06	5.94368909771986e-05
"ENSG00000171105"	1592.70835361881	-0.332332499841561	2.33818326675414e-06	8.56322310013595e-05
"ENSG00000196417"	218.668279612456	-0.332409573474274	0.000204267400643757	0.001453515819463
"ENSG00000076984"	1152.89937625566	-0.332605264786996	5.33457687971596e-05	0.000558880534574259
"ENSG00000165633"	413.740055284471	-0.332991471368926	9.71522102689841e-06	0.000194923549371991
"ENSG00000173928"	34.6011789091625	-0.333019150774081	0.00238808075754545	0.00900463341840747
"ENSG00000196132"	243.379314344437	-0.333104603201387	0.000618460831916448	0.00326051035215247
"ENSG00000178537"	241.800272231941	-0.333145953559657	0.000658193174372291	0.00342176958938999
"ENSG00000260236"	149.354789991666	-0.33321337291699	0.00101086360300905	0.00475960910221885
"ENSG00000124749"	140.027854875813	-0.333530982590724	0.00268199375177945	0.00985171968616723
"ENSG00000113212"	35.8305977959324	-0.333665756250987	0.00134407861374232	0.00585563785835144
"ENSG00000075651"	214.08898200002	-0.334442210286746	0.000521635653089563	0.00288218636701646
"ENSG00000135636"	733.403059003775	-0.33488026844887	0.00042285337218495	0.00246815025277028
"ENSG00000101040"	2604.8830236452	-0.334942354686649	4.21767260091988e-06	0.000116907599294415
"ENSG00000100031"	180.682355660876	-0.335367469485711	0.00034790209697415	0.00214562479226659
"ENSG00000171634"	2557.41723201292	-0.335731896197898	3.59720993984861e-05	0.000429693092953602
"ENSG00000044459"	159.381056152919	-0.335923576916634	0.00205513493391115	0.00806912354411783
"ENSG00000160789"	1242.08700320273	-0.335946885970827	0.000705227623306676	0.00361282234523149
"ENSG00000164161"	363.823852106318	-0.335990368808015	0.00265060013827976	0.00977394605402945
"ENSG00000143110"	188.219382986026	-0.336453899970993	0.00260219027103404	0.00962223440071082
"ENSG00000100802"	90.4778873084831	-0.336459242304841	6.73326097481639e-05	0.00065740000657694
"ENSG00000123427"	53.7942461029406	-0.336624189696408	0.00141279279473048	0.00608766510497675
"ENSG00000079805"	1871.78162028942	-0.336682334927962	1.16393317660021e-07	1.68306555980182e-05
"ENSG00000206053"	204.255111842477	-0.337319950430093	2.63853901215554e-05	0.000350982782196548
"ENSG00000187079"	616.725178621692	-0.337971284095969	0.00170124800944711	0.00699225930912441
"ENSG00000137221"	976.024020657355	-0.338161487449606	3.17189358534064e-05	0.000397306947381067
"ENSG00000198429"	70.6247600268583	-0.338572527186309	0.00013372495579037	0.00107011049001378
"ENSG00000137809"	136.780201807297	-0.338637319681213	0.001438982482404	0.00617224158226265
"ENSG00000119655"	366.02678870323	-0.338834776572355	0.00052752828184205	0.00290199562650917
"ENSG00000182511"	370.358835386151	-0.338855834337855	0.00058859055477795	0.00314542353908502
"ENSG00000108830"	1267.21211361039	-0.339104308526419	3.01718891844616e-07	2.74787687054041e-05
"ENSG00000129521"	611.578028933408	-0.339127141361234	0.000997965777094601	0.00472311930743178
"ENSG00000241990"	35.4240247508666	-0.339142673589189	0.00161921251976666	0.00673712958732017
"ENSG00000107829"	2272.50279413997	-0.339364591741445	0.000155634017203688	0.00119541648287688
"ENSG00000155111"	1017.76001597959	-0.339407041873445	2.83311130153524e-07	2.65034482789815e-05
"ENSG00000161791"	786.77546770773	-0.33945406474747	2.60066613642341e-07	2.52966657200805e-05
"ENSG00000244313"	77.1246572674021	-0.339508776561603	0.00100664386515611	0.00475112718698439
"ENSG00000099338"	191.927272459474	-0.339514001096848	0.000858321859334536	0.00420236537196399
"ENSG00000232907"	26.6217353553928	-0.339538653965127	0.00117612946316861	0.00531357387126542
"ENSG00000183621"	163.550098135674	-0.339800049151816	1.42700820074712e-05	0.000240814629014315
"ENSG00000172893"	940.06307796646	-0.339832720072386	4.84440870604979e-05	0.000523457671420182
"ENSG00000143157"	1175.13999633704	-0.3398483921763	3.34778434334819e-06	0.000102354195207908
"ENSG00000008282"	476.682406998135	-0.339907711968353	0.000491008956994415	0.00276550214947694
"ENSG00000106633"	130.514731159326	-0.340120414317417	0.000196361028238691	0.0014130277504484
"ENSG00000130119"	448.651333459492	-0.340120445767706	0.000241153299094415	0.00163552865930345
"ENSG00000213638"	38.5278837014475	-0.340478038710187	0.00267571925351495	0.00984127254503266
"ENSG00000171310"	477.029280421459	-0.340497769884392	0.000293366320642755	0.00189269658066857
"ENSG00000140479"	290.29599533988	-0.340928613196036	0.000524542355522821	0.00289111353365812
"ENSG00000101868"	161.901419968923	-0.34107396684726	1.53016152572303e-05	0.000251803731761668
"ENSG00000135540"	373.172422380634	-0.341090403337954	0.00208096373504387	0.00814267532878156
"ENSG00000174428"	242.631622322607	-0.341142843937365	0.00240744049104065	0.00906554038838307
"ENSG00000019144"	2633.82002699705	-0.341207429731126	0.000240569074952596	0.00163414186549291
"ENSG00000110057"	302.377449525625	-0.341543267173384	0.000442328499369538	0.00255325300457675
"ENSG00000144283"	3368.4607941653	-0.341742061012721	0.00233037446679372	0.00885100081573705
"ENSG00000132622"	283.066350514618	-0.341796841980651	0.00231652263500161	0.00881589743893052
"ENSG00000100003"	1187.42806459121	-0.342142244587329	0.000303892145795701	0.00194240456946951
"ENSG00000123143"	2072.90351319003	-0.342314355145528	2.08244486431824e-06	7.94792094224166e-05
"ENSG00000230084"	42.0699632132068	-0.342353502691227	0.0018879200944851	0.00756090474322292
"ENSG00000171206"	2540.08174187003	-0.342499087038191	4.35809656353268e-06	0.000119642609486584
"ENSG00000107902"	1599.24618772822	-0.342529203391309	0.000461929306974974	0.00264863063323126
"ENSG00000123080"	226.372842338919	-0.342892440474527	0.000510755806648372	0.00284427036552521
"ENSG00000099385"	265.31097584176	-0.343360058789615	0.000259293918545723	0.00171794696686972
"ENSG00000143570"	666.322787373745	-0.344061944239823	0.00111567117312526	0.00511537007365297
"ENSG00000125734"	827.125400467	-0.344103413973501	3.02645461996857e-06	9.7595335315393e-05
"ENSG00000229180"	631.473776842183	-0.344151069349063	0.000114009028937836	0.000956353516134001
"ENSG00000166845"	54.0815409427404	-0.344336824174155	0.00162034006047483	0.00673932434342563
"ENSG00000166246"	104.060937683282	-0.344340724171244	0.00052069794219136	0.00287821890781627
"ENSG00000165912"	433.843914714428	-0.344622530917425	0.000135900445473775	0.00108379679592372
"ENSG00000182175"	2015.04965727153	-0.344697203376745	0.000406430646340988	0.00239749510468383
"ENSG00000171791"	469.242462773248	-0.344952390072543	0.000289358310982764	0.00187104605820673
"ENSG00000277969"	34.9263872222951	-0.345106099705667	2.46609841651705e-05	0.000336033163396541
"ENSG00000158417"	3758.8493556207	-0.345180624809115	0.00126735396312856	0.0056151772888885
"ENSG00000234899"	83.2134614701971	-0.345219927782595	0.00157668013625847	0.00660004746727068
"ENSG00000250365"	32.9609902847751	-0.345351257093204	0.00221128881180765	0.00851519335965213
"ENSG00000140750"	565.182649910125	-0.345548822295231	8.82384612477653e-08	1.41948470416615e-05
"ENSG00000164638"	989.553626225076	-0.345916134045473	0.000712478688194456	0.00363913817800925
"ENSG00000108848"	8457.07611604879	-0.345978892352281	0.00102928605355698	0.00482360491148277
"ENSG00000116754"	5290.88206500541	-0.34605785641405	0.0024267851064992	0.00912057904763552
"ENSG00000106078"	2243.10614032783	-0.34640092576535	5.38370332953863e-07	3.72565057552521e-05
"ENSG00000146859"	82.717227420997	-0.346719960836003	0.00247916582767852	0.00926487801512059
"ENSG00000164402"	3236.31154003408	-0.346759962480908	1.0880031280242e-06	5.50817583608249e-05
"ENSG00000157657"	302.165973489917	-0.347081315092537	0.000323482528998115	0.00202768940560665
"ENSG00000112039"	72.9279915621768	-0.347239564347398	1.21715088283865e-06	5.85218383974906e-05
"ENSG00000142327"	898.979533942314	-0.347579197375373	6.78571803165885e-05	0.00066177090356342
"ENSG00000167995"	419.700629070575	-0.348483827975738	0.00109649228390588	0.00505461212717512
"ENSG00000100234"	2102.77091857271	-0.348785116737222	0.000954753915495373	0.004571398928351
"ENSG00000137393"	208.943445003649	-0.348840486499669	0.00101837813987313	0.00478812972456601
"ENSG00000204428"	121.975686946937	-0.349202628603294	0.0001654160454436	0.00124950770743069
"ENSG00000104332"	249.399768129986	-0.349789349512428	0.000198991930304216	0.0014269259113468
"ENSG00000228415"	30.211619050306	-0.350065695872812	0.00178079904065188	0.00723089274674274
"ENSG00000109790"	572.101508042404	-0.350218915660244	0.000222814021577682	0.00155401043493381
"ENSG00000060237"	4843.17957673878	-0.350310399106717	0.000120990173025373	0.000995508531685345
"ENSG00000164049"	34.3642416285286	-0.350436775445904	0.00102277745460524	0.00480398800066728
"ENSG00000185633"	527.516111707831	-0.350665117581891	0.00114344411905545	0.00520552859595386
"ENSG00000073060"	1683.41692404096	-0.351080867298633	0.000224382738749804	0.00156006981969581
"ENSG00000062822"	128.236365077186	-0.352017450947452	7.75233073035488e-05	0.00072878683157618
"ENSG00000173786"	9348.10159564381	-0.352264919738201	0.000493653859799967	0.00277375567729894
"ENSG00000156218"	49.5796878793083	-0.352667101103106	8.56081406934999e-06	0.000181698264581654
"ENSG00000139350"	68.3320200623783	-0.3527184468485	0.000736215283243368	0.00374040644209845
"ENSG00000144040"	5366.09669864038	-0.352862383800887	0.000280374695573323	0.00182668040685224
"ENSG00000162909"	1991.26222526596	-0.352991031377927	0.000154338083324968	0.00118970955139842
"ENSG00000051620"	440.937185464445	-0.35306364711918	0.0005217505791915	0.00288218636701646
"ENSG00000134955"	54.9433819195282	-0.353248341655463	0.00168133902591003	0.00692688028341054
"ENSG00000182253"	1901.85926985247	-0.353310713099464	0.00013909929997885	0.00110438941445385
"ENSG00000103150"	364.357008950851	-0.353684636523033	5.07681804873248e-06	0.00013341567797379
"ENSG00000198142"	92.5316856769006	-0.353754102440332	0.00197070875733099	0.00781068612478432
"ENSG00000101144"	946.637033444618	-0.354511039304761	0.00118889421847659	0.00535297833707494
"ENSG00000107731"	1032.21747892463	-0.354547102193225	4.84338465360243e-05	0.000523457671420182
"ENSG00000144791"	190.275287457749	-0.354636822657935	0.00101092958099762	0.00475960910221885
"ENSG00000165406"	529.255107620158	-0.354694655677711	2.80604403570792e-07	2.64706855790719e-05
"ENSG00000126215"	293.480536934124	-0.355029227264919	4.07265310429243e-05	0.000467650056390114
"ENSG00000010278"	921.088017149828	-0.355145138926889	0.000531905094805267	0.0029204728538702
"ENSG00000095739"	137.69615673276	-0.355452457743305	0.000345401513870028	0.00213326022900782
"ENSG00000112531"	5396.61973183027	-0.355948124417772	0.00166182142416291	0.00686829620242023
"ENSG00000111328"	795.745973426511	-0.356034914628018	8.29036339629831e-05	0.00076229714284446
"ENSG00000267834"	36.0829566192475	-0.356320372531579	0.00103533530265232	0.00484297405297493
"ENSG00000105854"	2140.74460502465	-0.356356055444641	0.00203024189930781	0.00798778372863666
"ENSG00000234545"	964.634945001594	-0.356479156675907	0.00190222368849449	0.00760403538087684
"ENSG00000278983"	128.298374818515	-0.357027294247374	0.000905177661293282	0.00438645472001385
"ENSG00000204138"	841.147581377966	-0.357065532628878	3.32217387562197e-05	0.000408461278007722
"ENSG00000114126"	1232.08075272843	-0.357496468164642	1.99328963149831e-08	4.97253542420007e-06
"ENSG00000124215"	59.2697766976755	-0.357668547054291	4.35989380949777e-05	0.000489151711295987
"ENSG00000176597"	106.927428810028	-0.357677485135648	0.00233251799088794	0.00885523426933261
"ENSG00000015285"	137.623894725356	-0.357877990186796	0.002512865649882	0.00937044116798504
"ENSG00000152558"	833.572502558676	-0.358217377420049	0.00139447824738749	0.00602942830250713
"ENSG00000177917"	199.556499225796	-0.358598419679475	9.81943225996161e-05	0.000855807025269464
"ENSG00000154319"	735.51882799863	-0.359002567533092	0.000777647733838387	0.0039025219949155
"ENSG00000168792"	77.5676574523187	-0.359122166861987	0.00108272405607007	0.00500522257086345
"ENSG00000154856"	1017.10623843651	-0.359230669729946	0.00136957690234622	0.00594715621091963
"ENSG00000260428"	208.399604677891	-0.359465837028209	0.00241794712951278	0.00909453113102761
"ENSG00000225828"	159.088108842512	-0.359865932927825	0.00145296666156333	0.00622064093789317
"ENSG00000185591"	544.844214811165	-0.359973439950862	6.21526862751261e-05	0.000620193732668838
"ENSG00000164627"	163.576870170916	-0.359989275097909	0.0021742655068282	0.0084070737309711
"ENSG00000129422"	1252.3987022	-0.360051418287595	0.000129844189107669	0.00104537325870454
"ENSG00000279432"	76.8842640217617	-0.360312800712005	0.00113780554630716	0.00518809188571792
"ENSG00000143315"	297.576298196558	-0.360335913194426	3.17384769673568e-07	2.82519705493278e-05
"ENSG00000143443"	101.107702353478	-0.360353682951437	8.36209430250192e-07	4.65814657698918e-05
"ENSG00000071564"	518.167873968806	-0.360664057115592	7.49563774839914e-06	0.000166695623466659
"ENSG00000116478"	477.087351194124	-0.361153430985291	4.18867752318578e-05	0.000476455299974529
"ENSG00000168887"	344.040358413074	-0.361362445561523	0.00202079359987383	0.0079578861209399
"ENSG00000072786"	219.498215682128	-0.361655767115475	2.17534368323183e-05	0.000310785072670674
"ENSG00000120162"	391.59714734371	-0.361709626381484	2.06510159672635e-05	0.000302366403516259
"ENSG00000135069"	1698.87071228674	-0.361892230401485	0.00115357727570155	0.00524195502815488
"ENSG00000254783"	36.5511821481258	-0.361934786399889	0.000281836901358745	0.00183551213889068
"ENSG00000065054"	1974.95241060519	-0.362340552540558	0.000430730497284977	0.00250478515194808
"ENSG00000104728"	1007.59190384328	-0.362898537050656	0.000182603397751759	0.00134036344797485
"ENSG00000146005"	2454.76097938669	-0.363069184738643	0.00230107473891606	0.00877845733177352
"ENSG00000237522"	48.1967837231446	-0.363136978583125	0.00152113439910207	0.00643640275608256
"ENSG00000177663"	537.906516455005	-0.363375039571337	0.000285355198147123	0.00185142066555086
"ENSG00000164684"	863.70620354628	-0.36360003711007	1.12361405247907e-06	5.57370855484793e-05
"ENSG00000128567"	1814.87055299297	-0.363846425772964	0.00195094876195754	0.00776096164538369
"ENSG00000243927"	469.559396312996	-0.36397782938791	0.000180108515675695	0.00132657590086681
"ENSG00000231563"	79.5917586870189	-0.364174633031861	0.00127149274362569	0.00562772038982491
"ENSG00000214530"	1023.1641849642	-0.364334292955016	0.000144708138546743	0.00113737953826717
"ENSG00000279026"	134.09243967347	-0.364488360574222	2.77723952266778e-05	0.000361914174558794
"ENSG00000204381"	155.63575639185	-0.364540986618441	0.00239033780428436	0.00901114424554241
"ENSG00000168938"	56.2445797349118	-0.364698222952287	0.00176967762779055	0.0071970097032315
"ENSG00000136938"	1581.00646807503	-0.364733664924787	0.000290766283880967	0.00187873875542158
"ENSG00000186350"	2524.64628155828	-0.364752514318845	0.000181274046077364	0.0013323100576984
"ENSG00000154240"	171.009269280266	-0.364945473802794	5.09943721904011e-05	0.000541162841253622
"ENSG00000164403"	865.389011951683	-0.365244430726071	0.00131269582945095	0.00575679829613737
"ENSG00000103966"	202.723457370314	-0.365642823637384	0.000169612985627889	0.00127213434492935
"ENSG00000109501"	2154.43868578273	-0.365938688152983	3.82750094821537e-06	0.00011147677465589
"ENSG00000272320"	34.5530745114722	-0.366047085067786	0.00022613291900192	0.00156847875301153
"ENSG00000108515"	85.1143540205165	-0.366497983989404	0.000189744077940987	0.00137822947080195
"ENSG00000115461"	929.382185908664	-0.366568522183656	0.000885419461303295	0.00430650612811914
"ENSG00000101608"	256.16197878484	-0.367171336938648	0.00137393370553498	0.00596006070397521
"ENSG00000122483"	94.5649502134135	-0.367263975195123	0.00200164305569001	0.00790598483652872
"ENSG00000076604"	315.204651260626	-0.367696403518588	0.000319839803275286	0.00201294425366636
"ENSG00000153721"	275.062817473111	-0.368220458400575	0.0011055329935305	0.00508472015405504
"ENSG00000204219"	149.169080435569	-0.368697572815208	1.86411404075336e-05	0.000282704801616631
"ENSG00000181026"	244.712551428228	-0.369262172137252	0.000105895456884069	0.000906854974798742
"ENSG00000174720"	775.366876529466	-0.369729041640397	0.000237922807769246	0.00162281815877575
"ENSG00000143507"	91.7351674557948	-0.369908670267918	0.000155624915135786	0.00119541648287688
"ENSG00000266717"	43.6570301104763	-0.37020800567573	0.00265915550608106	0.00979919583090845
"ENSG00000184144"	3578.38381514996	-0.370306467921542	3.90455037934468e-05	0.000453808411071303
"ENSG00000205683"	211.281337091007	-0.370420062622861	0.000128708180359815	0.00103914348430277
"ENSG00000261840"	47.7650719848716	-0.370420526239593	0.00237452389071646	0.00896527302717753
"ENSG00000149798"	275.526064946779	-0.370492997067019	0.000313470523430911	0.00198373827934422
"ENSG00000204956"	67.3095160091988	-0.370498535841199	0.00270409046689229	0.00992069095427817
"ENSG00000275494"	42.974057302573	-0.370607260226048	0.000780331354635444	0.00390915122448775
"ENSG00000179886"	288.992982637265	-0.370763354962503	3.19973203393452e-05	0.000399108605073296
"ENSG00000178104"	2738.98861209305	-0.371025334683408	2.17631974359021e-05	0.000310785072670674
"ENSG00000137404"	80.3966427705516	-0.371171782982918	0.000573581974905646	0.00308948901299655
"ENSG00000120896"	1625.51109435615	-0.371189713682487	0.000234044744125951	0.00160502477316335
"ENSG00000160796"	657.080911457066	-0.371642814367984	1.17293623757537e-06	5.76850041639569e-05
"ENSG00000092531"	204.15915211064	-0.371712420737704	0.000314110976609332	0.00198598534282574
"ENSG00000113732"	663.292541698878	-0.371752927274341	0.000645314198661341	0.0033731531435037
"ENSG00000160191"	263.921261932654	-0.371819640080696	9.66373098501225e-05	0.000846523162570055
"ENSG00000158813"	43.894530715033	-0.371849879615275	2.5084858155531e-05	0.000339255058292813
"ENSG00000169957"	1101.81234531069	-0.372264493572421	2.16182037756671e-05	0.000309836920558333
"ENSG00000133138"	57.0395543900563	-0.372521694163289	0.000166816711321058	0.00125663722186843
"ENSG00000114439"	1359.89762831917	-0.37314148949701	0.000264379848345071	0.00174559659745443
"ENSG00000280163"	169.080020072246	-0.373456134241247	0.00271073657515275	0.00993172418910268
"ENSG00000160991"	2114.47874423885	-0.374059553348998	0.00042284179590217	0.00246815025277028
"ENSG00000174306"	1987.60324829081	-0.374184980989491	2.50773504055365e-07	2.49512388745954e-05
"ENSG00000097007"	1215.42037545161	-0.374198435015173	8.00716982009549e-08	1.33813023410974e-05
"ENSG00000276259"	65.4836572448789	-0.374346320879267	5.23590521623281e-05	0.000550737841882698
"ENSG00000100297"	190.417026732971	-0.374373775900225	0.00102257941138221	0.00480398800066728
"ENSG00000113810"	183.697463897143	-0.374497843056442	0.000542749889946587	0.00296771088171874
"ENSG00000168610"	2356.66239836758	-0.374816829446492	0.000251924315420919	0.00168664847971229
"ENSG00000274461"	65.7734009212932	-0.374840987282121	0.000731991777499392	0.00372223765615865
"ENSG00000198077"	42.9292468575453	-0.375309489667212	0.00186704762379923	0.00749649889163896
"ENSG00000095066"	1327.40788024826	-0.375467550493327	0.000173550650089049	0.0012937753746136
"ENSG00000090776"	249.554448958518	-0.375556490753086	0.000753379504753048	0.0038096126366963
"ENSG00000276916"	37.541836070268	-0.375564509175011	9.80436318717433e-05	0.000855704867308782
"ENSG00000235790"	49.6058418798189	-0.376052096080569	0.00204853836767383	0.00804689432285934
"ENSG00000184007"	4084.74542307026	-0.376175481286042	1.35912276022424e-05	0.000234163697538546
"ENSG00000281026"	88.9196953006988	-0.376198709110548	0.000126223778746245	0.0010243705344456
"ENSG00000083444"	1058.0623082917	-0.376235869832139	0.00086911679410229	0.00424279846196333
"ENSG00000180884"	24.4784250304504	-0.376290576838367	0.000725753704925014	0.00369706970194562
"ENSG00000104213"	33.3746231759976	-0.376421107012981	0.00010911031327389	0.000927922837145983
"ENSG00000111452"	114.382480204418	-0.376840559788231	0.00175000430728007	0.0071330391051887
"ENSG00000164976"	1388.9579068051	-0.376872002295447	0.0022094889270725	0.00851207092696933
"ENSG00000166295"	1259.13506327244	-0.37735026493652	4.6133359201093e-05	0.000508542593790016
"ENSG00000134186"	1330.69264341283	-0.377376268124397	3.04476380423739e-05	0.000386216060149876
"ENSG00000168268"	360.135308988219	-0.377403749097165	7.73871680077064e-06	0.000169689850053076
"ENSG00000182185"	44.6776165804258	-0.37770265583467	0.000508327102727124	0.00283166162435015
"ENSG00000170653"	366.873118483572	-0.377807786447209	4.27895226755107e-07	3.25295161626497e-05
"ENSG00000137478"	679.374491346158	-0.377886001732134	1.3202740538694e-06	6.01213684900899e-05
"ENSG00000104267"	878.321443947375	-0.377912956628128	0.000684274459008538	0.00352858486007009
"ENSG00000279253"	89.209139937998	-0.377971594086868	1.79989171860746e-06	7.19336875748364e-05
"ENSG00000123636"	1476.57499484729	-0.378393405571525	0.00110883735637475	0.00509378633981282
"ENSG00000274029"	53.5743724344438	-0.379061395587555	0.000386436989054171	0.00230483017761242
"ENSG00000080200"	104.679843623842	-0.379387261229605	0.00117719926579185	0.00531701153557467
"ENSG00000265763"	321.590796678147	-0.38042946491229	5.55054020554011e-06	0.000140709055313641
"ENSG00000091409"	613.595821185488	-0.380545472541499	0.00172703684077626	0.00706544623343613
"ENSG00000157510"	96.0163403032313	-0.380559911930567	0.000593822200659838	0.00316748110937645
"ENSG00000213212"	128.949614669078	-0.380978094352308	0.000163908685351394	0.00124070369435072
"ENSG00000197712"	188.410122735655	-0.381204992521422	0.000278468984602228	0.00181632687834716
"ENSG00000135362"	114.551395606183	-0.381285120828983	0.000266163930782698	0.00175468392974438
"ENSG00000229539"	23.9396962879185	-0.38179998548371	0.000534101901666242	0.00292786497878377
"ENSG00000108839"	112.230425689385	-0.382259285915744	3.63514744941612e-05	0.000432706607064198
"ENSG00000136110"	28.9432556938049	-0.382296733217098	0.000560584528026578	0.00304012018932624
"ENSG00000139835"	69.0948945535451	-0.382307943883415	0.000922349240158897	0.00444468014301654
"ENSG00000119280"	1933.84849881026	-0.382426805244015	0.000340760588381696	0.00210989640568854
"ENSG00000148143"	589.107145225488	-0.382556720687584	0.000174208853902128	0.00129699697327739
"ENSG00000108846"	76.6900403847249	-0.382725751520644	0.00127007177575838	0.00562577083791276
"ENSG00000257815"	38.0468066256535	-0.382773515874234	6.53403969869286e-05	0.000641588279142043
"ENSG00000067955"	387.875548227558	-0.382924576906562	0.000321647295680472	0.00201915204250473
"ENSG00000274080"	174.283487328586	-0.383000876963343	0.000623624510612346	0.00328270602482273
"ENSG00000270419"	92.5375213879211	-0.383409366739268	0.000233662062052787	0.00160445826463711
"ENSG00000167525"	154.402612525739	-0.383555778702011	2.4624709212127e-05	0.000336033163396541
"ENSG00000149499"	820.807304562016	-0.383907769145815	0.000489677094810345	0.0027626772888673
"ENSG00000213188"	26.6120983107822	-0.384018469011436	0.00040513689711911	0.00239314392934497
"ENSG00000132321"	868.930925731175	-0.384273778118268	0.000554719545118005	0.00301401121531447
"ENSG00000126777"	4768.98529717826	-0.384290553000915	0.000134091782829365	0.0010725473317109
"ENSG00000101542"	667.593019392398	-0.384850619473579	0.000513631269801924	0.00285197904745178
"ENSG00000108828"	1070.48021544801	-0.385042678032852	2.57207796854228e-09	1.50744136936692e-06
"ENSG00000144677"	1211.94756872571	-0.385371325672842	6.74300024673328e-06	0.000158561835036913
"ENSG00000154783"	189.344061938296	-0.385458060055943	4.19074725011002e-05	0.000476455299974529
"ENSG00000258056"	178.940966010613	-0.385679772633011	0.000738731544808074	0.0037487576889096
"ENSG00000089472"	487.490869931489	-0.385984987186778	0.000846716707381317	0.00415110643239949
"ENSG00000188493"	146.889148262741	-0.38600446474455	0.000274839978578438	0.00180084528027052
"ENSG00000137310"	50.9251155678969	-0.386055107135082	0.00177072482247605	0.00719874500927732
"ENSG00000135097"	397.666367175553	-0.386083302762001	5.98265955960577e-05	0.000605405755435004
"ENSG00000279019"	34.1067507823745	-0.38621696290681	0.000566572462426215	0.00306390568512172
"ENSG00000276115"	140.380615719947	-0.386278419427722	0.00168360567381684	0.00692967586403855
"ENSG00000184785"	143.574743900161	-0.386428685270239	0.000288855379652779	0.00186849592257169
"ENSG00000186522"	157.352263635481	-0.387055113349761	0.000416681399492555	0.0024437263814192
"ENSG00000257647"	349.99642061558	-0.38708681521642	0.00267941423803201	0.00984854949375294
"ENSG00000128346"	65.6390733728235	-0.387458640203755	0.000439410094177033	0.00254322997682222
"ENSG00000233821"	77.1757884814073	-0.387575441132557	0.000512803236760899	0.00284921953336519
"ENSG00000100979"	1203.92958616354	-0.387632321073941	0.000258914384200752	0.00171737126267311
"ENSG00000137491"	1351.54185471665	-0.387843124688484	0.00130410392862773	0.00573079931668856
"ENSG00000224731"	239.63914641902	-0.387966742514851	0.00241649318887889	0.00909182453774258
"ENSG00000131669"	610.349721689694	-0.388273394943622	1.36699450646919e-05	0.000234363311153927
"ENSG00000142611"	530.024620277079	-0.388506683525138	0.000310312681462077	0.00196954726622667
"ENSG00000280383"	176.187690209433	-0.388789510565857	0.00184252488681742	0.00741945854154465
"ENSG00000185634"	169.423194104098	-0.389733340067545	0.00092067512592291	0.00443785520652788
"ENSG00000155980"	41486.9463884016	-0.389795103091364	6.70027916666718e-05	0.000654551108375948
"ENSG00000181444"	207.425603596162	-0.389811257288948	0.000304633208318344	0.0019450436717277
"ENSG00000129595"	78.9631562390908	-0.38994760188693	7.56180308497923e-05	0.000714779332793781
"ENSG00000184005"	145.73224854281	-0.390059551701994	0.000107636988724448	0.000918564109272026
"ENSG00000108798"	99.8373859127281	-0.39060030093614	0.0020115289717332	0.00793410820129319
"ENSG00000167994"	257.33331810961	-0.390612489144	0.000209071529721578	0.00148157605644196
"ENSG00000146592"	401.911714060001	-0.390788136995178	0.000181959637950128	0.00133677816817565
"ENSG00000176438"	277.158540569412	-0.390843842095598	0.000104170670501819	0.00089520207256506
"ENSG00000205534"	40.301545285575	-0.391013035130958	0.000341712950002405	0.00211427210941459
"ENSG00000230839"	60.9250635764731	-0.391041287650211	0.00113731483123204	0.00518722845521916
"ENSG00000197299"	100.548256321978	-0.391494821344356	2.45088697641036e-05	0.000335233761080644
"ENSG00000251497"	46.3986495992852	-0.391798010812367	0.000827453955516717	0.00408458988709758
"ENSG00000205832"	28.3895981317122	-0.39181058732572	0.00118632874542271	0.00534422316015733
"ENSG00000176485"	1828.3724776735	-0.391837606875859	9.19440054794303e-06	0.000188408591228266
"ENSG00000161149"	87.8329669775223	-0.392189601847066	0.000740595787178825	0.00375379130880716
"ENSG00000251148"	34.1892744328728	-0.392394053871177	0.00108194390754966	0.00500362721135204
"ENSG00000179776"	479.118700888961	-0.39247624942927	0.00124285054050426	0.00553504705039003
"ENSG00000253347"	29.2538897211241	-0.394198536061735	0.000858637019299213	0.00420236537196399
"ENSG00000066322"	764.053391428643	-0.394308460510434	7.9553827039209e-06	0.000173336712003279
"ENSG00000174099"	396.403482763394	-0.394657702027717	2.65073279876914e-05	0.00035186915486675
"ENSG00000196935"	327.292522797341	-0.395189159427843	0.000110568562662263	0.000938469757941585
"ENSG00000154930"	2260.28623589271	-0.395760982503601	0.00137027076737455	0.00594866852933622
"ENSG00000177685"	85.0249291276084	-0.395801230593441	0.000605371388637416	0.00321041918759508
"ENSG00000182957"	403.873777393849	-0.395848106937212	0.000270418524671906	0.00177627294416891
"ENSG00000141458"	792.53745332496	-0.395987308050026	1.48997578292232e-05	0.00024741117802892
"ENSG00000232499"	37.0338828223556	-0.396398734877219	0.00229505904141937	0.00876327668144444
"ENSG00000101986"	147.092691589297	-0.396533267381947	8.29953586488064e-06	0.000177671316467367
"ENSG00000073614"	1336.68401297273	-0.396647296954953	0.000875355601304914	0.00426599546015331
"ENSG00000213859"	84.1239442488068	-0.39670455732554	0.000525196190234357	0.00289193922664875
"ENSG00000126822"	1037.50834874527	-0.396838508945966	8.95420163566929e-05	0.000806534132678051
"ENSG00000140262"	622.752825980933	-0.396894842236813	3.64003466582791e-05	0.000432706607064198
"ENSG00000264522"	1232.94113882865	-0.397532428733443	0.000108009639398056	0.000920381149979576
"ENSG00000132329"	2065.89104453886	-0.397881017619387	0.000128839086655437	0.00103937007967969
"ENSG00000173039"	925.940408656238	-0.397900520457051	6.36506887663547e-06	0.000153879115974054
"ENSG00000101347"	1077.09239397638	-0.397921205548098	0.00173659873729195	0.00708846906924506
"ENSG00000124067"	599.192187357435	-0.398871786822726	1.94522888832211e-05	0.000290832218203466
"ENSG00000160179"	406.961493244115	-0.398973225797295	9.66729594760148e-07	5.10439156889768e-05
"ENSG00000114738"	300.749106287116	-0.398980693264874	0.000409841881938814	0.00241303642272055
"ENSG00000183864"	1338.36167687388	-0.399014254824977	9.27131846500564e-06	0.000189758864135722
"ENSG00000166016"	313.4919183305	-0.399074708058799	1.14965161536847e-06	5.67080147300797e-05
"ENSG00000139737"	1237.24495485505	-0.399299769863235	6.28044081741175e-07	3.95989845385013e-05
"ENSG00000184384"	173.269766417825	-0.399451827581393	0.000974583708073081	0.00464695550334126
"ENSG00000100242"	1637.60078496816	-0.399479234295761	0.000284000024261449	0.00184619874853873
"ENSG00000170647"	49.7363351171013	-0.399740566354499	0.000820993601748916	0.00405735367984613
"ENSG00000124570"	1276.38124640231	-0.400419121332706	6.22396777143799e-06	0.000151207112544762
"ENSG00000092850"	41.2899461523615	-0.400593284821132	7.46645104360312e-05	0.000708489646160642
"ENSG00000123096"	428.215090214361	-0.400711889990805	0.00120032490616783	0.00539523924816146
"ENSG00000153914"	2056.89292327207	-0.40089601987022	0.00034729054318488	0.00214262083148435
"ENSG00000101849"	709.587845030551	-0.401035880760181	0.000296568120349879	0.00190620875861929
"ENSG00000172201"	1239.16902838158	-0.401321413224933	0.00155729049218973	0.00655074321653514
"ENSG00000150093"	672.80494782894	-0.401382368692848	0.00107622308967963	0.00498654859829218
"ENSG00000165566"	2516.58581587153	-0.401575144918676	1.77917598320215e-05	0.000275156839163149
"ENSG00000114853"	2264.83084608199	-0.401797542786169	3.19090695303726e-06	0.000100228250698231
"ENSG00000183580"	395.115238439886	-0.402053219415758	0.000152549126315796	0.00118110457740843
"ENSG00000226648"	26.2240645090497	-0.402404430618031	0.00100013696266582	0.00472712398940564
"ENSG00000111817"	184.599816973694	-0.402452101197754	0.00115781800722273	0.00525567546369327
"ENSG00000091317"	234.941311946699	-0.402511301391239	0.000151157033783217	0.00117465734650588
"ENSG00000170989"	1042.55228104108	-0.402551963606886	0.000614724040583577	0.00324578064741261
"ENSG00000253696"	142.52430218488	-0.402874970500215	0.00187973510101134	0.00753689268430194
"ENSG00000065978"	1889.62616396112	-0.40288488540967	8.98744851086308e-05	0.000807416238087088
"ENSG00000241549"	40.4216049204959	-0.40294873720441	0.00150560798873461	0.00638483131561688
"ENSG00000168487"	384.295460930707	-0.403138465878592	7.84750420439836e-07	4.51752565451691e-05
"ENSG00000150527"	59.5740587726188	-0.403290675210903	0.000839968334420454	0.00412860506578506
"ENSG00000244627"	225.382463244545	-0.403433539136183	9.35684549898541e-05	0.000829775278588541
"ENSG00000007372"	940.461267833307	-0.403456258441162	0.00145512800401218	0.0062259801971319
"ENSG00000104218"	988.164006261617	-0.403511389016197	0.000511106288319014	0.00284530159794152
"ENSG00000126561"	179.489008587607	-0.403702267075068	0.000915120897596688	0.00441716868174133
"ENSG00000267355"	39.4623839546362	-0.403773195957029	0.000118047388372679	0.000981618210656481
"ENSG00000274627"	354.366587392282	-0.403825548794669	0.000601534811490447	0.00319673316152673
"ENSG00000112378"	175.501203854401	-0.404362968115922	0.00200502930095505	0.00791572691682095
"ENSG00000165949"	770.799797246829	-0.404368212949729	0.00120738193415606	0.00541319640637874
"ENSG00000248863"	50.4762234143058	-0.404430772068764	0.000231013481277495	0.00159248500329577
"ENSG00000173894"	39.8440688098507	-0.404634599793944	0.000522913350281405	0.00288768286762715
"ENSG00000163346"	5571.7096925313	-0.404677091541535	0.00184756099662736	0.00743386335552753
"ENSG00000243069"	338.338049565484	-0.404804554900484	0.00107545862878488	0.00498481323818361
"ENSG00000265992"	25.4449649445762	-0.404849805805621	0.000550377235340227	0.00299419827810093
"ENSG00000087903"	339.164328450355	-0.40503918968467	9.09653598318818e-05	0.000814241673835768
"ENSG00000170412"	271.007901830187	-0.405389734018335	0.000323805211407803	0.00202768940560665
"ENSG00000270580"	90.281035810759	-0.405459739553368	5.85381259888429e-05	0.000596992185701387
"ENSG00000140497"	652.631052343911	-0.405513137499969	4.25811757515121e-05	0.000481253958116072
"ENSG00000144655"	511.245715729692	-0.405522751386249	0.000296516531118873	0.00190620875861929
"ENSG00000134716"	315.240129895019	-0.405751656293576	0.0013054372978165	0.00573519453989672
"ENSG00000169247"	132.857257886111	-0.405824487613914	0.00211434436757146	0.00823212160122316
"ENSG00000184208"	751.684270345718	-0.405947131507848	2.32359254936707e-05	0.000323069455187846
"ENSG00000171940"	119.903985185601	-0.405978437278313	0.00115445790176277	0.0052431883543648
"ENSG00000125637"	224.646898545826	-0.406001870346087	0.000183433906632379	0.00134531224323099
"ENSG00000196275"	181.70314760932	-0.406457763119763	0.000778124295138652	0.00390377542763673
"ENSG00000135720"	3007.89702177249	-0.406550843088915	2.05339005964989e-05	0.000301321424524754
"ENSG00000204592"	4358.74531542286	-0.406679609514418	0.000697373073460166	0.00358111059471057
"ENSG00000033327"	1537.42564111181	-0.406679988504177	2.22288382367578e-05	0.000314189321656219
"ENSG00000133131"	107.305806183911	-0.407154197543938	2.43789066336131e-05	0.000334772499526367
"ENSG00000091656"	564.372674112087	-0.407185201831369	0.000579969186539481	0.00311624517294862
"ENSG00000263146"	567.651937434092	-0.40720611638184	0.00188785624883799	0.00756090474322292
"ENSG00000168476"	126.271888452373	-0.407308841697989	2.52562007947714e-05	0.000340701398338872
"ENSG00000232528"	83.7640092105936	-0.407387812872617	0.000567874031401909	0.00306925822411828
"ENSG00000186635"	1061.3910851874	-0.40749518626771	1.59953345948897e-06	6.69307014731418e-05
"ENSG00000273267"	81.9431787930984	-0.407761270048998	0.00252702792765362	0.00941509344560645
"ENSG00000107551"	1918.99423147104	-0.407778556019872	5.20621237002275e-07	3.7030798977356e-05
"ENSG00000172638"	833.376291379552	-0.407800602593555	9.6118828982127e-05	0.000842839227340475
"ENSG00000160410"	361.173121151905	-0.407820630494547	3.80210738637161e-05	0.000446119116848088
"ENSG00000177303"	1081.53628027027	-0.407827516079445	6.0137917809889e-06	0.000148729020008853
"ENSG00000125817"	3131.38865963348	-0.407831769893509	0.000304225863883085	0.00194381581106887
"ENSG00000056487"	252.05665720415	-0.407960066434444	0.00135824017579111	0.00591134972083246
"ENSG00000024422"	841.489004929874	-0.408088174884898	0.000132366387945702	0.0010617067267984
"ENSG00000147862"	2250.35362183337	-0.408557772145169	0.000122797210892707	0.00100557011945583
"ENSG00000185532"	142.139145541628	-0.408747446826261	3.33555981403443e-05	0.000409139224058425
"ENSG00000096696"	88.4871375501204	-0.409046665047028	0.00182489921505349	0.00736694612487675
"ENSG00000104611"	43.3727429837765	-0.409197896941126	0.00255693656809551	0.00948955350293835
"ENSG00000197879"	649.60508311728	-0.409520535566892	3.23912638404264e-06	0.000100822933903302
"ENSG00000272523"	32.826760731767	-0.40972299253454	0.00198274963483298	0.00785168127519553
"ENSG00000141971"	319.441063508367	-0.409778382299925	6.34953332064782e-07	3.96968354406075e-05
"ENSG00000104368"	448.917817775565	-0.409835595474445	0.000433598389619685	0.00251785629701497
"ENSG00000005893"	2231.82450452794	-0.409973752699931	5.48464234854078e-05	0.00056822369116825
"ENSG00000242861"	91.7608246256149	-0.410113961651317	0.00248103169072984	0.00926980648850286
"ENSG00000151414"	601.638799885034	-0.410130322924423	0.000507550658791179	0.00282825169626823
"ENSG00000087077"	636.172081731015	-0.41029600344438	0.000297907204447656	0.00191267314813782
"ENSG00000236095"	29.1038375905754	-0.410710276205964	0.0016336697415994	0.00677598970172301
"ENSG00000125319"	60.707790112341	-0.410786203001117	0.000814092805508419	0.00403236812437264
"ENSG00000274751"	34.0323828592382	-0.410789161599137	0.000831413007480411	0.0040935675336843
"ENSG00000103852"	166.702606359217	-0.410800889835397	1.21273080406666e-06	5.85218383974906e-05
"ENSG00000161653"	75.441534952313	-0.410817677073477	0.000300532540693337	0.0019259369407872
"ENSG00000241684"	83.2707283768193	-0.411191923669148	0.00051181012822347	0.0028470705017256
"ENSG00000162882"	95.91996719992	-0.411626088908822	8.26990723095624e-05	0.000761229482173528
"ENSG00000261460"	36.6170405926704	-0.411866376875833	0.00126511833223125	0.00560671520409282
"ENSG00000167191"	7328.84945048318	-0.412750134572418	0.000143883386931965	0.0011319308680347
"ENSG00000213366"	525.755460145225	-0.412757452523269	6.79791649865101e-05	0.000661835614769682
"ENSG00000212694"	587.740763564804	-0.413334307577844	0.000118314451310972	0.000982267672846507
"ENSG00000234500"	121.140713655857	-0.413417558088752	7.17435180407655e-05	0.000688745775814666
"ENSG00000111602"	131.030606009	-0.413577816452934	1.63637055312866e-05	0.000261530606601705
"ENSG00000228653"	74.6075580153543	-0.413743986379607	0.000120741837592184	0.00099478627873867
"ENSG00000154642"	171.582781606156	-0.41374841726323	0.000584433614473034	0.00313001114061118
"ENSG00000188338"	751.624310003154	-0.414152654801631	0.00114023938252082	0.00519506100882237
"ENSG00000108639"	715.068863344872	-0.414483077718719	5.85335711415114e-05	0.000596992185701387
"ENSG00000137177"	909.766102841802	-0.414542526211054	1.98473977120765e-08	4.97253542420007e-06
"ENSG00000055070"	875.783226756455	-0.414791086740774	6.10216133174634e-05	0.000612285273386951
"ENSG00000130787"	4631.10357479441	-0.415244071542135	5.2114247805572e-06	0.00013632865463181
"ENSG00000272750"	32.8662956620422	-0.415501062081518	6.03184913012896e-05	0.000607881844712586
"ENSG00000028116"	51.2670382003986	-0.415525760627148	0.000136572093974015	0.00108784282214488
"ENSG00000149633"	732.649449460586	-0.415596838896351	0.000107247740221723	0.000915702059740338
"ENSG00000250156"	38.6003859522973	-0.415639466352229	0.0006464384206887	0.00337800380549927
"ENSG00000121690"	26.1406213902242	-0.416140542704056	0.00146696792369966	0.00626262868815533
"ENSG00000150457"	114.518588110164	-0.416566374497202	0.000829567144852775	0.00408798719277149
"ENSG00000174844"	25.208728034408	-0.416644527022136	0.00217510574514436	0.0084070737309711
"ENSG00000148824"	73.4104424705828	-0.416708018260761	5.37906683235702e-09	1.9699973911779e-06
"ENSG00000183688"	330.3590375159	-0.416824384440699	2.04022398389262e-06	7.81652548462726e-05
"ENSG00000253200"	44.1807439574039	-0.416854195048327	0.000134321319929248	0.0010733857381347
"ENSG00000166046"	151.171815653211	-0.417135211461727	5.77939514580693e-06	0.000144059688650908
"ENSG00000112139"	360.301109944272	-0.41736708704956	1.75971900191948e-05	0.000274335098413058
"ENSG00000203739"	130.62087376039	-0.417451820806437	0.000924139308860947	0.00445081419234009
"ENSG00000188152"	64.8569561004215	-0.418240501677704	0.000661866233232447	0.003436712963086
"ENSG00000130669"	596.456157697141	-0.418370587110454	8.39889542450277e-09	2.78019590273012e-06
"ENSG00000198467"	1239.37904762459	-0.418397382482456	0.00060766153776921	0.00321638316409023
"ENSG00000157766"	68.487847293575	-0.418509036095585	0.000852887705751135	0.00417779057458574
"ENSG00000175544"	31.3157241926904	-0.419179948870489	0.001737067865296	0.00708870297898058
"ENSG00000189067"	580.931370586021	-0.419197368794584	0.00118884977703203	0.00535297833707494
"ENSG00000181481"	144.981827782795	-0.419343619949118	0.000229702093365388	0.00158471428180297
"ENSG00000272990"	41.2909290070799	-0.419431524638978	3.13793004319502e-05	0.000394544849039561
"ENSG00000177697"	775.866278107803	-0.420117468419013	0.000179268679721299	0.0013232211766907
"ENSG00000141756"	650.473810037357	-0.420299490911769	0.000152631415275473	0.00118110457740843
"ENSG00000138835"	565.195164068951	-0.420447856868026	1.77322076062775e-05	0.000275156839163149
"ENSG00000198157"	537.451776113557	-0.420769306909659	0.000283047272970383	0.00184200102443826
"ENSG00000250722"	158.745142889065	-0.421073120644147	0.00241030976962266	0.00907252614575004
"ENSG00000213613"	75.0376395404064	-0.421148172554704	0.000615079428001714	0.00324666120643775
"ENSG00000256972"	30.4989641844574	-0.421199202282069	0.000761775706736389	0.00384191187812876
"ENSG00000162946"	126.283424583252	-0.421357016397666	0.000128219759822376	0.00103665886605099
"ENSG00000143994"	72.7796578755035	-0.421605312914572	0.000309270796032731	0.00196438310410015
"ENSG00000152990"	797.071946457072	-0.421742758939439	0.000424845183257766	0.00247893564047998
"ENSG00000226803"	93.6115484254066	-0.421828635492698	0.00104306685302386	0.00486832809179256
"ENSG00000187775"	251.74835099451	-0.422022420755715	3.50943497066626e-06	0.000104874833593886
"ENSG00000246022"	64.1787079667154	-0.422110034486352	0.00100619753621562	0.00475112718698439
"ENSG00000178075"	357.480229498725	-0.422265438757228	0.00136693576761402	0.00594168317372227
"ENSG00000145012"	1073.46554285671	-0.42229680509933	0.000366042354776621	0.002220897797945
"ENSG00000049089"	1211.40448570121	-0.422514970453345	0.000187743411217218	0.00137049505397878
"ENSG00000175164"	86.0180403277001	-0.423020370780694	0.00017336341895751	0.0012937753746136
"ENSG00000100106"	603.563451288655	-0.423334298118953	9.73881673502077e-06	0.000194923549371991
"ENSG00000256463"	301.989507420586	-0.423386410910317	0.00164467842866392	0.00682000717720841
"ENSG00000185432"	4958.72784675393	-0.423494314307042	0.00132674078338545	0.0057991846379923
"ENSG00000179604"	2376.30785985555	-0.423567271116275	0.000157379294483946	0.00120505773841288
"ENSG00000182704"	59.5566433178991	-0.423950543862953	0.000469347073951086	0.00268401036010633
"ENSG00000081913"	1600.20918179317	-0.424199949195101	6.51111120713918e-07	4.03150205785923e-05
"ENSG00000006534"	91.7485756333737	-0.42435460312633	2.27842134849101e-05	0.000319633591073776
"ENSG00000198753"	1233.31355987088	-0.424524993086656	0.000977101738181451	0.00465200416936121
"ENSG00000205930"	45.1348908883432	-0.424564758502516	0.00241826927245183	0.00909453113102761
"ENSG00000166689"	203.208215660815	-0.424574814688867	0.000212944758081814	0.00150345287976303
"ENSG00000080822"	2724.67420256741	-0.424691165829628	5.71543244892552e-05	0.000586641256668783
"ENSG00000232097"	33.0070259259188	-0.424724888119663	0.00151660532399077	0.00641881668105561
"ENSG00000184343"	179.063751551453	-0.425219228190583	1.80165392360002e-06	7.19336875748364e-05
"ENSG00000132424"	6715.41209855867	-0.425266954792107	0.000269515260075831	0.00177270392498482
"ENSG00000175215"	2124.92455287092	-0.425471354222809	8.27968602223466e-06	0.000177671316467367
"ENSG00000117676"	308.597958068215	-0.425759787025848	4.88775696836328e-07	3.54991395343616e-05
"ENSG00000230806"	48.0580276252068	-0.425951389250333	0.00145315733522735	0.00622064093789317
"ENSG00000111837"	124.281704697594	-0.426031866863017	3.53442097601755e-05	0.00042524006891667
"ENSG00000183255"	2546.98115585236	-0.426311970096122	9.38282624494319e-05	0.000831088721013096
"ENSG00000181781"	36.0743723955633	-0.426403182030725	0.00123943754119453	0.00552419430258454
"ENSG00000142347"	406.277450027312	-0.426615627704092	0.00131892189917436	0.00577821396041953
"ENSG00000136297"	428.95343343943	-0.427038803334625	0.000542668494694373	0.00296771088171874
"ENSG00000119729"	1157.34788698615	-0.42720194698822	2.46592859646239e-05	0.000336033163396541
"ENSG00000106991"	906.707381544837	-0.427620640896053	0.00117351671420034	0.00530798473227138
"ENSG00000162738"	235.781902822389	-0.427818847928646	3.18759420533879e-05	0.000397882951823761
"ENSG00000170275"	1778.68459423012	-0.427881104029781	8.65822473040589e-08	1.40598134230638e-05
"ENSG00000139438"	359.520140489364	-0.427920009686013	1.71571613266741e-05	0.000268864977591531
"ENSG00000156313"	446.779374790834	-0.428515507997696	0.000576250273954671	0.00310065519399242
"ENSG00000259575"	57.9037212016721	-0.428529974327538	0.000760769392030697	0.00383908635151697
"ENSG00000066336"	331.612962064104	-0.428830059021369	0.00122216999449573	0.00546137386169653
"ENSG00000128309"	648.817287933225	-0.429325234696755	0.0004723814412786	0.00269420203735207
"ENSG00000230615"	47.9784405402603	-0.429771510924872	6.67873241045061e-06	0.000157480850659022
"ENSG00000141965"	373.225583361162	-0.429819930268792	0.000225173836857095	0.00156413125658643
"ENSG00000180891"	861.834332013961	-0.429839170960666	3.44007318626134e-06	0.000103987067745169
"ENSG00000163083"	223.410335188277	-0.429847318644689	0.000358398387088917	0.00218840419899309
"ENSG00000101265"	1767.21664189165	-0.430356030189556	4.56269696365512e-05	0.000504557419749885
"ENSG00000141858"	1174.17936179615	-0.430445797547861	7.17142756646192e-08	1.24688669395464e-05
"ENSG00000198682"	236.153646651846	-0.430525480797241	0.000316307693148642	0.00199582269874178
"ENSG00000274265"	98.2181556184487	-0.430590150824005	0.000165910522004336	0.00125200254943474
"ENSG00000188549"	274.63094847649	-0.430777511818577	2.70878473412875e-06	9.24306851809033e-05
"ENSG00000111859"	362.286386961199	-0.431254595236365	3.85802225325833e-05	0.000449919627678425
"ENSG00000260293"	138.166216161187	-0.431338509435141	2.53161557977548e-05	0.000341230487932065
"ENSG00000124782"	187.011375984343	-0.431343587987076	0.000125701284482829	0.00102201914140088
"ENSG00000103540"	1305.88263811653	-0.431397439715008	1.64312324169297e-06	6.76520950845204e-05
"ENSG00000154678"	675.693886464579	-0.431649898362109	6.1308838897961e-07	3.93048506993859e-05
"ENSG00000105287"	451.838445120144	-0.431921289039351	1.67116176057561e-05	0.000264147909869495
"ENSG00000126218"	51.5061507513437	-0.432190071638666	6.04640934633547e-09	2.08811091034912e-06
"ENSG00000137273"	117.58787322008	-0.432829964706799	3.87242791363023e-05	0.00045098850931879
"ENSG00000076716"	247.665364990868	-0.432838422590846	0.000414057606431585	0.00242999440146842
"ENSG00000167723"	224.18260243624	-0.432936336128924	1.42585010270723e-06	6.32555613863391e-05
"ENSG00000104419"	5243.45434242531	-0.43298927494695	3.96399355698384e-05	0.000458422885850224
"ENSG00000091513"	3902.73207115849	-0.433243257450151	0.000961133891679007	0.00459555491040854
"ENSG00000273599"	84.3077823789471	-0.433336732198347	8.31887596446525e-06	0.000177671316467367
"ENSG00000133789"	681.19383994823	-0.433437880719031	1.80617942605683e-05	0.000276845649694712
"ENSG00000272933"	351.817915560212	-0.434067926836623	0.00060199375471063	0.00319764238072845
"ENSG00000106351"	905.183475733205	-0.434126394554827	1.03372591495511e-07	1.57464815700197e-05
"ENSG00000248923"	100.75596766501	-0.434280119913289	0.000504631832877883	0.00281837369867846
"ENSG00000139292"	46.1092773010979	-0.434335278477103	0.00079184099644341	0.0039484238330766
"ENSG00000145908"	49.2103634958548	-0.434467970641084	2.43951780470526e-05	0.000334772499526367
"ENSG00000075539"	1068.87757036317	-0.434845133539386	4.40428951092594e-07	3.29613197180732e-05
"ENSG00000279080"	40.4605268476622	-0.43515238199357	0.000657069955828734	0.00342006203498034
"ENSG00000100968"	648.606019716246	-0.435597283510287	0.000268536723455407	0.00176761859305466
"ENSG00000002933"	341.183002299135	-0.435612348151002	0.00262867775614986	0.0097055834870458
"ENSG00000136630"	47.8744250409346	-0.435916502536411	0.000784876746898667	0.00392620849879882
"ENSG00000244509"	71.5837535895926	-0.436009014672928	0.00254248333234596	0.0094481359239359
"ENSG00000100191"	105.323183246235	-0.43602259215678	0.000767841022500456	0.00386683660629033
"ENSG00000161551"	251.617683946232	-0.436132855637062	2.17324669331885e-06	8.13219463741248e-05
"ENSG00000228672"	182.416338305849	-0.436251120383771	6.85016411168469e-06	0.000159772188149632
"ENSG00000051128"	272.82154059994	-0.436533430158493	0.000218587100161194	0.00153354020297191
"ENSG00000260796"	50.3922787406461	-0.436744456744829	0.00118552090910662	0.00534198204409746
"ENSG00000004838"	58.6586906800998	-0.437142747074724	8.84782446903982e-05	0.000799513355265148
"ENSG00000110799"	2739.42087446594	-0.43781535515884	0.00235555831265314	0.00892498904593846
"ENSG00000076944"	116.522816241624	-0.438600328207159	0.00038914875058403	0.00231779150304599
"ENSG00000107104"	1215.80918444625	-0.439235226174715	1.97489412759563e-05	0.00029393125335245
"ENSG00000240463"	31.7744809076316	-0.43987447490951	0.00102511416519449	0.00480667124094056
"ENSG00000169242"	414.952849363631	-0.440305542318296	0.00260082145576352	0.00961923930340727
"ENSG00000221817"	83.1198895227521	-0.440785230590705	5.54540882512375e-05	0.000572604211798771
"ENSG00000150867"	2597.52157180916	-0.440980504627242	4.11215078196911e-06	0.000116227342216805
"ENSG00000139567"	410.463202720586	-0.441218604216783	0.000431846676196217	0.00251042784105555
"ENSG00000142102"	470.243103262479	-0.441479769894446	0.00114264664191767	0.00520327424532507
"ENSG00000276571"	24.2266337492986	-0.441550606582782	0.000314548618218715	0.00198763779933875
"ENSG00000100599"	273.093833626332	-0.44155885781775	5.72939609657738e-05	0.000587583509496445
"ENSG00000173473"	894.532424756528	-0.441998435794141	2.07206261344278e-05	0.00030277091481486
"ENSG00000272432"	34.96203135764	-0.442135614346574	0.00201451006168756	0.00794404620660436
"ENSG00000168497"	297.543243842893	-0.442185842537708	0.00120228060790098	0.00540053656153431
"ENSG00000119950"	1865.21424026109	-0.442309316940367	2.44102289677484e-09	1.50744136936692e-06
"ENSG00000088881"	512.054721927801	-0.442745294088139	1.71738929490101e-06	6.93930092327022e-05
"ENSG00000102760"	1095.41108886979	-0.442983723717071	0.000690271413075776	0.00355627060617647
"ENSG00000011465"	599.599992906718	-0.443750725055	0.00135769558099847	0.0059104739594655
"ENSG00000162174"	1246.71830295876	-0.44401316877571	0.00047641169423131	0.00271090065877803
"ENSG00000177283"	182.343898673912	-0.444316735965716	0.00174694228584831	0.00712224480490453
"ENSG00000279789"	233.056710602551	-0.4443504120636	2.65588972636297e-05	0.000351930945803586
"ENSG00000121101"	28.6765334801811	-0.444588216360287	4.34170803223562e-05	0.000487818670749816
"ENSG00000140575"	846.217490512792	-0.445514196308054	4.76816328734183e-06	0.000126774818556299
"ENSG00000213409"	37.6448141938935	-0.445575307196714	0.000868773627528946	0.00424232636898036
"ENSG00000186918"	799.254387995961	-0.445684035612986	1.52914924217929e-06	6.53682589468966e-05
"ENSG00000165121"	207.99519459126	-0.445691012145482	0.000197594291269281	0.00142012130923513
"ENSG00000148411"	4342.4059344904	-0.445731991102548	4.41060133785581e-05	0.000492296720016889
"ENSG00000104447"	531.631143408008	-0.446124340765247	0.000654971873093823	0.00341319088321077
"ENSG00000100139"	392.653934823326	-0.446198587226565	2.92031959369293e-05	0.000374850567980883
"ENSG00000121207"	66.0567749325558	-0.446438378903409	0.000994800436734844	0.00471202529375808
"ENSG00000241404"	88.7231242639768	-0.446720429541344	2.19408272904083e-05	0.000311864128942855
"ENSG00000123243"	826.660058981834	-0.446787532548672	0.00139513781863183	0.00603017503989658
"ENSG00000188897"	25.6709224437702	-0.447056609860741	7.81411494998271e-05	0.000732594556830351
"ENSG00000039068"	46.9573196855405	-0.447103250904458	0.00155427280128908	0.00654194681372148
"ENSG00000228434"	70.9143292947353	-0.447407179873428	0.00156101241878263	0.00655998700305309
"ENSG00000136770"	508.116825263563	-0.448024181809789	4.95013358755343e-05	0.000531360567023976
"ENSG00000181449"	2759.23219656653	-0.448039594715671	0.00014658635694318	0.00114917020996669
"ENSG00000206190"	532.057168174728	-0.448043729935962	0.00089018040698735	0.0043247743001618
"ENSG00000134470"	80.8033199022011	-0.448250851266352	0.00102398818385529	0.00480531859561099
"ENSG00000243244"	51.1005705153498	-0.448679360833268	0.000650814090390554	0.00339422178118188
"ENSG00000174680"	31.4701088212736	-0.448969330210647	0.00100797183237202	0.00475155729178866
"ENSG00000268201"	171.54320394365	-0.449392205898182	0.000332429551675887	0.00207049641133326
"ENSG00000188599"	332.789055416091	-0.449626293864358	0.00165797877400806	0.00686499466892939
"ENSG00000049540"	425.634506269984	-0.44977727992956	2.06578104069669e-05	0.000302366403516259
"ENSG00000103449"	473.126002509595	-0.449929286502946	6.107557162641e-05	0.000612285273386951
"ENSG00000140836"	475.029641129152	-0.450388057600494	1.5336023957944e-05	0.000252128921096553
"ENSG00000077943"	131.801190257052	-0.450546289092674	7.922436055755e-05	0.000738902883633034
"ENSG00000165801"	801.785836102983	-0.450772706631899	7.1687109745163e-06	0.000163540298151097
"ENSG00000116574"	845.11013934411	-0.450856978901831	1.05468588980743e-05	0.00020444040789702
"ENSG00000268496"	206.190565248239	-0.450939098659845	0.000256547752165119	0.00170641013316287
"ENSG00000142961"	294.872021328737	-0.451105717614202	8.63930503825982e-05	0.000784734254791804
"ENSG00000007866"	113.337542056598	-0.451180749307299	0.00209508312976252	0.00818419840036068
"ENSG00000140807"	175.547259443954	-0.451581327483854	4.68043913433956e-05	0.000513149037066158
"ENSG00000105707"	143.728856226761	-0.451987791025816	0.00064116701368705	0.00335453124820522
"ENSG00000205336"	4124.61672119847	-0.452585434108682	0.000106625811205632	0.000911295972334926
"ENSG00000107719"	670.589782225839	-0.453352924508295	1.24178209285853e-05	0.000222852066953625
"ENSG00000228484"	79.3543834164544	-0.45406134230292	0.00218376753618668	0.00842995976684938
"ENSG00000262296"	30.905134463251	-0.454211717530427	0.00144873493390086	0.00620788509266503
"ENSG00000177426"	142.853540489344	-0.454228243639678	0.00156410439334239	0.0065633663877627
"ENSG00000129474"	46.8073073498352	-0.454287046802183	0.00136046082066374	0.00591652655535246
"ENSG00000226746"	24.2205228811753	-0.454752766786891	4.28784611077735e-05	0.000483978328556134
"ENSG00000126562"	30.1352045802868	-0.455015048943751	0.000116483970682317	0.000970962996297685
"ENSG00000270012"	29.8706786387907	-0.455743451469935	2.87170847559102e-06	9.46948620504755e-05
"ENSG00000100065"	109.920224226971	-0.455783402074937	0.000372527347709045	0.00224570633637863
"ENSG00000176435"	210.488854955876	-0.455848361441341	7.22653110121476e-05	0.000692210794909347
"ENSG00000261685"	131.0891608119	-0.455915353588365	6.76920636549453e-05	0.000660534859236153
"ENSG00000164039"	190.997059006742	-0.456013523547813	6.89561062915107e-05	0.000668322892790413
"ENSG00000262529"	53.1688452185788	-0.456087452536682	0.00272278948359211	0.00996754048938132
"ENSG00000279077"	44.0357868218001	-0.45619748482378	4.29392964099372e-05	0.000484289296607564
"ENSG00000166912"	885.770803766788	-0.456604488885561	1.1070374121234e-05	0.000209170526617783
"ENSG00000089159"	587.204527846947	-0.456851891175396	1.32354784305477e-05	0.000230822989083098
"ENSG00000228624"	59.6946792373386	-0.456897442345218	3.06201530884857e-05	0.000387271036613263
"ENSG00000279948"	42.4668773394159	-0.457231255728604	0.00189562575804343	0.00758423236137877
"ENSG00000117298"	1759.36981423382	-0.45730647211522	4.80246328329604e-08	9.61218610411335e-06
"ENSG00000081059"	68.7323931026242	-0.457528763536284	2.8891324988436e-05	0.000372514140094344
"ENSG00000132819"	439.827057011116	-0.457903424197147	1.19881760458676e-06	5.81274575429629e-05
"ENSG00000143603"	996.395717820723	-0.457982451551345	0.000168323332663322	0.00126521813324618
"ENSG00000031081"	589.180520067238	-0.45839904407467	6.27605350385526e-05	0.00062408843998764
"ENSG00000108784"	247.125796674488	-0.458844955907727	9.0110321299441e-08	1.43617496345118e-05
"ENSG00000134569"	2794.60260509697	-0.459012758221446	0.000450747497207669	0.00259168371340642
"ENSG00000177096"	40.5449346067643	-0.459278381949466	7.5387903830475e-05	0.000712995598150531
"ENSG00000115239"	52.6013425812775	-0.459293756910928	2.48806225434429e-05	0.00033748633241945
"ENSG00000139433"	998.634983395199	-0.459536393713831	5.91376602890483e-05	0.000601041954053746
"ENSG00000114790"	767.427428588797	-0.460305817713922	0.000220217412243165	0.00154026912512864
"ENSG00000227218"	43.6082848014223	-0.460444863406361	0.00210520286838801	0.0082096079960357
"ENSG00000108349"	2739.52967554561	-0.460549663620133	3.23856192519683e-09	1.50744136936692e-06
"ENSG00000115325"	148.686077267951	-0.460579108235534	0.000364449170674909	0.00221826859081584
"ENSG00000176381"	564.028590117255	-0.460767806535577	0.000507534735035999	0.00282825169626823
"ENSG00000204282"	123.826425315754	-0.460937276648831	0.00222722542950905	0.00856315195848543
"ENSG00000228169"	32.0813985932941	-0.461318037123565	0.000994661007946183	0.00471202529375808
"ENSG00000241839"	744.407993375396	-0.461569724117001	0.000100992203178211	0.000875757578491959
"ENSG00000130429"	291.08681611123	-0.461681550813531	0.000277814313499883	0.0018139089573213
"ENSG00000166831"	98.5571305146496	-0.461887946019935	5.70441701128641e-05	0.000585859964291605
"ENSG00000007384"	364.654941842273	-0.462239142472344	8.99333281428551e-07	4.88661785692752e-05
"ENSG00000140848"	705.388484844319	-0.462242020669479	1.16251730855035e-07	1.68306555980182e-05
"ENSG00000120690"	161.807452655568	-0.462766168763029	7.86320619596534e-05	0.000735594392669301
"ENSG00000173457"	503.598845730133	-0.462835412005712	0.000121829084841297	0.00100018660550451
"ENSG00000255423"	54.9568075623878	-0.462993689945389	0.000128194894839232	0.00103665886605099
"ENSG00000132688"	1238.01886800179	-0.463030621369196	4.23237620353305e-05	0.000479604289607731
"ENSG00000229994"	38.1681338887359	-0.463401867894774	0.00195336826631637	0.00776436991363133
"ENSG00000132669"	559.254234433112	-0.463574493075599	0.000103107976320928	0.000887798864126789
"ENSG00000236790"	217.444981263417	-0.463580489302803	0.00025882016768269	0.00171737126267311
"ENSG00000205089"	145.720628589556	-0.463760313127167	2.90078616509538e-06	9.52886111827992e-05
"ENSG00000279738"	235.567224789782	-0.464149152182675	0.000341937727194319	0.00211490265835279
"ENSG00000104870"	775.652814941155	-0.464552499696628	0.000129297686844941	0.00104200937122344
"ENSG00000101194"	73.8196965411297	-0.464791574904227	0.000477046343872016	0.00271231656769685
"ENSG00000170775"	694.806691786725	-0.465000324828344	0.000223867008469871	0.00155756783217134
"ENSG00000160685"	536.106443695781	-0.465207991901213	8.5906111892303e-05	0.000783019634713408
"ENSG00000240219"	101.118579695863	-0.465383675337431	2.62198241086426e-05	0.000349590884881537
"ENSG00000204580"	3204.41114013596	-0.465468697690995	2.12935826707429e-05	0.000307068458870022
"ENSG00000176720"	860.69590761737	-0.465504305344517	0.000418136205145873	0.00244975442449827
"ENSG00000119139"	921.565923111492	-0.465548420150009	9.03076503666616e-05	0.000810461723546062
"ENSG00000260316"	83.7550413343524	-0.465568402178199	0.000167507004092087	0.00126128524122358
"ENSG00000126458"	348.712316696641	-0.465778424990479	0.000134554354360124	0.00107441262079901
"ENSG00000158169"	123.586209228019	-0.466004582542933	5.18410539419545e-09	1.96261590025501e-06
"ENSG00000232176"	26.8129113545736	-0.466004961333103	0.00254442595664529	0.00945331404958675
"ENSG00000155368"	2129.77174295923	-0.466207505511149	2.67632449104836e-05	0.000354365949726273
"ENSG00000220848"	51.3038006948978	-0.466291770566609	0.000396180598270123	0.00235315964044984
"ENSG00000178764"	568.617529188279	-0.466719269738248	3.33999285938521e-05	0.000409190726609236
"ENSG00000142632"	38.567338709014	-0.466983250144565	0.0011704038043668	0.00530162123278047
"ENSG00000267714"	38.6968891604287	-0.467071007924072	0.000356402664425717	0.00218085995832203
"ENSG00000236670"	28.530976875624	-0.467211963237338	0.00109953592307177	0.00506186462793108
"ENSG00000128284"	239.117918719799	-0.467359299334886	0.00126226505449913	0.00559983721213752
"ENSG00000146966"	762.415631685398	-0.467464307607529	1.56616625520105e-06	6.65639993846311e-05
"ENSG00000279573"	103.928107033074	-0.467482540545415	0.000342507366531729	0.00211766497848802
"ENSG00000146674"	400.036885055057	-0.467605396208234	0.00169377612442618	0.00696820469162234
"ENSG00000179954"	152.53176663469	-0.467783466857974	8.05656783555835e-07	4.57681432814685e-05
"ENSG00000206077"	1597.01310164917	-0.467903452464067	6.19026540070003e-05	0.000618774903265097
"ENSG00000279425"	126.91718497666	-0.468098820095125	4.72662519542921e-05	0.000517224408702626
"ENSG00000080573"	4398.90898665899	-0.468101894502731	0.000300863227196996	0.00192662155124326
"ENSG00000135414"	977.147345833065	-0.468931844434782	1.01900194494853e-05	0.000200458062610274
"ENSG00000197892"	669.600417169563	-0.469044075539564	5.26397300102982e-07	3.70858949660468e-05
"ENSG00000197019"	204.330606965151	-0.469271856362522	0.0012327137292953	0.00550420270359532
"ENSG00000162614"	106.533831811158	-0.469554164945321	0.000146691216869216	0.00114929263357752
"ENSG00000122986"	143.799828676652	-0.469747438837202	0.000272653055051832	0.00178855832187774
"ENSG00000157110"	222.720834117033	-0.470116571397968	0.000570617950662302	0.00307997704131395
"ENSG00000100181"	171.285503157091	-0.470441629254911	0.000566561625858871	0.00306390568512172
"ENSG00000148400"	1089.09151106949	-0.470719915032138	6.82845425283083e-06	0.00015969861827986
"ENSG00000116117"	164.41371446353	-0.470961263093004	3.27549712527306e-05	0.000405036867940554
"ENSG00000180739"	285.737765537554	-0.470965007074686	0.000170936174179297	0.0012803848416659
"ENSG00000123560"	21060.1326495983	-0.470988418185436	9.70092172682314e-05	0.000848485597986822
"ENSG00000016402"	69.8226938553385	-0.471282998953618	0.000168826466809667	0.00126789265846195
"ENSG00000054179"	385.659629756153	-0.47151097946658	0.000943890879119765	0.00453199266451562
"ENSG00000027075"	166.167121149645	-0.471717201044211	0.000107972327807878	0.000920381149979576
"ENSG00000257315"	48.3652883599592	-0.471966568540192	0.00208014811531221	0.00814133458591837
"ENSG00000144214"	41.3133337143519	-0.471974709536243	2.2668165136801e-05	0.000319563576166877
"ENSG00000162599"	2990.62046417978	-0.47206607195049	8.59306390503472e-05	0.000783019634713408
"ENSG00000237994"	47.8758789865079	-0.472459629122111	0.000831180423220019	0.0040935675336843
"ENSG00000175832"	53.2196179216433	-0.472746084851848	0.00147672430492818	0.00629335366692962
"ENSG00000176014"	222.139728471591	-0.473135125603709	0.00047824995592241	0.00271687012913942
"ENSG00000279179"	57.4179159773021	-0.473145747444555	1.33864531245045e-05	0.000232279251645258
"ENSG00000187098"	122.81027768309	-0.473225250280069	2.76696268874931e-06	9.35711763486087e-05
"ENSG00000249307"	27.1521178462075	-0.473530127254354	0.000616089139884483	0.00325064981502747
"ENSG00000163820"	335.425780960639	-0.474140611645877	9.92894971796838e-06	0.00019712458073286
"ENSG00000197142"	282.567633826497	-0.474254181218244	0.001851869545419	0.00744771740310684
"ENSG00000104881"	209.487461844387	-0.474360458278318	0.000222973247867671	0.00155449109580649
"ENSG00000225140"	219.942649934428	-0.474452683691235	0.00216846641615683	0.00839099191243239
"ENSG00000106003"	409.292905864483	-0.474748821427875	0.000140753764608489	0.00111259986770718
"ENSG00000168899"	332.567300048611	-0.475390414664482	0.0017224974386523	0.00705432986236546
"ENSG00000272054"	49.7309579330776	-0.475440050624875	0.00028827050352703	0.00186541360045517
"ENSG00000167693"	409.386958047807	-0.475513031223546	1.72668228643029e-05	0.000269948975443457
"ENSG00000102032"	318.480711871115	-0.475582528002074	3.46040122980545e-05	0.000418579665275061
"ENSG00000204301"	954.197488489499	-0.475630405372273	4.16456799989794e-05	0.000475362791659438
"ENSG00000165806"	185.049586413557	-0.475736433667122	0.000490661176884783	0.00276550214947694
"ENSG00000197815"	384.667518369061	-0.475820876388577	0.000335784341035634	0.00208433316344983
"ENSG00000079337"	2193.98016001409	-0.476185346435952	1.51561429691285e-05	0.000249887633072423
"ENSG00000186951"	624.795658020319	-0.476628150552743	5.47166988839419e-05	0.000567714609939296
"ENSG00000179111"	67.3289265643187	-0.476813166624036	0.000386260248848947	0.00230457458004746
"ENSG00000244128"	64.083949667897	-0.477482689091495	0.00103388885747122	0.00483858860893204
"ENSG00000155366"	843.66089704817	-0.477654834625092	0.000341179925162296	0.00211173320813326
"ENSG00000177337"	272.017753313326	-0.477795917715455	0.0011775772205796	0.00531732337298966
"ENSG00000239300"	28.0223723380066	-0.477902674278937	8.16607642981594e-05	0.000754901576726218
"ENSG00000110900"	183.229253365203	-0.478542109137751	0.000908982160527642	0.00439990430689115
"ENSG00000232739"	30.8243148345067	-0.478706869151405	0.000428549744751275	0.00249632039133797
"ENSG00000167565"	102.263113371702	-0.47873614747168	2.55997042288826e-06	9.06682528583859e-05
"ENSG00000162944"	709.504073052775	-0.478754313318455	0.000226164436751634	0.00156847875301153
"ENSG00000215156"	129.798369003655	-0.478847527244045	0.000364685189892654	0.00221892052796828
"ENSG00000132205"	86.8138369758305	-0.478881773220375	3.79616524002459e-06	0.000110939545461024
"ENSG00000142910"	609.818960261738	-0.478911756696652	0.00126178045307576	0.00559913043021217
"ENSG00000180929"	123.429404116039	-0.478928813282178	0.000319617378137273	0.00201228014991839
"ENSG00000172548"	51.2241621914802	-0.479226355768319	0.00133259129665211	0.00581737103456067
"ENSG00000145555"	3420.12039591513	-0.479393718293977	1.84081711979735e-05	0.000280159019302138
"ENSG00000074370"	79.0441684457067	-0.479981924251841	0.000238129296862533	0.00162314392844668
"ENSG00000039560"	174.67707076442	-0.481533612855222	8.63701817981319e-05	0.000784734254791804
"ENSG00000115085"	32.6960509993392	-0.481545898697802	0.000193619189739035	0.00140042081448341
"ENSG00000154493"	138.682689468296	-0.481597884905804	1.26854498779934e-05	0.000225340194788338
"ENSG00000233850"	32.9200843356442	-0.481663078765633	0.000180389771936585	0.00132751139134008
"ENSG00000158156"	174.469037385471	-0.481860742150835	2.65856193414671e-07	2.55652662416019e-05
"ENSG00000156925"	39.8974654019321	-0.483809332230995	0.00256861895416198	0.00952674812712564
"ENSG00000075234"	269.029141678971	-0.483853949008655	0.000126017714454829	0.00102366348226096
"ENSG00000160111"	136.546153244504	-0.484075575181341	2.53350702130471e-05	0.000341230487932065
"ENSG00000205682"	30.5741640434233	-0.484094107547992	0.00141841500596734	0.00610532070460512
"ENSG00000177025"	44.9651178947133	-0.484247891304235	0.00181936850189658	0.0073530852367095
"ENSG00000163072"	221.486015732395	-0.484352351164473	0.000512252331441193	0.00284764422735041
"ENSG00000105974"	165.364734253948	-0.485295798492993	0.000695948958049216	0.00357593116862721
"ENSG00000254726"	57.7972817073291	-0.485333792915206	0.000349296123844579	0.00215191957393059
"ENSG00000279555"	51.3728335575837	-0.485503766858118	0.00149167985104207	0.00634295584881107
"ENSG00000260714"	29.6575078412522	-0.485722474277481	0.00120631128965593	0.00541017098198217
"ENSG00000280381"	132.057218603309	-0.485875988926363	0.000218631711967297	0.00153354020297191
"ENSG00000143171"	190.057862647464	-0.486250197034999	0.00140582930991482	0.00606631735060509
"ENSG00000126785"	431.205089877836	-0.486389292238732	8.61453272349589e-05	0.000784145699468719
"ENSG00000230630"	133.441893762661	-0.486809882640687	0.000843325822418113	0.00413919799865497
"ENSG00000157554"	164.218601897789	-0.486811735578779	6.30453821734756e-05	0.000625540459934784
"ENSG00000092621"	1988.73097216373	-0.486857312683128	2.12357142621576e-05	0.000307068458870022
"ENSG00000124701"	29.1281639476377	-0.487350293291828	0.00120330648648338	0.00540083876892356
"ENSG00000110719"	314.455843207346	-0.487381454145103	0.000298918969729595	0.00191806233128205
"ENSG00000196091"	799.926841369524	-0.487410104121949	0.000236991437148405	0.00161878317763313
"ENSG00000239291"	72.7729847764748	-0.487600248271332	0.000294700944077736	0.00189562307563904
"ENSG00000162337"	288.215842369785	-0.488278519307747	5.73711638594597e-05	0.000587815383043381
"ENSG00000167711"	94.8512896871078	-0.488312438832595	0.00181737271983665	0.00734674415841905
"ENSG00000001617"	335.064183225458	-0.488443879628055	0.00159653479185461	0.00665403229350931
"ENSG00000216901"	84.7430883937501	-0.488448615168657	0.00270815240162745	0.00992834819496676
"ENSG00000174501"	1249.23849226053	-0.488546388092689	0.00224488592124911	0.0086118166620149
"ENSG00000168884"	363.719255062584	-0.488637892633779	1.55870451614381e-05	0.000255523627013175
"ENSG00000149782"	491.957258645527	-0.488678002137751	2.80864277924331e-06	9.40264899082457e-05
"ENSG00000089041"	1711.41457085421	-0.489848403720542	1.59223617258085e-05	0.000258419258587201
"ENSG00000136451"	496.454131128607	-0.489926233169073	1.00177112835126e-06	5.24118128641649e-05
"ENSG00000262223"	182.842076792733	-0.490604553818478	0.0004839804913058	0.00273857863144206
"ENSG00000013297"	1415.93325252584	-0.491384376329395	0.000246698264558297	0.00166265357393969
"ENSG00000154262"	154.539080574562	-0.491543191056697	1.78889060346905e-05	0.000275421949530526
"ENSG00000196187"	1210.21914796508	-0.491595318802517	1.95819725278944e-05	0.000291830729976317
"ENSG00000118707"	84.252968881879	-0.491750262774182	0.000120786807794331	0.00099478627873867
"ENSG00000104903"	100.302100142087	-0.491853515978945	0.000321562159698014	0.00201915204250473
"ENSG00000133246"	181.320075912498	-0.491935458238492	0.000213278494604021	0.00150490139797887
"ENSG00000182103"	1141.49476451016	-0.492088379794817	0.000231340994420366	0.0015928290147831
"ENSG00000135821"	44040.0990335845	-0.49211384764196	3.18115679529384e-05	0.000397432478313761
"ENSG00000173546"	681.964808788243	-0.492152562648983	4.67621134586799e-05	0.000513012274674478
"ENSG00000281969"	34.3117103224289	-0.492242187045273	0.000128857012144104	0.00103937007967969
"ENSG00000131196"	150.778025157603	-0.492949868991889	0.000951426860463334	0.00456233772484794
"ENSG00000154080"	55.7019747190454	-0.493295595819313	0.000119376426099306	0.000986001162402757
"ENSG00000067900"	1224.02921720848	-0.493332713930931	3.58450266783427e-05	0.000428472530704385
"ENSG00000104324"	310.613562393881	-0.493957446511024	7.23175144767423e-06	0.000164221817505035
"ENSG00000095397"	524.7920834117	-0.494808936472674	2.10944438704884e-06	7.99776789301139e-05
"ENSG00000129757"	517.632474806991	-0.495730785830528	4.46028740153235e-06	0.000121287404490642
"ENSG00000187840"	99.1024462735184	-0.495930531926891	0.000130905802070627	0.00105195218069173
"ENSG00000272760"	45.9001329732179	-0.496258021311183	0.000626217921055125	0.00329132490843416
"ENSG00000109063"	135.520001098673	-0.496609161493982	2.88972608794593e-09	1.50744136936692e-06
"ENSG00000111961"	2071.27232931034	-0.496638748851052	5.88725516312618e-06	0.00014635813671554
"ENSG00000235865"	132.153088762688	-0.496919929997098	1.21063914912788e-05	0.000219355070251981
"ENSG00000179627"	38.2562586314353	-0.497036687899976	0.000489264563475653	0.00276214587566155
"ENSG00000138119"	183.959155359597	-0.497087608353411	0.00153329600121465	0.00647671756292214
"ENSG00000148204"	723.649552945291	-0.497449265291736	0.000162813365056375	0.00123512844985253
"ENSG00000166348"	1231.36573821941	-0.497514280432158	5.71158324003449e-08	1.04588810968844e-05
"ENSG00000054598"	203.460898981112	-0.497566096348918	0.000160213790523262	0.0012195361973397
"ENSG00000173269"	352.249022037702	-0.497655650079638	7.13125005880259e-05	0.000685372458191898
"ENSG00000173926"	84.2101910739368	-0.498021789120283	0.000710600226353674	0.00363169884092215
"ENSG00000259976"	613.162490607151	-0.498158494950375	0.000138836407150939	0.00110331997981954
"ENSG00000265293"	33.9538069073418	-0.498160782506215	7.35374311214966e-05	0.00070088582607659
"ENSG00000213891"	26.2680026452968	-0.498722739312746	2.91711380533271e-06	9.54122966362663e-05
"ENSG00000185829"	136.777881318208	-0.498747068967827	0.00166147031823053	0.00686829620242023
"ENSG00000122786"	1808.37178889178	-0.498771545772886	1.61721345282144e-05	0.00025991685493385
"ENSG00000179241"	279.255732666903	-0.498864085249499	7.09225095623548e-07	4.20013920228239e-05
"ENSG00000113504"	881.60291078842	-0.498896572076415	0.000241936674815432	0.00163890436190399
"ENSG00000119535"	207.821700831355	-0.498912504299537	0.00234569767945918	0.00889531118615688
"ENSG00000144843"	53.4618340333439	-0.498939871222805	0.000474379496152474	0.00270201663377649
"ENSG00000122679"	218.546219701029	-0.499195310068738	0.000548494030085132	0.00298867608099252
"ENSG00000166482"	44.4614403972464	-0.499372583201354	5.30780890650051e-05	0.000557212237298725
"ENSG00000176105"	382.924161210298	-0.500054036469552	2.50898558767647e-05	0.000339255058292813
"ENSG00000147421"	932.533693792966	-0.500518502433828	1.84626295517385e-06	7.32251710769757e-05
"ENSG00000101335"	407.389254822239	-0.500934210886703	0.000176029684406111	0.00130772505726474
"ENSG00000169246"	115.936960388358	-0.501617145610751	0.000306789754014239	0.00195222626094163
"ENSG00000150907"	340.643702371576	-0.501833961212722	1.38618966913189e-05	0.000235614535231237
"ENSG00000234465"	158.810695283491	-0.501934025261744	5.91509365111861e-05	0.000601041954053746
"ENSG00000053918"	34.3790372854783	-0.502078215908371	0.000525385140240059	0.0028920544991852
"ENSG00000229948"	46.3076012552052	-0.502181558169996	0.000497353749060929	0.00278858308879015
"ENSG00000103257"	3747.16988200788	-0.502249719509395	3.02518801933524e-06	9.7595335315393e-05
"ENSG00000168461"	3228.09851993536	-0.502330667082274	0.000103142763708854	0.000887798864126789
"ENSG00000278041"	150.228778720758	-0.502394661207164	7.33498900812447e-05	0.000699758959826699
"ENSG00000185650"	2291.64195954191	-0.504652572475663	0.00051627991140073	0.00286014323035477
"ENSG00000157483"	267.561061079981	-0.50476358804713	7.66809660402224e-08	1.2940288906376e-05
"ENSG00000252206"	35.4538260541604	-0.504801334827275	0.00253253908680538	0.00942746438174329
"ENSG00000108823"	29.9874710989166	-0.504825761877251	0.0014796771659608	0.00630281689128516
"ENSG00000164692"	246.152901501211	-0.505463818791189	0.00217428426623318	0.0084070737309711
"ENSG00000260912"	157.990894156474	-0.505715785156398	6.10749730818064e-05	0.000612285273386951
"ENSG00000151552"	6611.54317904159	-0.506236562819024	1.00822076498522e-07	1.56346883132348e-05
"ENSG00000140368"	87.2009588923968	-0.506284370669317	1.19678431396303e-06	5.81274575429629e-05
"ENSG00000263235"	37.0708429610367	-0.506317890100482	0.00210713586958249	0.00821520492029975
"ENSG00000005243"	121.516987709193	-0.506875412789455	9.04672874235796e-06	0.000187503604236563
"ENSG00000205517"	392.960738433966	-0.50751161321824	0.00047713324620845	0.00271231656769685
"ENSG00000133574"	231.510929993523	-0.50760105178868	0.000250864436113218	0.00168092886402514
"ENSG00000266946"	24.2196098911656	-0.507705997975658	0.000334762496247381	0.00208226137437913
"ENSG00000136541"	2224.32112730622	-0.507708625592126	0.000101346765778478	0.000876936514862595
"ENSG00000057704"	288.532265803152	-0.508892833209325	2.79531187595043e-06	9.397598304831e-05
"ENSG00000120215"	32.163109199847	-0.509152907858613	1.78397997135626e-05	0.000275275005702711
"ENSG00000149452"	34.7848609854427	-0.509230743764247	0.000626014624015064	0.00329126136932538
"ENSG00000185507"	260.40838511859	-0.509500005849906	0.000609540998516995	0.00322038956644353
"ENSG00000114541"	336.066897943501	-0.50970122175219	2.71175832314856e-06	9.24306851809033e-05
"ENSG00000105355"	290.909623587169	-0.510208819494497	3.17374689274947e-05	0.000397306947381067
"ENSG00000151838"	36.5090503424215	-0.510286410879026	0.000234294808703231	0.0016060997778609
"ENSG00000146535"	2252.07157265624	-0.510382551753807	1.62930266984684e-05	0.000260643000521131
"ENSG00000076067"	682.88094353713	-0.510771482154608	1.43508680743633e-05	0.000241704004074379
"ENSG00000281708"	75.0320118373475	-0.510793934049525	0.000230102764916373	0.00158684250501023
"ENSG00000183230"	240.784582488452	-0.511189662171393	0.00150398852462721	0.00637953535594089
"ENSG00000174705"	452.887510174693	-0.511796629004647	6.01343657416588e-07	3.90601070758933e-05
"ENSG00000265460"	42.8366525055036	-0.511850858200364	0.000806610906370589	0.004003516012502
"ENSG00000158352"	337.501706179031	-0.512014691330058	4.10961391797302e-06	0.000116227342216805
"ENSG00000139800"	98.8448764318225	-0.512117206849263	0.0003693965931251	0.00223337673251224
"ENSG00000237575"	30.5601118757319	-0.512231940601884	8.19312269382285e-05	0.000756411367903326
"ENSG00000229585"	50.8539564212625	-0.512449431595929	0.000841787736136047	0.00413518615927791
"ENSG00000152689"	256.007174450009	-0.513044692992197	7.65731727023232e-06	0.000169415684026361
"ENSG00000236467"	72.0523218810294	-0.5130874112925	0.000490576123779865	0.00276550214947694
"ENSG00000182310"	511.738694074716	-0.513392287466106	4.18293948974764e-07	3.21432756415295e-05
"ENSG00000076555"	1260.1918652149	-0.513440394309836	2.9173523846424e-05	0.000374749153707834
"ENSG00000187244"	900.863305972397	-0.513785615728559	3.3580970915981e-05	0.000410823917822872
"ENSG00000113916"	1727.87749377808	-0.513972168116832	0.000303840230175179	0.00194240456946951
"ENSG00000173548"	504.073625997253	-0.514756379261104	2.6513350018136e-05	0.00035186915486675
"ENSG00000128283"	715.578425884991	-0.514790263333939	4.83369722785774e-05	0.000523457671420182
"ENSG00000149564"	627.976880940703	-0.515349965743471	9.49287820972322e-06	0.000192531257087592
"ENSG00000198286"	72.4899660058885	-0.515374066275821	0.000234764598326571	0.00160867955055544
"ENSG00000154274"	58.9675528146534	-0.515931014435622	0.000336875216231819	0.0020903507919965
"ENSG00000261490"	33.2732033849716	-0.51642386693852	5.62561252272507e-06	0.000141930559026884
"ENSG00000141934"	362.15302204215	-0.516424539484664	9.36853190615087e-05	0.000830383829560118
"ENSG00000174059"	608.291554894517	-0.516498055142372	0.000411319787509643	0.0024180490103837
"ENSG00000164938"	196.804934993252	-0.516607819626046	4.52634180463429e-05	0.000501686551726788
"ENSG00000176771"	193.563268253505	-0.516757134857215	3.96555903695453e-05	0.000458422885850224
"ENSG00000101974"	93.2909909008067	-0.516893647378506	1.68208825161563e-05	0.000264701871764908
"ENSG00000205927"	970.540739390093	-0.517452557245196	7.1571663128363e-06	0.000163540298151097
"ENSG00000250933"	49.9931306307799	-0.518004223560605	0.0017674618875305	0.0071911489288044
"ENSG00000113140"	3081.3582427892	-0.518074087290054	0.000195666614678624	0.00140920897006827
"ENSG00000234709"	54.3667415605584	-0.518326981797703	0.000351558280417503	0.00216274934983076
"ENSG00000173641"	54.2281234563984	-0.518670702637417	0.000828005044768153	0.00408496727876017
"ENSG00000230701"	39.8127635962338	-0.519160005516757	0.000131773699634876	0.00105744554396975
"ENSG00000268093"	46.3945721611801	-0.519473506613498	0.000124305726434135	0.00101406372943638
"ENSG00000150281"	92.3208848527171	-0.519623174196172	4.50797557686082e-05	0.000500295187649937
"ENSG00000232696"	30.540933862853	-0.520193729636772	0.00109599666082645	0.00505461212717512
"ENSG00000229956"	63.0258485710016	-0.520396121316002	0.00103773245155822	0.00484866685360251
"ENSG00000182492"	1327.51283254296	-0.520449426732555	0.000106288740131178	0.000909770305260056
"ENSG00000166265"	132.264090413222	-0.520498078014698	0.000448879408000949	0.00258327022732208
"ENSG00000107736"	263.82535863834	-0.520565990236666	1.01480534512058e-05	0.000199860919972088
"ENSG00000135547"	155.601240244316	-0.52068416171259	1.37997732114967e-05	0.000235013359213801
"ENSG00000260911"	51.4340270905982	-0.520798742556639	4.13617003753707e-05	0.000473197091702043
"ENSG00000235823"	236.717075467764	-0.521186654806645	1.3133293273199e-05	0.000229273201938716
"ENSG00000066056"	615.759654933499	-0.521259685070474	3.44078538512599e-05	0.000416885150821859
"ENSG00000137076"	2681.48836240035	-0.521279249295365	5.01973317047885e-08	9.93157092683362e-06
"ENSG00000237718"	36.4063134089322	-0.52137690874565	9.24953250657669e-05	0.000823175861666089
"ENSG00000123374"	59.2273345296494	-0.521555225605256	0.00199667819697615	0.00789231818120072
"ENSG00000224536"	49.4496853569932	-0.521703984791795	7.37982696262787e-06	0.000165648094623144
"ENSG00000226454"	40.4149353932359	-0.522162695540631	0.000669540109420884	0.00346610342961253
"ENSG00000043355"	397.844977988121	-0.522836545074518	0.000132580178200297	0.00106292622606507
"ENSG00000184371"	492.70507360954	-0.523035828715922	0.00052937443908536	0.0029102913509985
"ENSG00000108622"	86.7178636268977	-0.523070544464103	0.000222560721071802	0.00155350271362892
"ENSG00000189058"	4707.13237835152	-0.523238373679968	6.08541942749009e-07	3.92315822492086e-05
"ENSG00000136830"	1097.32856185458	-0.523801461169005	2.09420676707304e-05	0.000304713280487137
"ENSG00000158710"	1143.5688676352	-0.523831185091575	0.000480044909612955	0.00272422628617531
"ENSG00000109906"	1738.07818450505	-0.523891588415367	3.50362994634806e-06	0.000104874833593886
"ENSG00000158195"	2154.36862744178	-0.525198137354279	1.78553232099886e-05	0.000275275005702711
"ENSG00000148180"	4665.69356008863	-0.525268746237416	1.32998475568853e-07	1.76100212305129e-05
"ENSG00000112343"	145.063497729992	-0.525345923312589	0.000143414277535306	0.00112875626850262
"ENSG00000070214"	2428.18263653013	-0.52566568852546	5.53198073629701e-09	1.98379134195584e-06
"ENSG00000279355"	189.186925742174	-0.526407207566433	1.99016316781146e-07	2.16814421566701e-05
"ENSG00000163513"	330.190317895541	-0.526449016046222	0.000834072436871976	0.00410079658836827
"ENSG00000104518"	405.326119335255	-0.526792782469336	0.000221757304425923	0.00154915116927086
"ENSG00000143178"	28.9917404070816	-0.526989902026418	0.000260299678352337	0.00172394704250819
"ENSG00000119938"	764.239197385681	-0.527005024397431	0.000203788536899629	0.00145190897584988
"ENSG00000262881"	68.0003522872877	-0.527152972496184	0.000113535156711471	0.000953307635353435
"ENSG00000213719"	360.463214863996	-0.527171167861469	0.000877687825979699	0.00427615073551898
"ENSG00000090376"	141.076946037267	-0.527342680777744	0.000769698277763341	0.00387279054520327
"ENSG00000037280"	171.618987992435	-0.527789818806211	3.93880778614389e-05	0.000455942827322763
"ENSG00000143545"	813.94315201652	-0.52828522093104	0.00032324985757643	0.00202751917070949
"ENSG00000100300"	490.067389988388	-0.528368293057345	5.19720814535674e-05	0.000548831557092182
"ENSG00000152661"	7081.72289377033	-0.528405044519407	0.000814425557309143	0.00403236812437264
"ENSG00000267690"	37.9462205855705	-0.528579907730238	0.000357620960554966	0.00218598352060818
"ENSG00000268403"	40.759643746969	-0.528651790056934	1.51089744189125e-05	0.000249588077421056
"ENSG00000228886"	34.5523947961077	-0.529304851149359	0.000679607915135772	0.00350662201535733
"ENSG00000005513"	1884.32763738957	-0.529538087690107	6.41366326361815e-07	3.98550129085412e-05
"ENSG00000169203"	76.8314476410454	-0.529795873784508	0.0014076163851021	0.00606946413746554
"ENSG00000247627"	238.462597476278	-0.529912630741772	0.000708013638459605	0.00362278203293852
"ENSG00000146122"	2309.58600636931	-0.53003278373718	2.08822185277333e-06	7.95233689198837e-05
"ENSG00000270804"	31.4793924123457	-0.530483963119561	0.000310443683900752	0.00196965246258151
"ENSG00000127325"	53.2206653817496	-0.531317137516796	0.00140662454382977	0.00606670715934396
"ENSG00000220744"	34.6952243759594	-0.53154219382913	0.00156218501774652	0.00656127747044552
"ENSG00000111907"	1640.49170252841	-0.531896689400674	4.61725985887338e-05	0.000508542593790016
"ENSG00000159588"	33.4718599624471	-0.532204373819657	4.53074092672215e-06	0.000122025486211097
"ENSG00000170759"	6013.97421908142	-0.53228799645323	3.23493085632246e-06	0.000100822933903302
"ENSG00000248483"	34.8225636535263	-0.532548151908627	0.00201053053786367	0.00793198765717337
"ENSG00000198156"	47.0426793713113	-0.533002802150435	0.00131260010479298	0.00575679829613737
"ENSG00000187800"	206.728647602401	-0.533079718619366	0.000123735306651941	0.0010103680424098
"ENSG00000135269"	43.4659747129358	-0.533311166713056	0.000430469347333625	0.00250456554146141
"ENSG00000128849"	1065.99319190632	-0.533381186184885	1.10548017366189e-05	0.000209105826694968
"ENSG00000166289"	183.845434394957	-0.534445431617536	9.83460013932963e-06	0.000196081054070099
"ENSG00000124126"	3339.63537657881	-0.534601937463483	3.24030271693349e-09	1.50744136936692e-06
"ENSG00000164330"	139.53340789681	-0.534607365375348	0.000451883977523137	0.0025970881152273
"ENSG00000173040"	36.3024398223279	-0.534754319019556	0.00116953103728816	0.00529906231767334
"ENSG00000275484"	49.9455504025789	-0.534815428286401	0.00147544097768391	0.00628944169115234
"ENSG00000228779"	58.9348102793609	-0.534898494010739	0.000894883538471875	0.0043439453885269
"ENSG00000105559"	166.824689968228	-0.535209240391545	0.00200658642037533	0.00792005779727599
"ENSG00000117266"	2717.47558029667	-0.535673661006022	5.41920255893821e-08	1.02842057529402e-05
"ENSG00000113721"	1802.56883424515	-0.536748809010028	5.17339302563805e-08	1.01192743352622e-05
"ENSG00000278891"	32.9730166915209	-0.536957818274203	0.00192396220688223	0.00767845153421373
"ENSG00000225877"	81.6449888782296	-0.536998343676478	0.000155869265023359	0.00119668941072573
"ENSG00000012211"	61.076752789078	-0.537563098116117	8.91430233941318e-05	0.000804242608280521
"ENSG00000260418"	291.700902792942	-0.537691316968815	1.11929092935123e-05	0.00020987314560918
"ENSG00000179314"	657.533514816056	-0.537757980912025	6.04947448960449e-07	3.91464678156249e-05
"ENSG00000084093"	220.406846782131	-0.538133643456695	5.19085683259728e-05	0.000548831557092182
"ENSG00000182118"	146.670232036321	-0.538425741686477	0.000622197501497072	0.00327719877395015
"ENSG00000125753"	370.316419781199	-0.538556802837102	1.21476764577481e-07	1.72484153203601e-05
"ENSG00000173801"	494.880901325359	-0.538651818191884	4.51757041154804e-06	0.000121882350304038
"ENSG00000134294"	1825.64299227288	-0.538824133874682	6.44138641204678e-06	0.00015444862138909
"ENSG00000165458"	1663.43311934952	-0.539009153681624	5.22631679915359e-09	1.96261590025501e-06
"ENSG00000213694"	190.731127575596	-0.539703975946956	0.000582352537560872	0.00312177957926979
"ENSG00000213722"	972.328706640651	-0.539885519941786	2.59563641891868e-07	2.52966657200805e-05
"ENSG00000247675"	30.1947961022852	-0.540309779979583	1.40665721104065e-05	0.000237846665752875
"ENSG00000166387"	286.433012272818	-0.540975348704292	8.32098683586117e-07	4.65586833682642e-05
"ENSG00000255823"	196.412141445383	-0.541014880353011	0.00246469210826267	0.00922076619420241
"ENSG00000155324"	1269.43533505888	-0.54142459384866	4.80320337973599e-05	0.00052195416524871
"ENSG00000119403"	512.924162302599	-0.541439856139387	8.24749352075119e-09	2.78019590273012e-06
"ENSG00000198113"	81.4017540110322	-0.541635152087104	0.000904251679320993	0.00438323969477675
"ENSG00000157978"	324.523535310693	-0.541753681352371	5.50077074736468e-07	3.76888026803345e-05
"ENSG00000072864"	198.997085846192	-0.541990169462085	5.51571748539017e-06	0.000140032514861388
"ENSG00000111321"	355.567086216177	-0.542381841163824	6.6518256995986e-05	0.000651031099771347
"ENSG00000064655"	224.436797977341	-0.542430585226888	0.000128283805118653	0.00103668973591896
"ENSG00000235786"	26.2916081623418	-0.542836953424506	0.000250568097913198	0.00168092886402514
"ENSG00000146197"	173.959565215689	-0.542933636705804	0.000572610029082944	0.00308682785905603
"ENSG00000229344"	175.806668183782	-0.543054435213828	0.000189923912434916	0.00137822947080195
"ENSG00000172037"	1496.83947154866	-0.543116463035863	6.87141800749298e-07	4.15009537413953e-05
"ENSG00000149451"	547.415990787752	-0.543226647753097	2.0981890935093e-05	0.000305034872183915
"ENSG00000160447"	189.014961186157	-0.543495150022566	0.00010464424723778	0.00089882306771652
"ENSG00000143842"	561.346105681161	-0.545609443895685	1.70787034755264e-06	6.93338969160933e-05
"ENSG00000229806"	47.5023272935394	-0.546677844504119	0.00043014977484998	0.00250394591629784
"ENSG00000129038"	31.5260067357742	-0.547140253159235	2.85868382519274e-06	9.44463045739783e-05
"ENSG00000111215"	49.8671871994826	-0.547824916091783	0.000951536189635979	0.00456233772484794
"ENSG00000183111"	645.882640005246	-0.548212353106017	5.91229748732296e-07	3.88428918508741e-05
"ENSG00000236753"	84.4926984920356	-0.549065418875006	3.86768389212507e-07	3.02611103796131e-05
"ENSG00000173918"	349.309943902433	-0.5492171972434	0.000653510947203227	0.00340668804791313
"ENSG00000233469"	46.731691631932	-0.549291450232021	5.91113634815336e-07	3.88428918508741e-05
"ENSG00000261574"	28.2126075778761	-0.54931428708401	0.00029774061543932	0.00191231687073023
"ENSG00000119699"	538.98023392022	-0.550437729599999	0.00023535094098434	0.00161077365692384
"ENSG00000250786"	33.7464869499788	-0.550439712249643	0.00177855557616747	0.00722546073461665
"ENSG00000177807"	2895.67012298965	-0.552797659980757	1.2242871081052e-05	0.000220897840585061
"ENSG00000214353"	174.01226647343	-0.552909093701673	5.09186633804603e-05	0.000541026514054236
"ENSG00000164050"	4024.09280566785	-0.553263162306722	2.60123733948426e-07	2.52966657200805e-05
"ENSG00000138772"	223.286744453855	-0.553544516211552	4.11722442829002e-05	0.000471873026670739
"ENSG00000179348"	160.858931049239	-0.553747506440879	6.97045896630308e-05	0.000674347833391902
"ENSG00000275465"	36.6729538046247	-0.553867600530505	0.00176701188348573	0.0071911489288044
"ENSG00000139352"	662.79293208719	-0.55503336360586	3.60131017569532e-05	0.000429884549613339
"ENSG00000171840"	72.1588106150231	-0.55512537085251	2.30632671838656e-05	0.000321708280418055
"ENSG00000237949"	490.853923117831	-0.555366614676209	0.000671035605879783	0.00346967133794193
"ENSG00000140067"	184.106767249813	-0.55572400463447	0.000606215780077833	0.00321189588557693
"ENSG00000225937"	28.8495342083636	-0.556377698858761	4.84278561302235e-05	0.000523457671420182
"ENSG00000170439"	72.5920434943673	-0.556843504552721	9.21680886905785e-05	0.000821532281707991
"ENSG00000086730"	260.855496935168	-0.556884179475743	0.000724264072026616	0.00369057355588933
"ENSG00000141540"	1210.70254317987	-0.556986266707047	8.54413177179714e-07	4.74419807057884e-05
"ENSG00000198938"	616305.022571807	-0.557105494087358	0.000247870204039887	0.00166793972718474
"ENSG00000106404"	233.764027940903	-0.557431960761498	1.04020053492649e-05	0.000202774312657868
"ENSG00000224727"	60.7446756964669	-0.55820235425447	0.000471775735426757	0.00269253174200954
"ENSG00000077942"	483.940748786186	-0.558907840801196	7.00748036420568e-07	4.18818609406501e-05
"ENSG00000223802"	1344.46031477628	-0.559392613283829	2.63513237622309e-08	6.21349775231892e-06
"ENSG00000120129"	1341.1712812447	-0.559463144933457	7.41481552719827e-05	0.000705534658207097
"ENSG00000084453"	1166.47947817704	-0.559799648054038	2.75522492197898e-05	0.000360926077488768
"ENSG00000158186"	4227.95030722091	-0.560211756350532	5.38256426663703e-10	5.14722659564573e-07
"ENSG00000257438"	69.6851869292391	-0.561384216663169	0.000177941040713151	0.00131650472819917
"ENSG00000198719"	362.053466113417	-0.561445476028305	2.58528198067784e-07	2.52966657200805e-05
"ENSG00000173156"	31.5471181037715	-0.561507151838811	0.002168798176867	0.00839099191243239
"ENSG00000112773"	88.525905151297	-0.561603328953571	0.000332472670709645	0.00207049641133326
"ENSG00000229990"	47.2179063081322	-0.561706500219082	1.987152868702e-06	7.67722819874024e-05
"ENSG00000198624"	361.831288712963	-0.562420533578124	2.73206117209336e-09	1.50744136936692e-06
"ENSG00000125820"	119.535961736623	-0.562527230066546	3.25451674691904e-06	0.000100959163037347
"ENSG00000144579"	931.485033287351	-0.56283446470801	4.15537981179597e-06	0.000116528433408725
"ENSG00000147488"	352.329104727589	-0.563116665555304	4.02051741054852e-06	0.000115150026934728
"ENSG00000183770"	31.5052721741954	-0.563242344071313	0.000466756417273651	0.00267274724235907
"ENSG00000198740"	898.920037102499	-0.563444249233398	1.14887803960745e-08	3.59557049013872e-06
"ENSG00000169105"	112.076634285027	-0.563893490612124	9.76132899167512e-07	5.13827999797259e-05
"ENSG00000101342"	31.5162628762791	-0.564743630936562	8.92436313238881e-05	0.000804688646400254
"ENSG00000178878"	1507.88452967034	-0.565053757061576	0.000702282924949094	0.00359987968646479
"ENSG00000160808"	74.2660686433463	-0.566268862183902	1.62273628849011e-05	0.000260318357257971
"ENSG00000111077"	2412.87400112259	-0.566564915452667	1.01764700636604e-06	5.24914566211091e-05
"ENSG00000117318"	717.073435714778	-0.566927112657944	0.000122124039176717	0.00100148693966119
"ENSG00000271425"	42.3791812324482	-0.567189062466299	6.14483913797534e-06	0.000150639268852182
"ENSG00000276045"	116.254827909013	-0.567217549984305	9.17024527599701e-06	0.000188137582760115
"ENSG00000130158"	766.965747118855	-0.567244723049973	2.35611376096221e-07	2.44935675692351e-05
"ENSG00000168672"	195.837408202879	-0.567335648316702	3.73747654457671e-07	3.02433000493043e-05
"ENSG00000177105"	497.711352418351	-0.567529159557503	2.1558417725637e-06	8.11853558109708e-05
"ENSG00000124920"	2265.24619032221	-0.567699347159243	5.63654121806862e-06	0.000141930559026884
"ENSG00000273691"	32.1516923797647	-0.567886791395333	0.00230513273622982	0.00878420407100373
"ENSG00000073350"	241.16005349742	-0.568045110727852	7.86575106722702e-06	0.000172037068767698
"ENSG00000153822"	260.961844574402	-0.56836926664876	7.58253975681669e-05	0.000715953136775017
"ENSG00000164889"	360.896629333112	-0.568485279518847	2.93230590333565e-07	2.71364416742562e-05
"ENSG00000085276"	210.18455612848	-0.568819566318881	0.000412752998233772	0.00242481821112557
"ENSG00000112561"	526.720238482269	-0.569111997044537	4.15427508285371e-07	3.20661600902067e-05
"ENSG00000106333"	118.345755689544	-0.569178047373777	2.10497089997629e-08	5.1761234430417e-06
"ENSG00000171115"	115.742486986588	-0.569228062176864	0.000194359346441335	0.00140272848230386
"ENSG00000152284"	206.813241330951	-0.569368646383061	1.24188912689748e-06	5.87270262123252e-05
"ENSG00000264304"	153.967824846886	-0.570083358610147	0.00229167645182223	0.00875514392952425
"ENSG00000273136"	269.374484532249	-0.570093166955007	0.000277711035506365	0.0018139089573213
"ENSG00000129250"	5527.67282472726	-0.570908475834386	3.72422650645485e-05	0.000439980170594423
"ENSG00000133195"	356.394368941309	-0.571425048291625	1.24764014173754e-08	3.70269478616005e-06
"ENSG00000261329"	60.6594515383766	-0.571588985927837	7.6414786276782e-05	0.000720727515716301
"ENSG00000102221"	88.0864615673301	-0.572768776943603	2.51724541985022e-08	6.10272470589885e-06
"ENSG00000198732"	902.767526285704	-0.572941088226435	5.60834014623983e-05	0.000577370567806376
"ENSG00000231741"	49.5672397838683	-0.572952401604698	0.000927407426018471	0.00446280794633938
"ENSG00000228981"	32.7264713937635	-0.573047077359306	0.000145223524053063	0.00114038892314114
"ENSG00000135437"	33.325552433754	-0.573140685364087	2.32349534886274e-05	0.000323069455187846
"ENSG00000020577"	962.21301249084	-0.573480108508443	2.50733889375382e-06	8.93557440542121e-05
"ENSG00000250208"	37.2278492265498	-0.57374799203222	0.000884894889793911	0.0043051712091641
"ENSG00000265600"	35.453064586214	-0.573828436039244	0.00124380189338922	0.00553504705039003
"ENSG00000205364"	1396.33952101872	-0.574701318217708	0.00186031458332819	0.00747818657702665
"ENSG00000148426"	26.0811003389535	-0.574741349937234	1.57582316550979e-05	0.000256546729174729
"ENSG00000104689"	34.7707141810842	-0.574908205957085	0.000663279514492316	0.00344301275119308
"ENSG00000153048"	585.980482159646	-0.575709536330669	8.16945327190434e-07	4.61051800555047e-05
"ENSG00000243658"	30.111095220024	-0.576001379179248	0.000705917822941237	0.0036152822035964
"ENSG00000064961"	485.606359427853	-0.576044252653685	1.34039573946151e-07	1.76123907353825e-05
"ENSG00000143409"	593.917558656373	-0.57724480967646	1.32939882955113e-08	3.8138236755106e-06
"ENSG00000092820"	3165.39839226346	-0.57758668968172	3.98499343212352e-07	3.10378696593404e-05
"ENSG00000126878"	1789.677918726	-0.577595071072879	1.36324971797333e-05	0.000234163697538546
"ENSG00000244300"	55.7617107268055	-0.578044994069194	0.000292467212262667	0.00188760334633569
"ENSG00000117394"	2375.81894260931	-0.578511096593048	3.0572793814912e-07	2.7697342101899e-05
"ENSG00000270020"	27.5908521485354	-0.579558053510903	4.38567626934807e-05	0.000490517515427474
"ENSG00000263883"	40.3391139918331	-0.580535441437581	9.42307877140882e-05	0.000832646072342197
"ENSG00000200372"	37.4864721902104	-0.580775102162039	0.00215724018810303	0.00836319264815709
"ENSG00000107738"	1724.6255331706	-0.581016117417104	0.000152696185439609	0.00118110457740843
"ENSG00000235387"	54.3662406679444	-0.581148871869541	7.07488777733496e-05	0.00068185914507988
"ENSG00000262089"	66.7610808254068	-0.581189011052906	0.000574472547306334	0.00309302344597558
"ENSG00000089327"	234.796009804423	-0.581691671086539	4.22444181470121e-05	0.000479064532314326
"ENSG00000215158"	108.392356017141	-0.581739529511832	6.24490174097894e-05	0.00062240192384855
"ENSG00000174607"	691.149214962831	-0.581745436613182	6.64198304918489e-06	0.000157260597284208
"ENSG00000184221"	2956.88657019887	-0.58193261862272	1.19383345736941e-05	0.000217496436138766
"ENSG00000136732"	164.611342979026	-0.582250817124031	1.2223199587429e-05	0.000220774327910194
"ENSG00000102575"	27.5341884833791	-0.582698966934558	1.47934066819219e-05	0.000246982453167723
"ENSG00000177469"	1066.74449647057	-0.58292302094207	1.63801989483887e-06	6.76520950845204e-05
"ENSG00000137198"	423.621788348598	-0.583198463503342	0.00100647125278249	0.00475112718698439
"ENSG00000122863"	464.156333294916	-0.583483604769009	6.21456458053361e-05	0.000620193732668838
"ENSG00000088826"	1358.93240296449	-0.58355660543923	3.07709356701945e-07	2.77308961094795e-05
"ENSG00000167676"	506.573068501237	-0.58419445630253	0.000279288253995463	0.00182098057425148
"ENSG00000130147"	439.977357323705	-0.584646107593934	3.50466526660355e-08	7.73407733769833e-06
"ENSG00000248100"	39.4316302271842	-0.584685878195778	0.000218011313937162	0.00153087663753052
"ENSG00000166508"	880.495975673514	-0.584766052493088	6.55805703270691e-08	1.16375088354623e-05
"ENSG00000227929"	40.9730218961876	-0.585014127266891	9.977369046838e-05	0.000866063809395979
"ENSG00000261630"	43.4473784533619	-0.585150975734924	0.000504298851609595	0.00281837369867846
"ENSG00000128602"	257.965245366	-0.585533359617677	7.50723490515673e-06	0.00016673810893221
"ENSG00000154898"	268.359227623984	-0.585902735992579	0.000310938357870638	0.00197206409507269
"ENSG00000145936"	27.9310773200419	-0.586119805803151	3.78857265099561e-05	0.000445137891068856
"ENSG00000167900"	45.417056216438	-0.586485864667496	3.43918408942789e-06	0.000103987067745169
"ENSG00000256148"	41.0011159180667	-0.586681976088585	0.000179453887132233	0.00132402047115607
"ENSG00000197182"	443.749579088385	-0.587143173450627	3.6184487030285e-06	0.0001068342324618
"ENSG00000245534"	30.7579683618354	-0.587624874472892	9.54172034146388e-05	0.000838042945319682
"ENSG00000164406"	36.2805883272799	-0.587735011617601	3.64179511506124e-07	3.02433000493043e-05
"ENSG00000129667"	445.534227963784	-0.58800669865273	0.000967629536492037	0.00461891492280572
"ENSG00000150760"	1239.72630743617	-0.588069607047477	2.75477039913918e-07	2.63432571557682e-05
"ENSG00000141338"	452.881597117952	-0.588342393989106	1.10092444756605e-05	0.000209105826694968
"ENSG00000021300"	11075.0693389903	-0.590217125073936	1.76744687963664e-07	2.02820420927903e-05
"ENSG00000115468"	2324.94257330359	-0.591015475927128	1.25876564675218e-07	1.73303270767161e-05
"ENSG00000249119"	102.50785215048	-0.591099698709143	0.000421809008219678	0.00246679657256626
"ENSG00000124942"	4989.23692317811	-0.591527422574103	3.23656188353334e-05	0.000401375646262675
"ENSG00000223804"	72.7678521178885	-0.591861319729681	9.51635461514751e-07	5.04015421509336e-05
"ENSG00000227544"	158.915174653399	-0.591994645635035	3.8157550927285e-05	0.000446503007553608
"ENSG00000162391"	81.6664095657491	-0.592479947233222	8.43287202339775e-05	0.000771690729073607
"ENSG00000264707"	40.5435567818716	-0.593119904272522	6.45597712896243e-05	0.000636407976660466
"ENSG00000279419"	146.858242365742	-0.593576732205555	8.96727426433215e-05	0.000806867181975689
"ENSG00000112851"	2234.64400146448	-0.59359368898083	1.24042107736119e-06	5.87270262123252e-05
"ENSG00000236754"	189.962398536884	-0.593640593502712	2.94097441084926e-05	0.000376659170639496
"ENSG00000103241"	125.061557731745	-0.59364831222761	0.000277887522248084	0.0018139089573213
"ENSG00000155926"	150.252702306264	-0.593794596238768	7.43435534803021e-05	0.000707003086219027
"ENSG00000179144"	159.700622452083	-0.594954917599136	0.000439261438313332	0.00254322997682222
"ENSG00000056736"	540.700762829043	-0.595078811801021	6.87945692694233e-06	0.000160021746058728
"ENSG00000133561"	163.268752856952	-0.595298614165249	0.000157662874443811	0.00120615602568948
"ENSG00000154945"	1591.54188941138	-0.595331755186606	5.60869679230107e-08	1.04588810968844e-05
"ENSG00000197540"	28.4569180515183	-0.595427161075482	8.19596695748853e-05	0.000756411367903326
"ENSG00000253829"	100.927483732181	-0.595891104331088	0.00117347251377989	0.00530798473227138
"ENSG00000182902"	2360.12853397705	-0.596801660192261	7.22860397229866e-07	4.26116301969784e-05
"ENSG00000248527"	21960.3731244791	-0.597079786534648	1.44514437589212e-05	0.000242922559982725
"ENSG00000004799"	1012.39788992552	-0.597558626392598	0.00229973015572191	0.00877721844133953
"ENSG00000205929"	33.3416800603885	-0.598055624861265	0.00105721924445467	0.0049210153744722
"ENSG00000272219"	30.2447469047929	-0.598377843586017	0.000639102615759497	0.00334780076843221
"ENSG00000018408"	335.014956471984	-0.599007029638058	6.89103165183899e-06	0.000160074666427941
"ENSG00000197245"	107.154819019731	-0.599232122215283	0.00156284422406475	0.00656127747044552
"ENSG00000241772"	35.1226492682354	-0.59926223272938	0.00134604665417006	0.00586272800056406
"ENSG00000272381"	38.9225306683018	-0.599720419078818	0.000337319834590773	0.00209235542803999
"ENSG00000038427"	612.3245391995	-0.599744524581572	1.23305433757756e-05	0.000221963983762177
"ENSG00000103089"	579.784499135691	-0.600102055424212	3.50066935364525e-06	0.000104874833593886
"ENSG00000272568"	138.486590071753	-0.600953978351178	0.00021952612642328	0.0015385599406042
"ENSG00000128274"	245.810227895023	-0.601024829254626	0.00156020024416103	0.00655977694253634
"ENSG00000163565"	287.079008859964	-0.601498269123317	0.000364982857282517	0.00221994696904734
"ENSG00000171316"	957.853615667895	-0.601512021279375	6.68005261468887e-07	4.06302988186005e-05
"ENSG00000213445"	640.22714245489	-0.60174289128095	1.55420710432991e-05	0.000255029236290093
"ENSG00000261535"	31.1660746140858	-0.601823586080403	4.64649172571484e-05	0.000510728365739014
"ENSG00000234664"	44.0182770469712	-0.601998052535221	0.000306396541314108	0.00195183393129863
"ENSG00000152292"	47.9028717986741	-0.602061654386115	5.75549290641427e-06	0.00014378708185502
"ENSG00000224822"	126.771876702872	-0.602397557032426	0.00240567023579685	0.00906299010040954
"ENSG00000148826"	744.970944790065	-0.602915613030398	4.91471938618356e-05	0.000528731654964861
"ENSG00000016391"	991.321484873632	-0.60309041852885	8.19890332505469e-06	0.000176630441719858
"ENSG00000225177"	170.334094180145	-0.603493904273778	4.30116898646348e-05	0.000484289296607564
"ENSG00000165424"	2938.09397208439	-0.60396591450961	5.6254012598581e-06	0.000141930559026884
"ENSG00000198121"	1886.64020660359	-0.604569394434627	0.000360847054237804	0.0021994547962448
"ENSG00000101096"	101.441079202474	-0.604912632586782	4.26234955947048e-05	0.000481416161201872
"ENSG00000271811"	85.1443851924778	-0.605052428054756	0.00114416237949896	0.00520742121584231
"ENSG00000163132"	267.981533785263	-0.60565056096367	7.24069051841773e-05	0.000693181345347744
"ENSG00000105122"	84.637377192435	-0.605951220146323	0.000239558317420335	0.00162920478773458
"ENSG00000163898"	57.3806094059301	-0.606456520671839	9.98540834237884e-06	0.000198017089628303
"ENSG00000203952"	33.7123977273861	-0.606665210600001	5.89241786695342e-06	0.00014635813671554
"ENSG00000169871"	1497.31310388783	-0.606837372891067	3.77359533780584e-05	0.000443984255294955
"ENSG00000235423"	44.522059954121	-0.606922135415578	1.08843297178369e-07	1.6434383108169e-05
"ENSG00000196912"	646.48606942071	-0.607942783048374	0.000571818991612601	0.00308452532203939
"ENSG00000279118"	757.820632358728	-0.608234341191544	4.42567665388469e-05	0.000492750143876566
"ENSG00000239455"	100.981965692038	-0.609346709535352	4.55101336636742e-05	0.000503772302734936
"ENSG00000178175"	89.3561688675863	-0.610275910967029	1.40581523574512e-05	0.000237846665752875
"ENSG00000177710"	45.4319128388518	-0.612672882198867	0.000106463987597948	0.000910817404832742
"ENSG00000134802"	64.4255696647373	-0.613116307389604	1.61218662048919e-05	0.000259618513288279
"ENSG00000162889"	866.692690795474	-0.613282159294569	1.88866650616324e-06	7.4053796288355e-05
"ENSG00000168309"	36933.1087635722	-0.61399033507115	2.27467232304895e-05	0.000319633591073776
"ENSG00000201289"	35.3166587197703	-0.614208145267948	0.001378520541282	0.00597544046262582
"ENSG00000198604"	377.583437150503	-0.614282586883429	1.56903548272782e-05	0.000256280281131341
"ENSG00000170370"	1255.03002158869	-0.614796422427638	6.51560924261009e-06	0.000155141340749466
"ENSG00000141524"	737.843281934902	-0.614837626684205	3.70633037263182e-07	3.02433000493043e-05
"ENSG00000143127"	253.072787208454	-0.615954194029992	1.4468848809489e-06	6.36888786314484e-05
"ENSG00000148848"	69.0505825862651	-0.616436100469926	1.35984043076897e-05	0.000234163697538546
"ENSG00000237654"	88.5230282131074	-0.616840683866005	0.00103816914855123	0.00484939092374825
"ENSG00000166535"	206.732308722264	-0.617046744793468	1.0696090137332e-06	5.43102653492319e-05
"ENSG00000131080"	28.1303575025244	-0.617078902741738	0.00062514482391002	0.00328769259210607
"ENSG00000117115"	2599.18815721943	-0.618525820945183	1.5587222944119e-09	1.07321147414848e-06
"ENSG00000240429"	51.9568395132171	-0.619087195342205	1.146342535395e-05	0.000213915460696798
"ENSG00000274184"	37.8261239523964	-0.619116039540589	0.000440899676114978	0.00254842381630863
"ENSG00000256540"	114.80090893859	-0.619166552135865	0.000565346658665206	0.00306016101748559
"ENSG00000130948"	42.2008605133362	-0.619186446703111	1.81759807384946e-05	0.000277607059850671
"ENSG00000244723"	53.8526484829284	-0.619502036691055	2.10790691142084e-05	0.00030587443973873
"ENSG00000142173"	474.390804513549	-0.620008778364912	3.41786131060352e-07	2.95636415775971e-05
"ENSG00000139629"	179.949480265087	-0.620234135000862	4.62682872840991e-05	0.000508892031323449
"ENSG00000280660"	252.17892266532	-0.622112151466226	1.61397801954645e-05	0.000259639286452832
"ENSG00000239247"	91.8632827298081	-0.622568692975538	0.000670520667514282	0.00346805055586639
"ENSG00000149489"	577.478725113314	-0.623293888298724	1.6765092682967e-05	0.000264334467386079
"ENSG00000202502"	34.0556408642868	-0.624505725307844	0.000226955257336754	0.00157143235902556
"ENSG00000280152"	126.879298544698	-0.626569315644532	1.67537059442966e-05	0.000264334467386079
"ENSG00000280206"	33.4002577793397	-0.626670660870951	4.13107996109249e-06	0.000116380162635491
"ENSG00000100060"	96.4093184509689	-0.626867188646252	9.08853645487263e-05	0.000814172694220813
"ENSG00000211459"	405402.488759715	-0.626935829415793	0.00230284423231108	0.00878158917461503
"ENSG00000188404"	42.0519616184503	-0.62815492747955	0.000912736449201486	0.0044091262973855
"ENSG00000124440"	2688.06693667932	-0.629984576976911	0.000609354569246513	0.00322038956644353
"ENSG00000178602"	77.3471878228706	-0.630847151790587	0.000470442007422985	0.00268937837056521
"ENSG00000175785"	112.158757406224	-0.630854851690912	1.03586472734429e-05	0.00020261749490656
"ENSG00000221643"	77.5466139851414	-0.631375238766357	0.00158082861762872	0.00661258882022921
"ENSG00000161798"	28.102851665704	-0.631471566198289	7.36637656259086e-06	0.000165648094623144
"ENSG00000132613"	1775.38216023905	-0.631702791563705	1.72926950017172e-07	2.01121053421999e-05
"ENSG00000081479"	247.765082651402	-0.631863832799546	1.14889601412152e-05	0.000213915460696798
"ENSG00000235613"	169.891972434412	-0.632104701196745	0.00258447760795991	0.00957318981403357
"ENSG00000213654"	154.762082526059	-0.632172431969732	9.69617935991597e-05	0.000848485597986822
"ENSG00000169715"	3610.73782235544	-0.632387128573394	0.000154683170074385	0.0011918359026367
"ENSG00000269028"	367.100369329387	-0.632696762370658	0.000196873872231797	0.00141553465443857
"ENSG00000213144"	52.0423643646765	-0.632710720194361	6.36514644838649e-07	3.96968354406075e-05
"ENSG00000147113"	345.204903342845	-0.632753969988255	7.31576711678786e-07	4.29782591744947e-05
"ENSG00000253372"	41.361420780484	-0.63332832003275	0.00166214993941175	0.00686829620242023
"ENSG00000269836"	38.8395703550681	-0.633636560837495	0.000203608647108571	0.00145122800939123
"ENSG00000082781"	755.606601799773	-0.634327234091739	1.27743848700229e-07	1.73303270767161e-05
"ENSG00000161638"	209.84554644972	-0.634554016152819	0.000152445680091841	0.00118110457740843
"ENSG00000264895"	159.643588279916	-0.63499080221025	0.000916503674182017	0.00442146237211184
"ENSG00000176387"	110.201637455879	-0.635154277435823	0.000151812711478956	0.00117868840897035
"ENSG00000283045"	35.598749703638	-0.635253960153536	0.00203106039591595	0.00798917792388053
"ENSG00000133392"	271.778452919814	-0.635254899959837	0.000133432349720193	0.00106826559801566
"ENSG00000140682"	103.935492078323	-0.635426232327135	9.08487805340691e-06	0.000187503604236563
"ENSG00000071054"	7680.71374030497	-0.636033428452355	1.00964451046686e-06	5.24914566211091e-05
"ENSG00000188039"	682.903472199909	-0.636351564730058	5.09755502745456e-05	0.000541162841253622
"ENSG00000167895"	147.806707435677	-0.636437818298234	9.30686330433904e-06	0.000190260140210912
"ENSG00000224415"	114.674381027038	-0.636519632386189	0.000246203709437242	0.00165997040757667
"ENSG00000228253"	11271.6253545147	-0.637584638740747	1.06637019962671e-05	0.000205778365988505
"ENSG00000279476"	40.067813725199	-0.637834030706509	0.000754056839054984	0.00381191787684389
"ENSG00000127946"	1313.34802901824	-0.637944903110529	1.22278450284858e-08	3.69259467500573e-06
"ENSG00000000938"	252.336657558946	-0.639424663999739	1.48553027214405e-05	0.000247253722085609
"ENSG00000238266"	34.967117514444	-0.63969103944538	0.000373201042669009	0.0022469078515081
"ENSG00000196411"	146.818747211897	-0.640050962874479	1.61367809860883e-06	6.69307014731418e-05
"ENSG00000251562"	201992.706803769	-0.640363523260101	0.000101572349515636	0.000877693198901926
"ENSG00000168743"	58.0058543531661	-0.640624631541836	4.15312448744057e-06	0.000116528433408725
"ENSG00000167553"	42.6870690534777	-0.640679182412636	3.41994148453171e-05	0.000416024401224342
"ENSG00000183196"	443.213965168537	-0.641175395811316	0.000277368100881168	0.00181326894054977
"ENSG00000184481"	1735.51050159917	-0.641358962080332	2.00989595005725e-07	2.17587037662487e-05
"ENSG00000100906"	1263.17489174951	-0.643905825279717	3.40254115912744e-08	7.60622610026761e-06
"ENSG00000131634"	289.244286347579	-0.643952090337169	4.71928206871312e-06	0.000125942639145363
"ENSG00000198899"	444950.445272026	-0.644175110151096	8.64379333692709e-05	0.000784734254791804
"ENSG00000125347"	234.431927334118	-0.644386593183947	0.00101802448571385	0.00478777471928758
"ENSG00000249779"	77.0897719444989	-0.644569380536084	6.87348804601745e-05	0.000666929818129078
"ENSG00000173421"	47.6042570581784	-0.644658173983186	0.00034661240045699	0.00213920374652785
"ENSG00000125148"	8182.19855396794	-0.645074295691936	0.000296742080339296	0.00190661494172464
"ENSG00000279500"	43.1075268225157	-0.645413717038491	0.000119855042276405	0.000988531309393272
"ENSG00000115112"	55.4398167456271	-0.645592095716092	0.00178807258929472	0.00725092808278932
"ENSG00000237973"	3821.42940451788	-0.647540952652324	4.24511105016813e-05	0.000480730898069368
"ENSG00000006831"	1697.53421335319	-0.647690299732642	4.11374071793618e-10	4.16528346928444e-07
"ENSG00000096060"	1163.5290632197	-0.647847151900868	1.64452838418916e-05	0.000261892121313475
"ENSG00000198712"	630322.331434518	-0.647918777796825	5.39865718979372e-05	0.000562853338630644
"ENSG00000243175"	104.384381321749	-0.651316129677498	0.000140224326040726	0.00111008828720934
"ENSG00000163884"	814.912738921186	-0.652075138352886	2.03504443542375e-06	7.81652548462726e-05
"ENSG00000254936"	49.0895615505157	-0.652468583994676	0.000779054401210293	0.00390726239489094
"ENSG00000137269"	184.190487746438	-0.652824094710579	3.20553662240868e-09	1.50744136936692e-06
"ENSG00000130052"	283.906012135572	-0.653759255867461	7.9888877428676e-06	0.000173574573883767
"ENSG00000213398"	314.721256278289	-0.654111045443835	1.28490511157016e-08	3.7486562178741e-06
"ENSG00000070731"	38.2028114832133	-0.654403828879097	2.26322576853563e-09	1.49834250591553e-06
"ENSG00000177374"	254.77937834571	-0.655185309154386	0.000166774691380024	0.00125663722186843
"ENSG00000185499"	62.8239493138664	-0.656264450786136	0.00015957607378809	0.00121682338634759
"ENSG00000132357"	46.2986687305321	-0.656588063380802	8.74479431139812e-06	0.000184147773521521
"ENSG00000012124"	573.01693726893	-0.6573095235349	5.63995249952878e-06	0.000141930559026884
"ENSG00000172987"	351.471558251245	-0.657699748000258	2.21159228384989e-05	0.000313576095402868
"ENSG00000200164"	42.5823018754271	-0.657749108851644	0.00127563205575611	0.00564024006568967
"ENSG00000275620"	348.395377914715	-0.657882155184316	6.24824565392607e-05	0.00062240192384855
"ENSG00000148498"	595.306204712056	-0.65790340671843	3.80802055586323e-06	0.000111097386149278
"ENSG00000260816"	92.9627247434271	-0.658204919987316	1.64389092663728e-05	0.000261892121313475
"ENSG00000276261"	39.9728648694445	-0.658247586093674	0.000600176240940869	0.00319247022104919
"ENSG00000168404"	160.454643995884	-0.659008890291869	0.000422048213920156	0.00246679657256626
"ENSG00000179967"	41.1038337031151	-0.660994881483685	2.57699175115345e-05	0.000345734676637602
"ENSG00000064393"	10791.9584773639	-0.662033221394152	2.15877185629487e-05	0.00030965783302003
"ENSG00000254960"	108.462448711635	-0.66214952170464	0.000714712547062509	0.00364838288036387
"ENSG00000224192"	30.7806829470403	-0.662759581393962	0.00155090693096507	0.0065334706320856
"ENSG00000280650"	169.927904865738	-0.663113741130675	0.00115077662564205	0.00523199103464781
"ENSG00000199562"	105.566624665517	-0.663838881295888	0.00120792932068209	0.00541319640637874
"ENSG00000158715"	167.645962515376	-0.664238063582471	3.83082965798949e-07	3.02433000493043e-05
"ENSG00000279283"	153.535355633047	-0.66439122595444	1.21689313476955e-06	5.85218383974906e-05
"ENSG00000277494"	276.904811561017	-0.664395468436396	6.2651547787892e-05	0.000623725327977435
"ENSG00000224383"	64.4741482080094	-0.664717351635383	4.70454000946785e-06	0.000125744172644363
"ENSG00000226017"	36.883618222243	-0.665539625525645	0.000357747958298749	0.00218598353077613
"ENSG00000119630"	120.075289337724	-0.666011261354454	6.44409797397131e-05	0.000636022124002111
"ENSG00000157322"	26.8442867756626	-0.666369229714553	4.19544037205623e-05	0.000476674027222468
"ENSG00000184730"	57.0878603676383	-0.667523457472926	1.43101732834553e-05	0.000241254664767989
"ENSG00000198886"	949037.490122791	-0.667703685060085	6.46553091673425e-05	0.000636562672492301
"ENSG00000047617"	69.3447117000625	-0.668121494913163	1.91997710240968e-06	7.49400586480224e-05
"ENSG00000212907"	47448.5095998724	-0.669265087452183	5.00254157808905e-05	0.000535502165321186
"ENSG00000103710"	190.127364857215	-0.669326767418367	7.11398579140879e-05	0.000684095181159327
"ENSG00000228061"	36.3057971966496	-0.669586572239015	0.00108560312545165	0.00501516011765949
"ENSG00000188763"	170.155376523964	-0.671085245896996	4.36789999021837e-07	3.29613197180732e-05
"ENSG00000198763"	551792.675701327	-0.671452303412034	0.00162637118856214	0.00675385458835226
"ENSG00000162367"	134.017330423963	-0.672528147649834	9.88645881728904e-06	0.00019650763928637
"ENSG00000166592"	63.3767320101251	-0.672949635299766	0.000558443886284082	0.00303042074861535
"ENSG00000253475"	45.1579841108266	-0.673777188130247	0.00097633068601895	0.00465200416936121
"ENSG00000118515"	1130.41827385823	-0.674644943526325	2.40271163298912e-10	3.2207593418979e-07
"ENSG00000224924"	334.248746163193	-0.674700041963702	8.15864287629617e-08	1.35033384451621e-05
"ENSG00000165959"	931.197314337623	-0.675839493746461	1.64016072800742e-08	4.41126353299871e-06
"ENSG00000120729"	52.6267504108622	-0.676286786988642	1.22984006734016e-09	9.62238049051187e-07
"ENSG00000261710"	49.2767571567873	-0.678628161169489	7.32448312207319e-05	0.000699646659157857
"ENSG00000247982"	61.5320742399468	-0.679328691650306	2.90483043327834e-08	6.57905871684475e-06
"ENSG00000065361"	978.549490581173	-0.679520784555742	1.67464118765783e-08	4.43470750202374e-06
"ENSG00000114993"	1040.07548562363	-0.679658656635696	5.07281521920683e-09	1.96261590025501e-06
"ENSG00000143412"	239.435343282271	-0.680247281207154	2.36212874948762e-07	2.44935675692351e-05
"ENSG00000087245"	56.3640162709677	-0.680808671226359	1.4867112203486e-05	0.000247253722085609
"ENSG00000168918"	492.432926826236	-0.680908969849294	4.37571404066715e-08	8.96656735500043e-06
"ENSG00000197406"	32.3578962286156	-0.681516545084068	2.63939359613149e-07	2.55235291967479e-05
"ENSG00000183888"	119.890995017561	-0.681646138255648	8.93519867165462e-06	0.000186426151194171
"ENSG00000105137"	216.066716615085	-0.682376551046806	2.01797862019731e-06	7.77079776050477e-05
"ENSG00000100365"	52.1344135927161	-0.683806579499941	0.000517892463027059	0.00286639323668321
"ENSG00000135111"	171.719809762234	-0.683808801830915	1.61185976830094e-05	0.000259618513288279
"ENSG00000184113"	3680.12636162505	-0.684588260945349	2.1787371297288e-05	0.000310785072670674
"ENSG00000250602"	37.2018498221863	-0.686272997649138	1.23756140632417e-06	5.87270262123252e-05
"ENSG00000243193"	104.963688661721	-0.686427333463916	0.000235147140832067	0.00161001898772568
"ENSG00000279462"	42.0533588475885	-0.686438406207117	0.000511920246490486	0.0028470705017256
"ENSG00000125878"	33.3077164999738	-0.687388376378609	6.79501614609199e-06	0.000159145682865294
"ENSG00000100024"	33.2705844419602	-0.688076970688689	9.31127493115631e-07	4.99298988753874e-05
"ENSG00000263435"	60.7022717885763	-0.688160100340148	0.000638055078382674	0.0033453676710938
"ENSG00000181722"	868.896657875778	-0.688273122394712	1.09647152865601e-05	0.000208547673179623
"ENSG00000238741"	94.2705864057218	-0.689178671472879	7.52341391863864e-05	0.000712668198361549
"ENSG00000102755"	1687.12481523242	-0.689455090589116	1.2387691579809e-06	5.87270262123252e-05
"ENSG00000262445"	48.5324598541424	-0.689920217482287	3.99049347245827e-06	0.000114863485186328
"ENSG00000280109"	33.9723272490241	-0.692716041546093	0.00223688390921786	0.00859344393456259
"ENSG00000135678"	576.418469997051	-0.695319500771282	2.01531888382165e-05	0.00029800681491559
"ENSG00000282160"	47.1606380703456	-0.698897029479906	3.53769696559967e-05	0.00042524006891667
"ENSG00000079308"	2108.87377159746	-0.699047451523825	6.06550546200291e-09	2.08811091034912e-06
"ENSG00000267107"	128.483023383855	-0.699157449901202	0.000551203429120161	0.00299774553726551
"ENSG00000180229"	1987.60399105995	-0.700375621681543	0.00165871799384636	0.00686499466892939
"ENSG00000162618"	179.338341480465	-0.701066767924698	1.17011677482211e-05	0.000215183974839882
"ENSG00000147459"	816.806802464502	-0.701627740792243	1.29338554794009e-09	9.67958497247515e-07
"ENSG00000244062"	32.058174067325	-0.701710112241751	7.1066407537162e-05	0.000684095181159327
"ENSG00000198888"	639217.293576119	-0.702346141996894	9.42918346010068e-05	0.000832758003584982
"ENSG00000229321"	31.4382145998824	-0.704171739961952	2.44082662467665e-05	0.000334772499526367
"ENSG00000188511"	43.42804836892	-0.705805389496468	4.51297120259706e-05	0.000500526889885974
"ENSG00000165175"	2349.0031477924	-0.706712798860021	9.20140814735468e-11	2.23669951571424e-07
"ENSG00000226499"	46.0036459971017	-0.708011781635988	0.000524357375084065	0.00289111353365812
"ENSG00000279406"	32.855353084892	-0.70813300374939	2.83135368890995e-05	0.000367542164760234
"ENSG00000105329"	403.164086464685	-0.708892567886268	2.81423079124508e-07	2.64706855790719e-05
"ENSG00000227248"	48.055451559194	-0.709083894305816	0.00110767658397605	0.00509117143924691
"ENSG00000105877"	41.3681413587312	-0.709236486463534	0.000330488974898712	0.00206112562497519
"ENSG00000199627"	65.2938515920352	-0.70948306241101	0.000156209719570267	0.00119823435960918
"ENSG00000187513"	166.491217752877	-0.711731563364828	0.000229251734171878	0.001582866313057
"ENSG00000205696"	39.6897520770722	-0.712405891102249	6.67169488734913e-05	0.00065212881371914
"ENSG00000198727"	465389.080387218	-0.712966382373314	2.70993346336538e-05	0.000357180430445236
"ENSG00000071991"	129.102641083133	-0.714135186668541	8.00934772489426e-07	4.56614565334712e-05
"ENSG00000205500"	49.9619137327318	-0.718220236592654	0.00017459576651722	0.00129922265763691
"ENSG00000186439"	54.6846092578585	-0.720656947913347	7.14752901096531e-06	0.000163540298151097
"ENSG00000168994"	411.391094333136	-0.722657367080364	3.85755829058654e-06	0.00011216241698626
"ENSG00000261371"	1046.67565400077	-0.722940791700042	8.60653595369947e-07	4.76348242350576e-05
"ENSG00000105655"	780.867765011783	-0.723221433429206	2.87402110423592e-09	1.50744136936692e-06
"ENSG00000164949"	156.489274211547	-0.724944027759313	0.000140081040102401	0.00111008828720934
"ENSG00000068001"	413.766965267481	-0.725454665099649	2.44362601187726e-07	2.49052235262844e-05
"ENSG00000280485"	62.5984712680234	-0.725746251138803	3.03346245368297e-05	0.000385635075444941
"ENSG00000223525"	34.3351958470775	-0.726287323331768	0.000567918866195127	0.00306925822411828
"ENSG00000279700"	85.3175547951874	-0.726686814181102	6.16979518624227e-06	0.000150639268852182
"ENSG00000140931"	157.927193156901	-0.727051994784518	4.67954531455782e-09	1.93776792834203e-06
"ENSG00000197256"	796.244206938037	-0.727120969475538	1.16948211476373e-10	2.23669951571424e-07
"ENSG00000226533"	68.5397415801096	-0.728894126672197	0.000999491767016172	0.00472712398940564
"ENSG00000269958"	283.330441687813	-0.729212577916794	8.22647966408322e-10	6.74297116466021e-07
"ENSG00000258010"	197.169270885473	-0.730981589760779	1.80388656529481e-06	7.19336875748364e-05
"ENSG00000266995"	35.4764400083186	-0.730989835854965	0.000125755913640101	0.00102201914140088
"ENSG00000248714"	28.3509753840224	-0.73104288961486	3.62726230630357e-08	7.90329950359535e-06
"ENSG00000003989"	480.695620632317	-0.73258397287123	8.98139717816147e-05	0.000807293940614587
"ENSG00000196739"	611.864803556519	-0.736489552131069	4.04042373686686e-08	8.58614984971472e-06
"ENSG00000128917"	314.782707670054	-0.737489607167517	5.56146858816299e-07	3.76888026803345e-05
"ENSG00000149922"	73.579644883142	-0.738454542539325	1.57878647525198e-06	6.6614339562981e-05
"ENSG00000276043"	92.1488796935844	-0.738602104745687	6.18236949567531e-06	0.000150732473270622
"ENSG00000251429"	182.747522375875	-0.740162825725093	1.6017800001078e-06	6.69307014731418e-05
"ENSG00000187951"	28.2798471265786	-0.74081678164007	1.8449819435166e-08	4.73995137220168e-06
"ENSG00000065809"	873.010060152193	-0.740988306188565	2.55488287041558e-09	1.50744136936692e-06
"ENSG00000164850"	472.982514981953	-0.741819779004245	9.3083043200507e-08	1.46994350698195e-05
"ENSG00000225972"	96.2725502865896	-0.742849379550576	4.06229572527701e-06	0.000115801018461018
"ENSG00000198804"	1252434.83820016	-0.743550832519579	1.28088444102843e-05	0.000225885303428629
"ENSG00000233559"	92.3562927800734	-0.744027731983291	3.06752832300089e-05	0.000387675220439166
"ENSG00000143552"	71.3261019636867	-0.744175291404328	0.000353433895582622	0.00217040943441444
"ENSG00000271461"	99.4475857583306	-0.744898506196525	0.00209001912678664	0.00817083549483196
"ENSG00000121966"	88.3222888873996	-0.745650335073985	0.00011041422147883	0.000937622098823432
"ENSG00000279289"	60.6919661172651	-0.746194449086109	8.83083480850995e-05	0.000799185907249641
"ENSG00000260549"	155.189752157529	-0.746324945289188	0.000241276555644837	0.00163556502233268
"ENSG00000148841"	107.304099858495	-0.747276012080244	2.4896406891193e-07	2.49512388745954e-05
"ENSG00000198695"	70361.1752833326	-0.747552205591768	0.000321546859395865	0.00201915204250473
"ENSG00000252757"	76.7910992823565	-0.751019934707413	7.4643784783463e-05	0.000708489646160642
"ENSG00000105281"	70.2762717913424	-0.75193391684824	5.73143968189468e-05	0.000587583509496445
"ENSG00000256030"	32.838538440949	-0.752766976727425	0.00152369144105722	0.00644437736140533
"ENSG00000250461"	204.687714458856	-0.752840753993684	0.000223371770960879	0.00155537956858803
"ENSG00000261056"	31.933928313655	-0.753076243442636	0.00021986385698033	0.00153938561042452
"ENSG00000135736"	64.1784884886001	-0.753116649386494	8.09646549024199e-06	0.00017530120815539
"ENSG00000274883"	50.1674543296995	-0.754089861436161	0.000188222792915593	0.00137283005697292
"ENSG00000198959"	1645.0161894103	-0.754747390321302	1.57828540184346e-05	0.000256546729174729
"ENSG00000160801"	980.705955648025	-0.756174055438106	3.09845164482803e-07	2.7777941751263e-05
"ENSG00000136205"	2913.93533388841	-0.757186102009676	4.10746703749269e-08	8.59837819372637e-06
"ENSG00000158865"	318.706353788314	-0.757605863155479	2.90199889677867e-05	0.000373177382008198
"ENSG00000179593"	57.100826435228	-0.758166305400713	1.17367241500556e-05	0.000215388478941199
"ENSG00000226766"	90.5619787146737	-0.759460031335895	0.000216644025135315	0.00152325856447742
"ENSG00000131095"	148176.656415548	-0.761789884274656	4.21513095982589e-05	0.000478595311421392
"ENSG00000261269"	108.25080795535	-0.764926921220308	9.47058984977493e-07	5.03139700877086e-05
"ENSG00000207003"	56.5050291681755	-0.766866331276686	5.15943966199903e-05	0.000546812411248757
"ENSG00000105643"	945.380816314899	-0.76894592494982	3.60601832948125e-10	3.97436219375265e-07
"ENSG00000126803"	2045.0042812547	-0.769120344891609	2.66362998320485e-11	9.16981258018102e-08
"ENSG00000256577"	38.8651924768689	-0.769204551405843	6.76813355481754e-07	4.10210855208008e-05
"ENSG00000280222"	118.135022195127	-0.771282436788397	1.19951633320017e-05	0.000217798255731799
"ENSG00000177234"	59.8005968339979	-0.771694923343974	3.57008206584368e-06	0.000106475133529101
"ENSG00000251442"	216.519343883891	-0.772135398143359	0.000101406101519308	0.000876936514862595
"ENSG00000166825"	94.1863216604417	-0.77412630762728	1.11251602037849e-06	5.56678437755084e-05
"ENSG00000261195"	60.7699896794612	-0.775106771879863	9.13929832318523e-06	0.000188137582760115
"ENSG00000142227"	272.446855512057	-0.775809560294395	2.42748295083355e-07	2.49052235262844e-05
"ENSG00000224282"	55.3095488303246	-0.776611197818524	0.000168460842778812	0.00126569903393788
"ENSG00000235481"	39.2037604852124	-0.777341736503208	6.01002787870168e-05	0.000606537796745522
"ENSG00000275830"	46.438406219457	-0.777524935774181	0.000512354277122187	0.00284764422735041
"ENSG00000159176"	11748.3376514154	-0.778357704731046	1.94123808840707e-11	8.35363280393772e-08
"ENSG00000111087"	85.5477084300744	-0.779556648451146	5.3894556050995e-07	3.72565057552521e-05
"ENSG00000183055"	71.8482339326195	-0.780792038032222	0.000223357186778869	0.00155537956858803
"ENSG00000185022"	458.183112356816	-0.780933951020663	4.66671058424121e-05	0.000512296487796836
"ENSG00000137507"	593.915162664052	-0.783574178363982	2.53351240657415e-06	9.01019608561176e-05
"ENSG00000184414"	40.5558515345545	-0.783704799026435	4.47078674866084e-05	0.00049680860106326
"ENSG00000074219"	82.2597582959749	-0.785434427723701	3.22688522876457e-06	0.000100822933903302
"ENSG00000131097"	167.208427856476	-0.790167601287718	1.30602688274906e-05	0.000228746349613619
"ENSG00000188783"	930.385521356631	-0.791412286155089	2.19609338006076e-10	3.2207593418979e-07
"ENSG00000105227"	429.7622506786	-0.796324674879696	1.71937765226896e-08	4.48418901947054e-06
"ENSG00000180525"	296.202567109202	-0.796939519092306	5.77527032863299e-07	3.86808280804512e-05
"ENSG00000282100"	66.9948515174641	-0.800214344375211	0.000108766458643842	0.000925455784793109
"ENSG00000256235"	258.759981415121	-0.801961571777232	1.15497540670017e-10	2.23669951571424e-07
"ENSG00000143772"	6155.42789538241	-0.806144326378179	1.18559093564787e-08	3.64421013844764e-06
"ENSG00000262833"	30.4029316319336	-0.807591734191429	0.000115449614523015	0.000965602359762708
"ENSG00000168874"	457.763122950512	-0.812947841624264	1.1046451910389e-05	0.000209105826694968
"ENSG00000200170"	56.5524932591883	-0.814496059552227	0.000102244485552973	0.000882172596402668
"ENSG00000198786"	321557.913602086	-0.815440360388752	0.00012184925996299	0.00100018660550451
"ENSG00000271204"	83.2783531233457	-0.821123330424597	0.000226255315385327	0.00156847875301153
"ENSG00000166682"	405.443605366645	-0.821773978689239	1.03257227265842e-07	1.57464815700197e-05
"ENSG00000020633"	46.0643082730297	-0.823116358698195	9.56600919993383e-06	0.000193489678447075
"ENSG00000016602"	73.642169278319	-0.829080411596866	5.65729925690829e-08	1.04588810968844e-05
"ENSG00000221083"	36.7752046341423	-0.832495001624566	0.000514479478234681	0.00285484695643248
"ENSG00000175287"	613.256300197639	-0.836257508670723	1.09678262866153e-06	5.52015186758797e-05
"ENSG00000210196"	7902.71529422983	-0.838112818335516	0.000213324778427261	0.00150490139797887
"ENSG00000225683"	83.6670531697201	-0.838589766058028	7.10068266928586e-07	4.20013920228239e-05
"ENSG00000282024"	34.5229446909322	-0.840061164978911	5.17091950912093e-06	0.000135474942938354
"ENSG00000177464"	309.639643819557	-0.840483084997688	2.19058065291708e-05	0.000311864128942855
"ENSG00000086159"	50.0566134189171	-0.84516465553725	6.63779969952332e-07	4.06302988186005e-05
"ENSG00000091879"	325.972287756026	-0.846217981410052	0.00088068641534614	0.0042883324660122
"ENSG00000101276"	253.477974219418	-0.85068839418616	2.17418440688005e-05	0.000310785072670674
"ENSG00000230728"	43.9273721975028	-0.851559095502072	1.36080497072149e-05	0.000234163697538546
"ENSG00000168209"	488.413826538676	-0.852117435162902	1.65438743379969e-07	1.97756742347181e-05
"ENSG00000196517"	384.685836134812	-0.856272619817979	7.98458195405963e-15	1.01674843312491e-10
"ENSG00000183943"	509.766196145653	-0.863399736286144	2.38469650669446e-10	3.2207593418979e-07
"ENSG00000260788"	75.2891752513445	-0.863942911746457	2.44303739518247e-05	0.000334808938561113
"ENSG00000011426"	908.704547973184	-0.872597282117047	4.72818526638966e-09	1.93776792834203e-06
"ENSG00000183615"	45.5762944614148	-0.87896859198445	2.84186824392462e-05	0.000368351491586405
"ENSG00000145358"	160.362852208025	-0.881383982163838	2.4262669726331e-06	8.77380953780118e-05
"ENSG00000171388"	542.454401582903	-0.883162101232713	5.24489231463024e-09	1.96261590025501e-06
"ENSG00000245532"	13545.6656057922	-0.890596784706087	5.5548126229266e-07	3.76888026803345e-05
"ENSG00000232300"	30.9505155758715	-0.892577010640255	2.32855842554021e-05	0.000323498597084936
"ENSG00000183963"	994.071069578342	-0.896369766214723	7.87090440850188e-10	6.74297116466021e-07
"ENSG00000102362"	330.079635345958	-0.897015033533869	1.91940849928045e-05	0.000287794237788453
"ENSG00000145832"	229.799201499491	-0.902117035557336	1.83234532053955e-11	8.35363280393772e-08
"ENSG00000130592"	50.9657983759045	-0.907551636931145	8.33095595040107e-07	4.65586833682642e-05
"ENSG00000154864"	175.395629302232	-0.911944771736239	1.02416076741816e-10	2.23669951571424e-07
"ENSG00000125733"	357.982712273261	-0.912469044053585	3.40435508043971e-09	1.5420832631476e-06
"ENSG00000198417"	1715.03115820356	-0.913198966669142	1.49197003888932e-05	0.00024741117802892
"ENSG00000111181"	983.933519963148	-0.914561603906452	2.61956839519959e-10	3.2207593418979e-07
"ENSG00000273319"	696.959985111599	-0.919184725660352	3.61197453635444e-06	0.000106826319062318
"ENSG00000173530"	112.366051976795	-0.922243077577805	2.46918219588079e-06	8.83618152550852e-05
"ENSG00000160862"	293.957120676878	-0.927865134085774	4.8389062548596e-06	0.000127944843878492
"ENSG00000042062"	302.42926517258	-0.928627302510206	2.50321672342035e-10	3.2207593418979e-07
"ENSG00000157833"	971.15491566408	-0.952276689946938	3.09856801721819e-09	1.50744136936692e-06
"ENSG00000161896"	64.5837291539018	-0.955609346188185	2.63402197553158e-08	6.21349775231892e-06
"ENSG00000158825"	64.7709114528071	-0.965102121124751	6.52218321370068e-06	0.000155141340749466
"ENSG00000088836"	147.41259293511	-1.03974852960244	3.69428891535714e-10	3.97436219375265e-07
"ENSG00000101187"	1058.6706938825	-1.08437698982408	5.70762865937005e-10	5.17081116388088e-07
"ENSG00000228058"	53.7877283309225	-1.10265300954308	6.96154442538632e-07	4.18818609406501e-05
"ENSG00000196169"	491.476663528358	-1.16211045115498	1.45405725645823e-09	1.04286198147565e-06
"ENSG00000010310"	84.7513353828849	-1.21862241083145	1.79968962888093e-07	2.03803010407418e-05
"ENSG00000196154"	53.8653579686934	-1.63942960449078	1.18137272192519e-14	1.01674843312491e-10
